model,horizon_days,season,n_days,coverage,mean_interval_score_celsius,mean_width_celsius
ar_harmonic_trend,7,DJF,59,1.0,2.0387994970788914,2.0387994970788914
ar_harmonic_trend,7,JJA,92,0.8695652173913043,4.480193252472975,2.038799497078891
ar_harmonic_trend,7,MAM,92,0.967391304347826,2.280651051691493,2.038799497078891
ar_harmonic_trend,30,DJF,59,1.0,3.3632947568513383,3.3632947568513383
ar_harmonic_trend,30,JJA,92,0.9347826086956522,4.180420139486509,3.3632947568513396
ar_harmonic_trend,30,MAM,92,1.0,3.3632947568513396,3.3632947568513396
persistence,1,DJF,59,1.0,0.6514948000000088,0.6514948000000088
persistence,1,JJA,92,0.9456521739130435,0.7917318839100698,0.6514948000000088
persistence,1,MAM,92,0.9456521739130435,0.8695875028415843,0.6514948000000088
persistence,7,DJF,59,1.0,2.089031600000005,2.089031600000005
persistence,7,JJA,92,0.8152173913043478,3.6008929189378636,2.089031600000005
persistence,7,MAM,92,0.9021739130434783,2.7670806747463006,2.089031600000005
persistence,30,DJF,59,1.0,3.646321,3.646321
persistence,30,JJA,92,0.9891304347826086,3.6488527041440206,3.646321
persistence,30,MAM,92,1.0,3.646321,3.646321
ridge_harmonic_trend,1,DJF,59,1.0,0.5287970215134976,0.5287970215134976
ridge_harmonic_trend,1,JJA,92,0.9347826086956522,0.6033531837383063,0.5287970215134976
ridge_harmonic_trend,1,MAM,92,0.9565217391304348,0.656075926501874,0.5287970215134976
