pass,horizon_days,model,n_days,analysis_forecast_mse,product_discrepancy_mse,interaction,external_mse,mean_error_squared,spatial_error_variance,max_absolute_identity_error
ascending,1,eof_ar_increments,215,0.04846075611650696,3.2890835711067052,0.053758543622247676,3.39130287084546,1.734156447524579,1.6571464233208808,1.176836406102666e-14
ascending,1,frozen_anomaly_projection,215,0.05927039848399901,3.2890835711067052,0.09015617187810772,3.438510141468812,1.7700316331564936,1.6684785083123186,3.552713678800501e-15
ascending,1,frozen_selected_projection,215,0.04937341652296672,3.2890835711067052,0.06805877556683719,3.406515763196509,1.7380372349603228,1.6684785282361865,8.326672684688674e-15
ascending,1,grid_anomaly_persistence,215,0.0536099549940764,3.2890835711067052,0.11170121740360664,3.4543947435043885,1.7897141512876205,1.6646805922167678,6.907668881339646e-15
ascending,1,grid_raw_persistence,215,0.06740102753870623,3.2890835711067052,0.3441734672161307,3.7006580658615422,2.032179543113799,1.668478522747743,1.0325074129013956e-14
ascending,7,eof_ar_increments,215,0.6080875647489126,3.2890835711067052,-0.004631997733768153,3.8925391381218497,2.052759082874038,1.839780055247812,3.552713678800501e-15
ascending,7,frozen_anomaly_projection,215,0.6338996328357711,3.2890835711067052,0.2257382985594367,4.148721502501913,2.2225911236570033,1.9261303788449098,7.105427357601002e-15
ascending,7,frozen_selected_projection,215,0.6583481094954775,3.2890835711067052,0.12251288955833992,4.069944570160523,2.143814178111021,1.9261303920495019,3.552713678800501e-15
ascending,7,grid_anomaly_persistence,215,0.6721609317865092,3.2890835711067052,0.32188501562151905,4.283129518514733,2.3940189553755147,1.8891105631392187,7.993605777301127e-15
ascending,7,grid_raw_persistence,215,1.3582665184575453,3.2890835711067052,1.9632012861057715,6.610551375670022,4.6844209625583435,1.9261304131116792,7.105427357601002e-15
ascending,30,eof_ar_increments,215,1.0835971027281168,3.2890835711067052,-0.4196547178902371,3.953025955944585,1.9560789269882108,1.9969470289563742,7.105427357601002e-15
ascending,30,frozen_anomaly_projection,215,1.3916752624827369,3.2890835711067052,0.022181292120494057,4.702940125709936,2.23423297961151,2.468707146098426,8.881784197001252e-15
ascending,30,frozen_selected_projection,215,1.6825893748909777,3.2890835711067052,-0.3938787323491566,4.577794213648526,2.1090870897353446,2.468707123913182,3.552713678800501e-15
ascending,30,grid_anomaly_persistence,215,1.5729999449891878,3.2890835711067052,0.3826854882642998,5.244769004360194,3.1011659472396045,2.1436030571205884,1.4210854715202004e-14
ascending,30,grid_raw_persistence,215,13.818323672530516,3.2890835711067052,7.393607937940554,24.501015181577777,22.032308042677798,2.4687071388999824,2.1316282072803006e-14
descending,1,eof_ar_increments,225,0.05886151005289105,4.365288838177313,0.007699042956574966,4.431849391186779,1.5385211821916944,2.8933282089950847,7.66053886991358e-15
descending,1,frozen_anomaly_projection,225,0.06947929204006997,4.365288838177313,0.05478808825089061,4.489556218468273,1.5794617544877838,2.9100944639804895,8.43769498715119e-15
descending,1,frozen_selected_projection,225,0.0593271901771268,4.365288838177313,0.030681265770637733,4.455297294125078,1.5452028699917657,2.9100944241333115,3.774758283725532e-15
descending,1,grid_anomaly_persistence,225,0.06695107051845955,4.365288838177313,0.07227114259665907,4.504511051292432,1.5971775067124268,2.9073335445800046,8.43769498715119e-15
descending,1,grid_raw_persistence,225,0.07784772389601721,4.365288838177313,0.23745253500825075,4.68058909708158,1.770494661771507,2.9100944353100737,5.523359547510154e-15
descending,7,eof_ar_increments,225,0.6237262959926412,4.365288838177313,-0.2140683692706957,4.7749467648992585,1.756604811390247,3.0183419535090117,4.884981308350689e-15
descending,7,frozen_anomaly_projection,225,0.6757235339028831,4.365288838177313,0.03082903012273242,5.071841402202929,1.9833074691554196,3.0885339330475086,5.329070518200751e-15
descending,7,frozen_selected_projection,225,0.6665317108796631,4.365288838177313,-0.07490844579764296,4.956912103259333,1.8683781290171944,3.0885339742421385,3.552713678800501e-15
descending,7,grid_anomaly_persistence,225,0.6980945901100094,4.365288838177313,0.08411935740043451,5.147502785687757,2.086656175506943,3.0608466101808136,4.6629367034256575e-15
descending,7,grid_raw_persistence,225,1.301492525132862,4.365288838177313,1.2352947429672922,6.902076106277468,3.8135421499087716,3.0885339563686958,5.329070518200751e-15
descending,30,eof_ar_increments,225,1.0605832938261792,4.365288838177313,-0.6197135427793694,4.806158589224123,1.653391970991971,3.1527666182321514,9.103828801926284e-15
descending,30,frozen_anomaly_projection,225,1.3287580617897417,4.365288838177313,-0.08122325884468627,5.612823641122368,2.027744544502063,3.585079096620305,5.440092820663267e-15
descending,30,frozen_selected_projection,225,1.590122712378416,4.365288838177313,-0.41743185408926986,5.537979696466459,1.9529006188553677,3.5850790776110917,5.88418203051333e-15
descending,30,grid_anomaly_persistence,225,1.4270117162603493,4.365288838177313,0.0024828712126773113,5.79478342565034,2.5025529759527583,3.2922304496975814,6.369904603786836e-15
descending,30,grid_raw_persistence,225,13.592208569623141,4.365288838177313,4.677803990115967,22.635301397916418,19.05022231813523,3.5850790797811873,1.7763568394002505e-14
