period,target,pass,horizon_days,model,n_days,n_cell_day_pairs,rmse,mae,bias_celsius,skill_vs_frozen_anomaly_projection,skill_vs_grid_anomaly_persistence
2023-2025,full_grid_OISST,all,1,eof_ar_increments,1096,713496,0.24309075079989012,0.17642623724336753,0.0007527892428074524,0.07103922412753849,0.03480870233921873
2023-2025,full_grid_OISST,all,1,frozen_anomaly_projection,1096,713496,0.2616803175264145,0.189337051763541,-0.0012331430043304211,0.0,-0.039001131941542644
2023-2025,full_grid_OISST,all,1,frozen_selected_projection,1096,713496,0.2404588777912033,0.17209328296588755,7.450587672269784e-05,0.08109681284328563,0.04525854839948251
2023-2025,full_grid_OISST,all,1,grid_anomaly_persistence,1096,713496,0.25185758656241525,0.1798243097857309,-0.0012331202712290911,0.03753714095446914,0.0
2023-2025,full_grid_OISST,all,1,grid_raw_persistence,1096,713496,0.2843857004167107,0.20747912739203656,-0.0012331202712290838,-0.08676763734056636,-0.1291528053542843
2023-2025,full_grid_OISST,all,7,eof_ar_increments,1096,713496,0.8228348519164498,0.6286663902706184,0.005983188056105529,0.03205893812181515,-0.007812747419470245
2023-2025,full_grid_OISST,all,7,frozen_anomaly_projection,1096,713496,0.8500877629055511,0.6466266426316434,-0.0063762142619252496,0.0,-0.04119226584304503
2023-2025,full_grid_OISST,all,7,frozen_selected_projection,1096,713496,0.8098072151626693,0.6131663122886124,0.0007079313587624599,0.04738398727821369,0.00814357523583642
2023-2025,full_grid_OISST,all,7,grid_anomaly_persistence,1096,713496,0.8164560867317256,0.6098434388879315,-0.006376240322413418,0.03956259299495657,0.0
2023-2025,full_grid_OISST,all,7,grid_raw_persistence,1096,713496,1.2345716592895069,0.9939970664924468,-0.006376240322413388,-0.45228729686663405,-0.5121103012796415
2023-2025,full_grid_OISST,all,30,eof_ar_increments,1096,713496,1.2579899955196845,0.9802502948184613,0.0184216086541839,0.15887778370388272,0.037543689331215324
2023-2025,full_grid_OISST,all,30,frozen_anomaly_projection,1096,713496,1.4956090460423754,1.1758348901004456,-0.009119624010796136,0.0,-0.14425263299662006
2023-2025,full_grid_OISST,all,30,frozen_selected_projection,1096,713496,1.415288716610424,1.114747949398046,0.011752550102865711,0.053704094425272464,-0.08280158154780293
2023-2025,full_grid_OISST,all,30,grid_anomaly_persistence,1096,713496,1.3070619222658963,1.001689580571374,-0.009119621304657878,0.12606711912809399,0.0
2023-2025,full_grid_OISST,all,30,grid_raw_persistence,1096,713496,4.151371569403515,3.654018496563668,-0.00911962130465795,-1.7757063788753609,-2.1761093324536454
2023-2025,regional_OISST,all,1,eof_ar_increments,1096,713496,0.12769236495545033,0.0952239724075365,0.0007556557771631175,0.22301548766727952,0.1518908918992169
2023-2025,regional_OISST,all,1,frozen_anomaly_projection,1096,713496,0.16434351383926926,0.12442755060231381,-0.0012302764699748223,0.0,-0.09153927091098257
2023-2025,regional_OISST,all,1,frozen_selected_projection,1096,713496,0.12787743144237046,0.09519271022338059,7.737241107836409e-05,0.22188939219446924,0.15066171446784948
2023-2025,regional_OISST,all,1,grid_anomaly_persistence,1096,713496,0.15056124705628832,0.11230224690311436,-0.0012302537368734973,0.083862553872739,0.0
2023-2025,regional_OISST,all,1,grid_raw_persistence,1096,713496,0.198513013041001,0.1544546037276301,-0.001230253736873656,-0.20791510661716828,-0.31848677479926546
2023-2025,regional_OISST,all,7,eof_ar_increments,1096,713496,0.554592870048573,0.4192134645995761,0.005986054590461001,0.09399496250891237,0.06638233490918677
2023-2025,regional_OISST,all,7,frozen_anomaly_projection,1096,713496,0.6121300071182315,0.466844071024432,-0.006373347727569609,0.0,-0.030477344448537114
2023-2025,regional_OISST,all,7,frozen_selected_projection,1096,713496,0.5548346161748089,0.41677986152985047,0.0007107978931179971,0.09360003639285097,0.06597537249385443
2023-2025,regional_OISST,all,7,grid_anomaly_persistence,1096,713496,0.5940256818026549,0.4452947622662411,-0.006373373788057783,0.02957594809117048,0.0
2023-2025,regional_OISST,all,7,grid_raw_persistence,1096,713496,1.084537196127424,0.9112518629848603,-0.006373373788057973,-0.7717432302219225,-0.8257412589237598
2023-2025,regional_OISST,all,30,eof_ar_increments,1096,713496,0.7976813375976554,0.6156959772879015,0.01842447518853958,0.1366753013458729,0.17634455737335786
2023-2025,regional_OISST,all,30,frozen_anomaly_projection,1096,713496,0.9239644583795577,0.7148862391125537,-0.00911675747644047,0.0,0.04594940477126053
2023-2025,regional_OISST,all,30,frozen_selected_projection,1096,713496,0.7873409678975153,0.5984593151749449,0.011755416637221195,0.14786660811786168,0.18702163026056118
2023-2025,regional_OISST,all,30,grid_anomaly_persistence,1096,713496,0.9684648413829997,0.7376111283963507,-0.00911675477030227,-0.04816244023226446,0.0
2023-2025,regional_OISST,all,30,grid_raw_persistence,1096,713496,3.9812997171001743,3.577813197451139,-0.009116754770302469,-3.308931670469825,-3.1109388250117034
2026-Jan-Aug,full_grid_OISST,all,1,eof_ar_increments,243,158193,0.24102458996092857,0.1764834513450764,0.007972172589769377,0.06615666405002762,0.040963971893298035
2026-Jan-Aug,full_grid_OISST,all,1,frozen_anomaly_projection,243,158193,0.2580995983825714,0.18905980821936294,-0.00708608405211694,0.0,-0.02697742885438248
2026-Jan-Aug,full_grid_OISST,all,1,frozen_selected_projection,243,158193,0.24018955989144514,0.17498051828225758,0.006335202025076238,0.06939196575028717,0.04428655371499879
2026-Jan-Aug,full_grid_OISST,all,1,grid_anomaly_persistence,243,158193,0.2513196406570372,0.18151637097239942,-0.005912539477822584,0.02626876511246834,0.0
2026-Jan-Aug,full_grid_OISST,all,1,grid_raw_persistence,243,158193,0.27889996220089597,0.20633993006089868,-0.07495632793990539,-0.08059045402888598,-0.10974200612317508
2026-Jan-Aug,full_grid_OISST,all,7,eof_ar_increments,243,158193,0.799804109318858,0.6091291720541883,0.05920615262282468,0.03184030626968137,0.029660685095091344
2026-Jan-Aug,full_grid_OISST,all,7,frozen_anomaly_projection,243,158193,0.8261076292457635,0.6319483870227278,-0.05807157374626352,0.0,-0.002251303363179691
2026-Jan-Aug,full_grid_OISST,all,7,frozen_selected_projection,243,158193,0.8160704638964326,0.617831358791461,0.017509114530020967,0.012149948740329264,0.00992599859761123
2026-Jan-Aug,full_grid_OISST,all,7,grid_anomaly_persistence,243,158193,0.8242519879731321,0.6111080494383554,-0.05581985537514362,0.002246246381147232,0.0
2026-Jan-Aug,full_grid_OISST,all,7,grid_raw_persistence,243,158193,1.1774325960581251,0.9192791438008042,-0.5329212785090094,-0.425277475203953,-0.42848620717734387
2026-Jan-Aug,full_grid_OISST,all,30,eof_ar_increments,243,158193,1.1101960262623556,0.8749222718893825,0.19635682120060105,0.13345686485363084,0.08792186961453552
2026-Jan-Aug,full_grid_OISST,all,30,frozen_anomaly_projection,243,158193,1.281178029383189,1.0045663296635023,-0.14697936029427633,0.0,-0.052547869104524025
2026-Jan-Aug,full_grid_OISST,all,30,frozen_selected_projection,243,158193,1.3366362167701022,1.0671443303801305,0.11386000886924608,-0.043286870454384285,-0.09810937236148964
2026-Jan-Aug,full_grid_OISST,all,30,grid_anomaly_persistence,243,158193,1.2172159262202265,0.8984786823194505,-0.19451516358254467,0.049924445858438915,0.0
2026-Jan-Aug,full_grid_OISST,all,30,grid_raw_persistence,243,158193,3.870246907755421,3.3984779879263627,-2.0673160184867125,-2.02085020113771,-2.179589442091469
2026-Jan-Aug,matched_grid_AMSR2,ascending,1,eof_ar_increments,215,49079,1.8415490411187698,1.2106025035437735,-0.8680022108293632,0.006888218672998492,0.009174199787801318
2026-Jan-Aug,matched_grid_AMSR2,ascending,1,frozen_anomaly_projection,215,49079,1.8543220166596772,1.2227377156616002,-0.8807435311941801,0.0,0.002301836669129309
2026-Jan-Aug,matched_grid_AMSR2,ascending,1,frozen_selected_projection,215,49079,1.8456748801445255,1.2143074039212132,-0.8664851324160665,0.00466323348235298,0.006954336149655904
2026-Jan-Aug,matched_grid_AMSR2,ascending,1,grid_anomaly_persistence,215,49079,1.8586002107780977,1.2262511862909147,-0.8853257257876195,-0.0023071473454903124,0.0
2026-Jan-Aug,matched_grid_AMSR2,ascending,1,grid_raw_persistence,215,49079,1.923709454637457,1.2946213671413531,-0.949148691203533,-0.03741930331106791,-0.03503133351744392
2026-Jan-Aug,matched_grid_AMSR2,ascending,7,eof_ar_increments,215,49079,1.9729518843909624,1.3091244577040373,-0.843395426587234,0.03136679467945391,0.046686177012734476
2026-Jan-Aug,matched_grid_AMSR2,ascending,7,frozen_anomaly_projection,215,49079,2.0368410597054236,1.352019063784047,-0.9228901274023337,0.0,0.015815462704699468
2026-Jan-Aug,matched_grid_AMSR2,ascending,7,frozen_selected_projection,215,49079,2.0174103623607476,1.3373344600156905,-0.8523761936854649,0.009539623748298864,0.025204212889390232
2026-Jan-Aug,matched_grid_AMSR2,ascending,7,grid_anomaly_persistence,215,49079,2.0695723032826696,1.3754482601149611,-0.9564154350260884,-0.016069611038761922,0.0
2026-Jan-Aug,matched_grid_AMSR2,ascending,7,grid_raw_persistence,215,49079,2.571099254340451,1.876652448835469,-1.3993780644964304,-0.26229743950286144,-0.24233362142616643
2026-Jan-Aug,matched_grid_AMSR2,ascending,30,eof_ar_increments,215,49079,1.988221807531691,1.352015615706554,-0.6878196247043061,0.08318838192638311,0.1318362453347126
2026-Jan-Aug,matched_grid_AMSR2,ascending,30,frozen_anomaly_projection,215,49079,2.1686263222855926,1.4982818324501588,-0.9047612058501502,0.0,0.05306200581374321
2026-Jan-Aug,matched_grid_AMSR2,ascending,30,frozen_selected_projection,215,49079,2.139578045701658,1.500869586008332,-0.6484583784143971,0.013394781888158347,0.06574603370747822
2026-Jan-Aug,matched_grid_AMSR2,ascending,30,grid_anomaly_persistence,215,49079,2.2901460661626354,1.5645847288912178,-1.0719814965794732,-0.05603535409870375,0.0
2026-Jan-Aug,matched_grid_AMSR2,ascending,30,grid_raw_persistence,215,49079,4.949850016068949,4.191431550591237,-2.8395280127157516,-1.2824817559403807,-1.1613686957369094
2026-Jan-Aug,matched_grid_AMSR2,descending,1,eof_ar_increments,225,46393,2.1051958082769353,1.2172204955707209,-0.7068964939701549,0.006447570825161342,0.008098223158697349
2026-Jan-Aug,matched_grid_AMSR2,descending,1,frozen_anomaly_projection,225,46393,2.118857290727309,1.2329246258563762,-0.7185929303527282,0.0,0.0016613640962126475
2026-Jan-Aug,matched_grid_AMSR2,descending,1,frozen_selected_projection,225,46393,2.1107575166572494,1.222184014963614,-0.7049158014916687,0.0038227086389944764,0.005477721824324044
2026-Jan-Aug,matched_grid_AMSR2,descending,1,grid_anomaly_persistence,225,46393,2.1223833422104574,1.2350324477027956,-0.7215930585532553,-0.0016641288200858195,0.0
2026-Jan-Aug,matched_grid_AMSR2,descending,1,grid_raw_persistence,225,46393,2.163466916105162,1.284789743213298,-0.7853378749372754,-0.02105362431584079,-0.01935728248409463
2026-Jan-Aug,matched_grid_AMSR2,descending,7,eof_ar_increments,225,46393,2.1851651573506428,1.3355542259656616,-0.6450820482392818,0.02971026974841362,0.036867646569737955
2026-Jan-Aug,matched_grid_AMSR2,descending,7,frozen_anomaly_projection,225,46393,2.252074910433249,1.3990369796538547,-0.733437770775167,0.0,0.007376535686375307
2026-Jan-Aug,matched_grid_AMSR2,descending,7,frozen_selected_projection,225,46393,2.2264123839170793,1.3745233771917693,-0.661701106688375,0.011395059017478615,0.018687538644363122
2026-Jan-Aug,matched_grid_AMSR2,descending,7,grid_anomaly_persistence,225,46393,2.268810874816973,1.408087392072458,-0.7600396356576482,-0.007431353329407697,0.0
2026-Jan-Aug,matched_grid_AMSR2,descending,7,grid_raw_persistence,225,46393,2.627180257667423,1.7916698034530687,-1.200987120876991,-0.16655988905893548,-0.15795471840699826
2026-Jan-Aug,matched_grid_AMSR2,descending,30,eof_ar_increments,225,46393,2.1922952787487646,1.3816809344224308,-0.5037327355816495,0.0746450546793942,0.08928928997292562
2026-Jan-Aug,matched_grid_AMSR2,descending,30,frozen_anomaly_projection,225,46393,2.3691398525883542,1.5535995916976695,-0.7407676000559498,0.0,0.01582553307526524
2026-Jan-Aug,matched_grid_AMSR2,descending,30,frozen_selected_projection,225,46393,2.3532912476925714,1.5675139042084005,-0.48127488752924935,0.006689602928450111,0.022409269471310722
2026-Jan-Aug,matched_grid_AMSR2,descending,30,grid_anomaly_persistence,225,46393,2.407235639826384,1.5462183398464056,-0.8958079360343921,-0.016080007770081117,0.0
2026-Jan-Aug,matched_grid_AMSR2,descending,30,grid_raw_persistence,225,46393,4.757657133286973,3.9210466209513593,-2.628661458608422,-1.0081790984559622,-0.9763985937122912
2026-Jan-Aug,matched_grid_OISST,ascending,1,eof_ar_increments,215,49079,0.2201380387768251,0.16291819606788752,0.0067149398950142975,0.09577570950113423,0.04923678249573926
2026-Jan-Aug,matched_grid_OISST,ascending,1,frozen_anomaly_projection,215,49079,0.2434551262224704,0.18113993323903765,-0.00602638046980258,0.0,-0.05146834418672741
2026-Jan-Aug,matched_grid_OISST,ascending,1,frozen_selected_projection,215,49079,0.22220129730261864,0.16511542299925877,0.008232018308311323,0.0873008067220975,0.04032569050352208
2026-Jan-Aug,matched_grid_OISST,ascending,1,grid_anomaly_persistence,215,49079,0.23153823657028316,0.17028503857242847,-0.010608575063241787,0.04894901921801198,0.0
2026-Jan-Aug,matched_grid_OISST,ascending,1,grid_raw_persistence,215,49079,0.2596170786730068,0.1918194532225019,-0.07443154047915566,-0.0663857553599736,-0.12127086445266388
2026-Jan-Aug,matched_grid_OISST,ascending,7,eof_ar_increments,215,49079,0.7797996952736725,0.5929642169236965,0.03132172413714345,0.020571333562340643,0.04885565969489514
2026-Jan-Aug,matched_grid_OISST,ascending,7,frozen_anomaly_projection,215,49079,0.7961781413953609,0.6084202497475882,-0.04817297667795607,0.0,0.028878393191644314
2026-Jan-Aug,matched_grid_OISST,ascending,7,frozen_selected_projection,215,49079,0.811386535194834,0.6116387365438081,0.02234095703891284,-0.01910174747176452,0.010328273494016882
2026-Jan-Aug,matched_grid_OISST,ascending,7,grid_anomaly_persistence,215,49079,0.8198542137395582,0.6062475742713905,-0.08169828430171072,-0.029737154429664736,0.0
2026-Jan-Aug,matched_grid_OISST,ascending,7,grid_raw_persistence,215,49079,1.1654469179064078,0.8903828312648673,-0.524660913772053,-0.4638017012924722,-0.42152946020795024
2026-Jan-Aug,matched_grid_OISST,ascending,30,eof_ar_increments,215,49079,1.0409597027397925,0.8217986675240796,0.1868975260200714,0.11760108830105098,0.1700162990656734
2026-Jan-Aug,matched_grid_OISST,ascending,30,frozen_anomaly_projection,215,49079,1.1796928678612653,0.9249073877218386,-0.03004405512577268,0.0,0.05940081075542525
2026-Jan-Aug,matched_grid_OISST,ascending,30,frozen_selected_projection,215,49079,1.2971466281384605,1.0335478725150502,0.22625877230998043,-0.09956299938486035,-0.03424806574473238
2026-Jan-Aug,matched_grid_OISST,ascending,30,grid_anomaly_persistence,215,49079,1.2541929456782908,0.9125697671824726,-0.19726434585509572,-0.06315209648769948,0.0
2026-Jan-Aug,matched_grid_OISST,ascending,30,grid_raw_persistence,215,49079,3.717300589477601,3.217981334744184,-1.9648108619913744,-2.1510749032643677,-1.963898499259391
2026-Jan-Aug,matched_grid_OISST,descending,1,eof_ar_increments,225,46393,0.24261391149909572,0.1696519992685301,0.015613256462036307,0.07957584507536664,0.062358249637099794
2026-Jan-Aug,matched_grid_OISST,descending,1,frozen_anomaly_projection,225,46393,0.26358924871866446,0.18450254135317298,0.00391682007946308,0.0,-0.018706153403456494
2026-Jan-Aug,matched_grid_OISST,descending,1,frozen_selected_projection,225,46393,0.24357173517698394,0.17017167427522073,0.017593948940522415,0.07594207138184805,0.05865650201543671
2026-Jan-Aug,matched_grid_OISST,descending,1,grid_anomaly_persistence,225,46393,0.25874904930928644,0.17853578910120993,0.0009166918789356969,0.018362658693048983,0.0
2026-Jan-Aug,matched_grid_OISST,descending,1,grid_raw_persistence,225,46393,0.2790120497326544,0.20108284757976874,-0.06282812450508418,-0.05851073626470682,-0.07831140047648
2026-Jan-Aug,matched_grid_OISST,descending,7,eof_ar_increments,225,46393,0.7897634430591487,0.6032553198038934,0.07742770219290954,0.03924532876097486,0.054764789808669945
2026-Jan-Aug,matched_grid_OISST,descending,7,frozen_anomaly_projection,225,46393,0.8220240470344424,0.622147499866,-0.010928020342975913,0.0,0.016153406808504633
2026-Jan-Aug,matched_grid_OISST,descending,7,frozen_selected_projection,225,46393,0.816413933540862,0.6101985347482072,0.06080864374381629,0.006824755934841109,0.022867919684361415
2026-Jan-Aug,matched_grid_OISST,descending,7,grid_anomaly_persistence,225,46393,0.8355205503816224,0.6130106106743286,-0.03752988522545708,-0.016418623513351438,0.0
2026-Jan-Aug,matched_grid_OISST,descending,7,grid_raw_persistence,225,46393,1.140829752913581,0.8687372636386069,-0.4784773704447999,-0.38783014563779616,-0.3654119607142028
2026-Jan-Aug,matched_grid_OISST,descending,30,eof_ar_increments,225,46393,1.0298462476633001,0.8200667349348755,0.21877701485054163,0.10659282764619726,0.13789806172574826
2026-Jan-Aug,matched_grid_OISST,descending,30,frozen_anomaly_projection,225,46393,1.1527176852073284,0.9038655061247189,-0.018257849623758805,0.0,0.03504027620135741
2026-Jan-Aug,matched_grid_OISST,descending,30,frozen_selected_projection,225,46393,1.2610006789761916,1.0070087799364529,0.24123486290294194,-0.09393713235985213,-0.05560527309504204
2026-Jan-Aug,matched_grid_OISST,descending,30,grid_anomaly_persistence,225,46393,1.1945759566726384,0.8709008929522553,-0.1732981856022009,-0.0363126826303366,0.0
2026-Jan-Aug,matched_grid_OISST,descending,30,grid_raw_persistence,225,46393,3.68676125747561,3.184218823641694,-1.906151708176231,-2.198321067497552,-2.0862510139118178
2026-Jan-Aug,regional_OISST,all,1,eof_ar_increments,243,158193,0.12201686886836628,0.09408250234115101,0.007974633096902557,0.20653118550083538,0.15346868787625634
2026-Jan-Aug,regional_OISST,all,1,frozen_anomaly_projection,243,158193,0.15377651476496024,0.11502382152046471,-0.007083623544983587,0.0,-0.06687408081447033
2026-Jan-Aug,regional_OISST,all,1,frozen_selected_projection,243,158193,0.12133789975400194,0.09353851751561494,0.0063376625322095785,0.2109464833465572,0.15817925470693295
2026-Jan-Aug,regional_OISST,all,1,grid_anomaly_persistence,243,158193,0.14413745495397598,0.1103702179863115,-0.005910078970689442,0.06268226214982875,0.0
2026-Jan-Aug,regional_OISST,all,1,grid_raw_persistence,243,158193,0.1865919369424753,0.14767331057434366,-0.07495386743277217,-0.21339683909257423,-0.29454163737007377
2026-Jan-Aug,regional_OISST,all,7,eof_ar_increments,243,158193,0.5672391299674858,0.43977626798887004,0.05920861312995794,0.03908189805154838,0.07297928094072215
2026-Jan-Aug,regional_OISST,all,7,frozen_anomaly_projection,243,158193,0.5903095475226205,0.4566547573328551,-0.05806911323913027,0.0,0.035276037385954195
2026-Jan-Aug,regional_OISST,all,7,frozen_selected_projection,243,158193,0.5761794647674512,0.4390958848095086,0.017511575037154205,0.023936734234555,0.058368378488753314
2026-Jan-Aug,regional_OISST,all,7,grid_anomaly_persistence,243,158193,0.611894770316578,0.4512710533661577,-0.05581739486801032,-0.03656593881048531,0.0
2026-Jan-Aug,regional_OISST,all,7,grid_raw_persistence,243,158193,1.025843914677278,0.8166794247997496,-0.532918818001876,-0.7378067472946774,-0.6765038115075468
2026-Jan-Aug,regional_OISST,all,30,eof_ar_increments,243,158193,0.7440816072932203,0.603217245302565,0.19635928170773445,-0.1567636298179127,0.1639419321366259
2026-Jan-Aug,regional_OISST,all,30,frozen_anomaly_projection,243,158193,0.6432442965122848,0.4896666456281244,-0.14697689978714282,0.0,0.2772438151474569
2026-Jan-Aug,regional_OISST,all,30,frozen_selected_projection,243,158193,0.7476253134842725,0.5799759166613004,0.1138624693763793,-0.16227274386721957,0.1599601858844314
2026-Jan-Aug,regional_OISST,all,30,grid_anomaly_persistence,243,158193,0.8899879516679883,0.6282614965578905,-0.19451270307541144,-0.38359244923517344,0.0
2026-Jan-Aug,regional_OISST,all,30,grid_raw_persistence,243,158193,3.708253279889989,3.3382948416997285,-2.06731355797958,-4.764922129891234,-3.1666331245721855
