target,horizon_days,model,family_size,mean_loss_advantage,loss_advantage_ci_lower,loss_advantage_ci_upper,skill_ci_lower,skill_ci_upper,p_bootstrap_two_sided,bootstrap_block_days,replicates_valid,scope,p_holm_six_comparisons
regional_OISST_2026,1,ridge_harmonic_trend,6,0.008924412383757588,0.0053848089736649,0.013257589155642369,0.14291374679825106,0.2766850457759874,0.0005,30,1999,"secondary centered circular-block bootstrap, approximate stationary-loss inference; not a correction for prior outcome viewing",0.003
regional_OISST_2026,7,ar_harmonic_trend,6,0.016482935445281274,-0.09676646944856644,0.1143335938458236,-0.12919813055718182,0.16501546223532967,0.778,30,1999,"secondary centered circular-block bootstrap, approximate stationary-loss inference; not a correction for prior outcome viewing",1.0
regional_OISST_2026,30,ar_harmonic_trend,6,-0.14517919580772776,-0.369245229000565,0.036044487572664624,-0.41417729403166376,0.060029520594423194,0.173,30,1999,"secondary centered circular-block bootstrap, approximate stationary-loss inference; not a correction for prior outcome viewing",0.692
matched_AMSR2_night_2026,1,ridge_harmonic_trend,6,0.0342589226646654,0.001202679108215899,0.06898385938348145,0.0001503524290157211,0.007507088853388531,0.047,30,1999,"secondary centered circular-block bootstrap, approximate stationary-loss inference; not a correction for prior outcome viewing",0.235
matched_AMSR2_night_2026,7,ar_harmonic_trend,6,0.11492929972427449,-0.09902117916329387,0.30003091254921765,-0.010716497584537365,0.02903604742245978,0.262,30,1999,"secondary centered circular-block bootstrap, approximate stationary-loss inference; not a correction for prior outcome viewing",0.786
matched_AMSR2_night_2026,30,ar_harmonic_trend,6,0.07484395211437128,-0.22086902264987285,0.3985528901700135,-0.02183468216895257,0.03352748465713205,0.6545,30,1999,"secondary centered circular-block bootstrap, approximate stationary-loss inference; not a correction for prior outcome viewing",1.0
regional_OISST_2026,1,ridge_harmonic_trend,6,0.008924412383757588,0.00562168671057625,0.012824835744153966,0.14922890488601964,0.2742303689699446,0.0005,60,1999,"secondary centered circular-block bootstrap, approximate stationary-loss inference; not a correction for prior outcome viewing",0.003
regional_OISST_2026,7,ar_harmonic_trend,6,0.016482935445281274,-0.09521239848703474,0.11439094770374074,-0.12204618516386095,0.16366562451867356,0.79,60,1999,"secondary centered circular-block bootstrap, approximate stationary-loss inference; not a correction for prior outcome viewing",1.0
regional_OISST_2026,30,ar_harmonic_trend,6,-0.14517919580772776,-0.3733056696424672,0.020935992078419813,-0.29479658389720265,0.04729963957428901,0.1575,60,1999,"secondary centered circular-block bootstrap, approximate stationary-loss inference; not a correction for prior outcome viewing",0.63
matched_AMSR2_night_2026,1,ridge_harmonic_trend,6,0.0342589226646654,0.00201783234120092,0.07388007200419917,0.0002832972686474422,0.007394653326516862,0.0665,60,1999,"secondary centered circular-block bootstrap, approximate stationary-loss inference; not a correction for prior outcome viewing",0.3325
matched_AMSR2_night_2026,7,ar_harmonic_trend,6,0.11492929972427449,-0.058809167501313334,0.26588007767380994,-0.007135308246059291,0.024250577599404452,0.189,60,1999,"secondary centered circular-block bootstrap, approximate stationary-loss inference; not a correction for prior outcome viewing",0.63
matched_AMSR2_night_2026,30,ar_harmonic_trend,6,0.07484395211437128,-0.20831590726245142,0.4087493918067854,-0.021239408034678997,0.032653298178474906,0.686,60,1999,"secondary centered circular-block bootstrap, approximate stationary-loss inference; not a correction for prior outcome viewing",1.0
