pass,lat,lon,n_days,grid_to_land_proxy_km,bias_oisst_minus_amsr2,rms_difference
ascending,33.375,120.875,0,23.21441305918011,,
ascending,33.375,121.125,0,46.42879268003317,,
ascending,33.375,121.375,0,69.64310542339943,,
ascending,33.375,121.625,148,89.2692998231175,-0.798077409331863,1.1770624870910493
ascending,33.375,121.875,151,108.4569869318403,-0.6752820835997727,1.110754322275288
ascending,33.375,122.125,152,128.9990909975857,-0.584574470394536,1.1345201060216763
ascending,33.375,122.375,146,150.34135341073727,-0.6788783857267197,1.2574776447656355
ascending,33.375,122.625,135,172.18639700319412,-0.6921232329474555,1.2536066106728585
ascending,33.375,122.875,136,194.36466682782805,-0.5676157965379602,1.0560315916182546
ascending,33.375,123.125,150,214.7103913810304,-0.6288683764139811,1.0978519304947891
ascending,33.375,123.375,155,233.02071562143664,-0.6469345892629316,1.1264627079801262
ascending,33.375,123.625,152,250.790499899597,-0.6131270747435721,1.1092685048569024
ascending,33.375,123.875,149,232.1386126030639,-0.5898221291151623,1.05774082998317
ascending,33.375,124.125,138,208.92570454564975,-0.5822410652602928,1.029608722915376
ascending,33.375,124.375,138,185.71249544252765,-0.6011518395465353,1.039216383134184
ascending,33.375,124.625,147,162.49901876225653,-0.5905673876911605,0.9853185652534282
ascending,33.375,124.875,146,139.28530796668372,-0.5963499382750629,0.9772824460088433
ascending,33.375,125.125,155,116.07139651176668,-0.6182367878575479,1.0026999270856256
ascending,33.375,125.375,156,92.85731784843017,-0.6121473679175744,0.9523461064827573
ascending,33.375,125.625,141,69.64310542339943,-0.32875312642848237,0.8539880492043903
ascending,33.375,125.875,0,46.42879268003317,,
ascending,33.375,126.125,0,23.21441305918011,,
ascending,33.625,120.625,0,23.147465848933535,,
ascending,33.625,120.875,0,36.195692496937475,,
ascending,33.625,121.125,0,54.05732748159724,,
ascending,33.625,121.375,143,74.89300210438348,-0.7059519274251445,1.1234354767112422
ascending,33.625,121.625,155,96.80089824509845,-0.7704307433097594,1.1836982238516176
ascending,33.625,121.875,155,119.19114584276954,-0.6585349975093718,1.190405164116922
ascending,33.625,122.125,154,141.8353966765062,-0.5517371598776285,1.1731418867877115
ascending,33.625,122.375,152,162.51282658090955,-0.6465284730258741,1.3036129617209735
ascending,33.625,122.625,137,182.85470326649846,-0.7302658958156614,1.320147598079242
ascending,33.625,122.875,140,203.81852796141553,-0.6482137475694929,1.1354530570105588
ascending,33.625,123.125,155,225.2305971422367,-0.6743277088288337,1.1353883445004607
ascending,33.625,123.375,153,246.9742467220699,-0.6783040115256714,1.1251800826025364
ascending,33.625,123.625,155,255.56779756395744,-0.6272358125255953,1.0993622551142843
ascending,33.625,123.875,153,233.46488814916611,-0.613894605948255,1.0633928562557204
ascending,33.625,124.125,136,210.46844925001287,-0.6570564368191887,1.0975453310634424
ascending,33.625,124.375,136,187.51678014571203,-0.7086326865588918,1.1385947859356556
ascending,33.625,124.625,147,164.6287676010199,-0.7047079306881444,1.0648793763880362
ascending,33.625,124.875,149,141.8353966765062,-0.8364490790655149,1.1025910719364234
ascending,33.625,125.125,149,119.19114584276954,-1.14989605846021,1.3731984081557136
ascending,33.625,125.375,151,96.80089824509845,-1.2342855314545285,1.425171747225697
ascending,33.625,125.625,141,74.89300210438348,-0.8213627321500305,1.1439221438946419
ascending,33.625,125.875,0,54.05732748159724,,
ascending,33.875,120.625,0,23.08007794446197,,
ascending,33.875,120.875,0,46.16012176003878,,
ascending,33.875,121.125,0,69.24009731699758,,
ascending,33.875,121.375,153,88.95641105915352,-0.774509928584878,1.2064266773031573
ascending,33.875,121.625,153,107.99898202176155,-0.7664655298968546,1.1769163999606642
ascending,33.875,121.875,151,128.3972805075565,-0.6631945995305548,1.1575414050281716
ascending,33.875,122.125,154,149.59765868597407,-0.5522551412706251,1.1328234493104878
ascending,33.875,122.375,149,171.30247876325694,-0.5884029913268634,1.2865397864323125
ascending,33.875,122.625,138,193.3418221828168,-0.672842392023059,1.2235261851744692
ascending,33.875,122.875,148,215.61302249963455,-0.7205956819895152,1.1992649525824222
ascending,33.875,123.125,152,236.66800613390828,-0.7205427006671303,1.188615194566909
ascending,33.875,123.375,155,257.3898448419257,-0.6682694096719065,1.1409213964959788
ascending,33.875,123.625,156,244.43845128909183,-0.6639216740926107,1.1545368353508907
ascending,33.875,123.875,153,222.97864168512893,-0.638888315437666,1.1173770721516174
ascending,33.875,124.125,137,201.8526483298349,-0.6914676123291906,1.1576009247814785
ascending,33.875,124.375,140,181.1774312388156,-0.7260630675724574,1.1626840891081602
ascending,33.875,124.625,150,161.1267584293856,-0.8108701960245768,1.165914736161619
ascending,33.875,124.875,26,141.96564766166654,-1.0914809887225811,1.3118348260914379
ascending,33.875,125.125,0,124.10695034360315,,
ascending,33.875,125.375,0,107.99898202176155,,
ascending,33.875,125.625,0,88.95641105915352,,
ascending,33.875,125.875,0,72.34827152309452,,
ascending,34.125,120.375,0,23.01225062874241,,
ascending,34.125,120.625,0,36.10952561668307,,
ascending,34.125,120.875,0,53.82632579675766,,
ascending,34.125,121.125,138,74.51770699791463,-0.8000773485156073,1.21753941409875
ascending,34.125,121.375,153,96.28461949927377,-0.762821169460521,1.1966027928496783
ascending,34.125,121.625,151,118.53594012381575,-0.6871085861660787,1.145265940688188
ascending,34.125,121.875,151,141.04248878224476,-0.6362841176670908,1.135152478867184
ascending,34.125,122.125,150,161.82378135402217,-0.5589366912841797,1.124953509456235
ascending,34.125,122.375,146,182.02103015066075,-0.6125607555859709,1.2472089004982285
ascending,34.125,122.625,137,202.8415220318314,-0.6617093190659572,1.1956360784124893
ascending,34.125,122.875,151,224.111516957732,-0.6507390824374774,1.1814987214655086
ascending,34.125,123.125,151,245.71420175099828,-0.6626715502202116,1.176815709464481
ascending,34.125,123.375,155,258.4257137545095,-0.7345812459145823,1.2616523877197448
ascending,34.125,123.625,153,236.07264323209097,-0.7322849448210274,1.261822824927501
ascending,34.125,123.875,154,213.8439933708243,-0.7188010649247603,1.215341845075278
ascending,34.125,124.125,139,191.78319039723118,-0.7039790187808249,1.1610443296194073
ascending,34.125,124.375,155,169.95576799096716,-0.6974109526603453,1.152007006438337
ascending,34.125,124.625,148,148.4648588177765,-0.7356865599348739,1.138829821941777
ascending,34.125,124.875,0,127.48092937605774,,
ascending,34.125,125.125,0,107.30199148443344,,
ascending,34.125,125.375,0,88.48069353095134,,
ascending,34.125,125.625,0,72.08853566691903,,
ascending,34.375,120.125,0,22.943985193126963,,
ascending,34.375,120.375,0,36.066134112511804,,
ascending,34.375,120.625,0,53.7098322928317,,
ascending,34.375,120.875,0,72.17552248233511,,
ascending,34.375,121.125,151,88.64010728529256,-0.7632994462322715,1.1867717336432804
ascending,34.375,121.375,155,107.53564065344757,-0.6644102373430806,1.1429305389548376
ascending,34.375,121.625,152,127.78818414071068,-0.5997761048768696,1.1127027561537444
ascending,34.375,121.875,150,148.8447447649314,-0.6121494388580322,1.1602685647184072
ascending,34.375,122.125,151,170.40743298127396,-0.5906738319144343,1.1871810481730516
ascending,34.375,122.375,146,192.30596522057715,-0.5872134901072881,1.2097286188884282
ascending,34.375,122.625,150,214.43736513320795,-0.7092957305908203,1.2508388449251115
ascending,34.375,122.875,156,235.60126866021696,-0.6708589761685102,1.1840882993086645
ascending,34.375,123.125,154,256.1787760704695,-0.7207743533245929,1.224951030890955
ascending,34.375,123.375,152,253.5270442514645,-0.7659881114959717,1.2169036310960109
ascending,34.375,123.625,153,230.77111695342904,-0.7514402913112267,1.2037081428234568
ascending,34.375,123.875,147,208.04816184304013,-0.7630039591367553,1.2195081399461418
ascending,34.375,124.125,148,185.3704690219033,-0.7480864460403854,1.178066368446017
ascending,34.375,124.375,155,162.75712690021325,-0.6957389831542968,1.1460921923648262
ascending,34.375,124.625,155,140.2394397512086,-0.6467266144291047,1.1467217128293403
ascending,34.375,124.875,24,117.87241740423879,-0.30212493737538654,0.9136721754419894
ascending,34.375,125.125,0,95.76187443346511,,
ascending,34.375,125.375,0,74.13783614112572,,
ascending,34.375,125.625,0,53.592683125724285,,
ascending,34.375,125.875,0,36.02254065394839,,
ascending,34.625,119.625,0,22.875282937294806,,
ascending,34.625,119.875,0,27.798770058383617,,
ascending,34.625,120.125,0,36.02254065394987,,
ascending,34.625,120.375,0,53.592683125724285,,
ascending,34.625,120.625,0,72.08853566691903,,
ascending,34.625,120.875,147,88.48069353095315,-0.7797548138365453,1.3034290743195165
ascending,34.625,121.125,158,107.30199148443344,-0.7195511316951317,1.2792708552910246
ascending,34.625,121.375,160,124.10695034360486,-0.59818394780159,1.2092448714989714
ascending,34.625,121.625,156,141.96564766166654,-0.6327073482366709,1.2027921004480282
ascending,34.625,121.875,155,161.12675842938762,-0.6569526733890656,1.340125975402837
ascending,34.625,122.125,155,181.1774312388177,-0.6056050454416583,1.2998954929102398
ascending,34.625,122.375,142,201.85264832983708,-0.5947404243576695,1.286472922833268
ascending,34.625,122.625,157,222.97864168513107,-0.6775314792705949,1.3815900585973087
ascending,34.625,122.875,154,244.43845128909183,-0.6647042856587992,1.164520356644932
ascending,34.625,123.125,155,266.1512287628532,-0.6871336783132246,1.1400608720823433
ascending,34.625,123.375,159,251.6203777596441,-0.7745933832612427,1.2891054123433832
ascending,34.625,123.625,155,228.74702860769625,-0.7751507051529423,1.3993094926416905
ascending,34.625,123.875,147,205.87332779446848,-0.8448525253607302,1.4435761364694268
ascending,34.625,124.125,147,182.9993105103913,-0.737540679724038,1.1669107355456283
ascending,34.625,124.375,153,160.12501193821993,-0.7116409875209035,1.1489345572954215
ascending,34.625,124.625,151,137.25046725388103,-0.6423839922772338,1.215967462225191
ascending,34.625,124.875,18,114.37571162734227,-0.600583447350396,0.8390878368244999
ascending,34.625,125.125,0,91.50078022344664,,
ascending,34.625,125.375,0,68.6257082027819,,
ascending,34.625,125.625,0,45.7505307225259,,
ascending,34.625,125.875,0,22.87528293729248,,
ascending,34.875,119.375,0,22.806145169250893,,
ascending,34.875,119.625,0,35.97874783276823,,
ascending,34.875,119.875,0,53.474882937133586,,
ascending,34.875,120.125,0,60.11952233376528,,
ascending,34.875,120.375,104,72.00114752544884,-1.0343943742605357,1.95398224504605
ascending,34.875,120.625,145,88.3204486828398,-1.020004653930664,1.942365547375792
ascending,34.875,120.875,157,107.06703561052372,-0.8053656292569106,1.523109807089091
ascending,34.875,121.125,162,123.90420452517547,-0.7256771370216653,1.8380484638207408
ascending,34.875,121.375,160,141.68866281762146,-0.6033678650856018,1.4026610576143703
ascending,34.875,121.625,158,159.7624625020366,-0.6953812731972223,1.392966729127123
ascending,34.875,121.875,157,176.95820508309615,-0.6534145166919489,1.2770256175855306
ascending,34.875,122.125,155,195.3382755624092,-0.7493811176669213,1.7039950704485562
ascending,34.875,122.375,147,214.5984844769548,-0.7360029188143152,1.6522415537823891
ascending,34.875,122.625,156,234.5219847391787,-0.772585581510495,1.6296394917018966
ascending,34.875,122.875,155,249.27614789155976,-0.7234290953605406,1.3824863812263317
ascending,34.875,123.125,155,259.1235946379593,-0.7589687224357359,1.3869636984402303
ascending,34.875,123.375,158,250.85978808105102,-0.8936048097248319,1.6563354335038925
ascending,34.875,123.625,162,228.0555952550152,-0.8643444496908306,1.6505751477134032
ascending,34.875,123.875,148,205.25104739339423,-0.8827516452686207,1.6189641065461648
ascending,34.875,124.125,157,182.44618002410505,-0.7613585010455672,1.2543275536839276
ascending,34.875,124.375,155,159.64102866737184,-0.7057535725255166,1.1755246474781305
ascending,34.875,124.625,153,136.8356288365744,-0.6348350250643063,1.171857150293788
ascending,34.875,124.875,148,114.03001603911966,-0.7101164315197919,1.27372780222813
ascending,34.875,125.125,0,91.22422577727833,,
ascending,34.875,125.375,0,68.41829354905586,,
ascending,34.875,125.625,0,45.61225484903999,,
ascending,34.875,125.875,0,22.80614516924857,,
ascending,35.125,119.625,0,35.890574571981674,,
ascending,35.125,119.875,0,53.23734829845412,,
ascending,35.125,120.125,0,73.5595510045193,,
ascending,35.125,120.375,136,94.88724441271296,-1.145160685567295,2.167362153685564
ascending,35.125,120.625,147,107.53781926701627,-1.0477321618268278,2.216157650819904
ascending,35.125,120.875,158,120.02729515203895,-0.9754573846165138,2.369510607428562
ascending,35.125,121.125,157,130.2278632051495,-0.7960141874422693,2.113955549602332
ascending,35.125,121.375,155,143.29380988040592,-0.7200392661556121,1.8992258714945678
ascending,35.125,121.625,155,158.518097635721,-0.8285400975135064,1.999881322755268
ascending,35.125,121.875,159,175.33933002138355,-0.9984640205431284,2.335419734780078
ascending,35.125,122.125,157,193.3410452732817,-0.8479399589975928,1.9789936398938808
ascending,35.125,122.375,158,205.9537393034635,-0.9203065739402289,2.169278133120965
ascending,35.125,122.625,159,214.37509694139365,-0.9936357534156656,2.2614870636995934
ascending,35.125,122.875,157,224.73926191730195,-0.9872353547697614,2.0984258416362835
ascending,35.125,123.125,159,232.3656454521748,-1.037834203468179,2.169847711022967
ascending,35.125,123.375,159,239.83761321147526,-1.1608647100580562,2.2494132702733545
ascending,35.125,123.625,159,229.3983768266585,-0.9860371223785592,1.9366703879633866
ascending,35.125,123.875,153,206.81482444967054,-0.8317049313214869,1.6613580698655244
ascending,35.125,124.125,161,184.27678982391095,-0.8369840035527389,1.609338878577827
ascending,35.125,124.375,158,161.8034656395088,-0.767575442036496,1.3950594884196568
ascending,35.125,124.625,156,139.42632111777817,-0.6289934989733573,1.1537125520595597
ascending,35.125,124.875,156,117.2006402807752,-0.5694125187702668,1.157018419284609
ascending,35.125,125.125,151,95.23271712371168,-0.6217766313363384,1.211222191592261
ascending,35.125,125.375,9,73.75343544637828,-1.0778891775343153,1.3120079068113277
ascending,35.125,125.625,0,53.35643641590999,,
ascending,35.125,125.875,0,35.93475826120717,,
ascending,35.125,126.125,0,22.736573205289314,,
ascending,35.375,119.625,0,22.6665683699706,,
ascending,35.375,119.875,0,45.33310058159663,,
ascending,35.375,120.125,0,60.013860201233655,,
ascending,35.375,120.375,0,71.64768639521229,,
ascending,35.375,120.625,139,86.39394383910152,-1.2843126598879588,2.7831402923464217
ascending,35.375,120.875,159,94.81991967909936,-1.1926740370456528,2.8559162067504897
ascending,35.375,121.125,162,107.40412252233051,-1.0727685792946522,2.687860888800848
ascending,35.375,121.375,157,122.87547392708679,-0.985158765391939,2.5591608741065786
ascending,35.375,121.625,154,140.28187226283143,-0.9657014469047646,2.3023207334310407
ascending,35.375,121.875,156,158.26573313702116,-1.0834697240438216,2.689644470690692
ascending,35.375,122.125,156,172.73157978527334,-0.96777726824467,2.370326593308482
ascending,35.375,122.375,161,179.87971455430375,-1.0562539130264188,2.6738135227977002
ascending,35.375,122.625,163,189.4344388614899,-1.1529960954116165,2.6455004840363436
ascending,35.375,122.875,161,199.68899178082034,-1.1972098617079836,2.7746462532499403
ascending,35.375,123.125,156,205.88355000671572,-1.3794709902543287,3.0101752198929073
ascending,35.375,123.375,159,214.255204271646,-1.3619139239473164,2.9286255136275767
ascending,35.375,123.625,155,224.56054684461566,-1.1209608170293992,2.275291446852657
ascending,35.375,123.875,158,212.04188105902276,-0.953337904773181,1.9452212919704739
ascending,35.375,124.125,161,190.1956432011313,-0.8186917364227105,1.457772472943808
ascending,35.375,124.375,161,168.58435492374534,-0.7845241120142966,1.4180895599467886
ascending,35.375,124.625,161,147.31162312288527,-0.6997290812664151,1.1414676768164824
ascending,35.375,124.875,163,126.54846425133256,-0.6264729207278761,1.100271455350574
ascending,35.375,125.125,157,106.5932411663724,-0.5793314101589713,1.12779857925817
ascending,35.375,125.375,145,87.99749659852476,-0.6985942741920208,1.2214563736515691
ascending,35.375,125.625,0,71.82518812167825,,
ascending,35.375,125.875,0,53.23734829845412,,
ascending,35.375,126.125,0,35.890574571981674,,
ascending,35.375,126.375,0,22.6665683699706,,
ascending,35.625,120.125,0,35.80163547383355,,
ascending,35.625,120.375,0,52.997266460712844,,
ascending,35.625,120.625,0,59.987213445327036,,
ascending,35.625,120.875,151,71.55837050407902,-1.3668006713816663,3.0079913093387103
ascending,35.625,121.125,162,87.50703029709963,-1.1768376003077001,2.644935009777371
ascending,35.625,121.375,154,105.87298558130982,-1.0582699961476512,2.6030196961446093
ascending,35.625,121.625,156,122.66680260950514,-1.1331888804068933,2.8224822287540934
ascending,35.625,121.875,154,139.99623041417505,-0.9446122754703868,2.2962792277508806
ascending,35.625,122.125,155,146.04579644522448,-1.174045608889672,2.675947175824431
ascending,35.625,122.375,160,154.40844346561508,-1.1826223775744438,2.9905531444008195
ascending,35.625,122.625,161,165.40729684383675,-1.2238681745825346,2.9369440474918855
ascending,35.625,122.875,159,172.69433699818052,-1.3940898037556582,3.3725346924197925
ascending,35.625,123.125,164,179.79923869528693,-1.5106404932533823,3.3748889945874794
ascending,35.625,123.375,159,189.29856797347404,-1.4450176316987045,3.168048661340642
ascending,35.625,123.625,158,200.85282012003154,-1.2378895222386228,2.6522863962604735
ascending,35.625,123.875,156,214.1295369137791,-1.0043920278549194,2.2386572064399224
ascending,35.625,124.125,162,199.83981302738002,-0.8556402494877945,1.7181886589749482
ascending,35.625,124.375,162,179.46093648238278,-0.8094864774633337,1.526825562311474
ascending,35.625,124.625,160,159.70922069119504,-0.7563072830438614,1.2373352604641146
ascending,35.625,124.875,161,140.84891096709754,-0.7057888611503269,1.150824610340094
ascending,35.625,125.125,160,123.28992384229852,-0.6446244984865188,1.1574552723580718
ascending,35.625,125.375,152,106.35442154287932,-0.6938555366114566,1.2258215214906594
ascending,35.625,125.625,18,87.83480499377461,-1.30961094962226,1.8358067252046728
ascending,35.625,125.875,0,67.78825002867977,,
ascending,35.625,126.125,0,45.1922275025059,,
ascending,35.625,126.375,0,22.596131996096485,,
ascending,35.875,120.125,0,22.525265424684527,,
ascending,35.875,120.375,0,27.79877005838291,,
ascending,35.875,120.625,0,35.75688543282393,,
ascending,35.875,120.875,1,52.876282454759874,-1.5591111183166504,1.5591111183166504
ascending,35.875,121.125,14,71.46868512604037,-1.4974644184112549,3.333651823264959
ascending,35.875,121.375,156,87.34196328613346,-1.2859648038179448,2.945018588632682
ascending,35.875,121.625,158,105.63038877065598,-1.2236292422572268,3.071976021618632
ascending,35.875,121.875,158,113.4252063537968,-1.1723020725612399,2.786829913374569
ascending,35.875,122.125,165,119.86687943890999,-1.2398896246245412,3.096285837435736
ascending,35.875,122.375,158,129.89499549185444,-1.3327109866504427,3.8588554809220117
ascending,35.875,122.625,158,140.77852067181294,-1.134849436675446,2.489619684060137
ascending,35.875,122.875,159,146.00168803626218,-1.210220846739955,2.7695598550861082
ascending,35.875,123.125,159,154.31455993548425,-1.276293751578661,2.92441953872621
ascending,35.875,123.375,158,165.25146461938593,-1.2224661489076252,2.6567254146314765
ascending,35.875,123.625,165,178.33019602289247,-1.0466385639075078,2.0694351202649393
ascending,35.875,123.875,163,193.11600113600537,-0.9707336835334638,2.0082972753800914
ascending,35.875,124.125,162,209.24722888202908,-0.8163725858853187,1.5759623113816206
ascending,35.875,124.375,161,193.74465276523958,-0.7156361378497959,1.3573551478134502
ascending,35.875,124.625,160,175.66633602256442,-0.7503823399543762,1.2731155283432873
ascending,35.875,124.875,160,158.7693163830592,-0.7255331575870514,1.207758511758675
ascending,35.875,125.125,160,138.1879219556292,-0.6659177213907241,1.1845026361329094
ascending,35.875,125.375,151,116.17763712606619,-0.69769010480666,1.2252000561277347
ascending,35.875,125.625,127,94.42707891810264,-1.0569818451648623,1.5123047439760229
ascending,35.875,125.875,0,73.1684436237015,,
ascending,35.875,126.125,0,52.997266460714805,,
ascending,35.875,126.375,0,35.80163547383355,,
ascending,35.875,126.625,0,22.525265424682235,,
ascending,36.125,120.875,0,35.71195200999684,,
ascending,36.125,121.125,0,52.7546762821022,,
ascending,36.125,121.375,9,71.37863571118541,-1.3473336961534288,1.86455327246194
ascending,36.125,121.625,150,83.39631017515015,-1.483819891611735,3.3816121037453164
ascending,36.125,121.875,156,86.33816950572502,-1.3662871229342926,3.1399397188810045
ascending,36.125,122.125,156,94.6164945352869,-1.0771364713421998,2.824539764036938
ascending,36.125,122.375,154,106.9997151074853,-1.0420773989194398,2.7088770822575348
ascending,36.125,122.625,154,113.41099048620939,-0.9912313099031325,2.0362089048897425
ascending,36.125,122.875,155,119.81306304040092,-1.0039522724766885,2.119073102812828
ascending,36.125,123.125,162,129.7832334552914,-1.017176107124046,2.1725511971443217
ascending,36.125,123.375,163,142.57485308427428,-0.9536947355679939,1.9899205964348823
ascending,36.125,123.625,166,157.50190348836006,-0.8872204717383327,1.7308809229314517
ascending,36.125,123.875,164,174.01563130968125,-0.7795782438138636,1.4241538274612462
ascending,36.125,124.125,162,191.70634480801036,-0.7042183022440216,1.2452439613568993
ascending,36.125,124.375,163,197.25935180859187,-0.6806243709259969,1.2757139424599044
ascending,36.125,124.625,161,177.26166646910212,-0.6950577830675966,1.229455681771246
ascending,36.125,124.875,160,157.89442676733537,-0.7054625242948532,1.2331392012496147
ascending,36.125,125.125,157,137.34994979348303,-0.6783704970292984,1.22593590265757
ascending,36.125,125.375,151,115.48550482970944,-0.6839252434029485,1.2414390263056423
ascending,36.125,125.625,33,93.88213407570731,-0.9360608765573213,1.679515168654657
ascending,36.125,125.875,0,72.77292518374797,,
ascending,36.125,126.125,0,52.754676282104136,,
ascending,36.125,126.375,0,35.71195200999684,,
ascending,36.375,121.125,0,35.66683794061305,,
ascending,36.375,121.375,0,52.63245292327392,,
ascending,36.375,121.625,0,55.59754011676653,,
ascending,36.375,121.875,0,59.90674876338169,,
ascending,36.375,122.125,27,71.288227750668,-0.9635282975656015,1.9654214894832494
ascending,36.375,122.375,26,83.39631017514944,-1.1135385861763587,1.8646609382428485
ascending,36.375,122.625,152,86.31946849345807,-1.355790475481435,2.0621369842876778
ascending,36.375,122.875,155,94.5482180160332,-1.0802357304480767,1.7422066933344396
ascending,36.375,123.125,163,106.86383426278903,-1.0089267455727045,2.330907071179907
ascending,36.375,123.375,174,122.03513577295064,-0.7993414374603622,1.7010827843953427
ascending,36.375,123.625,166,139.13097328631378,-0.6943294772182602,1.4449656238598172
ascending,36.375,123.875,163,157.52589860229276,-0.6553619332108761,1.191972811895458
ascending,36.375,124.125,166,176.81481886404848,-0.6815759704773685,1.2734562109641587
ascending,36.375,124.375,166,186.93529984758698,-0.6717544837170336,1.2371847128582865
ascending,36.375,124.625,164,165.76880687894996,-0.6522387934894096,1.2321600836001818
ascending,36.375,124.875,167,144.94511795734286,-0.7899297068932813,1.4264436197236883
ascending,36.375,125.125,154,124.6363503945253,-0.8262765902977485,1.424064227510692
ascending,36.375,125.375,149,105.14148704900353,-1.2073065130502585,1.7546548348127875
ascending,36.375,125.625,29,87.00951071150658,-1.7889312217975486,2.2295305526951377
ascending,36.375,125.875,0,67.1465913998588,,
ascending,36.375,126.125,0,44.76445671798478,,
ascending,36.375,126.375,0,22.38224709424317,,
ascending,36.625,121.125,0,22.31009805809521,,
ascending,36.625,121.375,0,27.798770058383617,,
ascending,36.625,121.625,0,27.798770058383617,,
ascending,36.625,121.875,0,35.621545980481706,,
ascending,36.625,122.125,0,52.50961740896048,,
ascending,36.625,122.375,0,55.59754011676653,,
ascending,36.625,122.625,0,59.87975882271862,,
ascending,36.625,122.875,8,71.19746677672154,-1.6892504692077637,1.8459452017191773
ascending,36.625,123.125,157,86.84214168699923,-1.2770497935592748,2.3885161374014907
ascending,36.625,123.375,176,104.89520226186131,-0.9127217449925162,1.9738309074117426
ascending,36.625,123.625,163,124.31167763873408,-0.6823756972704929,1.5779587479090689
ascending,36.625,123.875,163,144.5430602897124,-0.63606563228771,1.3141037585207003
ascending,36.625,124.125,164,165.29027618758798,-0.6725657276990937,1.2594078501738637
ascending,36.625,124.375,165,164.78062551459064,-0.686414267800071,1.271258343766332
ascending,36.625,124.625,162,154.03108670588003,-0.6323900281647106,1.2671457098483287
ascending,36.625,124.875,169,136.50216745422864,-0.7100917686372114,1.3802177041216108
ascending,36.625,125.125,154,114.78534563667303,-1.054846091703935,1.6756777330058654
ascending,36.625,125.375,149,93.33097410568978,-1.95771216866154,2.7508731023509694
ascending,36.625,125.625,0,72.37304484064803,,
ascending,36.625,125.875,0,52.50961740895856,,
ascending,36.625,126.125,0,35.621545980481706,,
ascending,36.875,121.875,0,22.237524270129544,,
ascending,36.875,122.125,0,27.79877005838291,,
ascending,36.875,122.625,0,35.57607890594403,,
ascending,36.875,122.875,0,52.38617482045518,,
ascending,36.875,123.125,135,72.17148458065286,-1.45390999228866,2.4381752754781085
ascending,36.875,123.375,180,93.05308172827691,-1.068070724275377,2.1285622581029275
ascending,36.875,123.625,166,114.43227699269495,-0.7183986945324633,1.7195266463705
ascending,36.875,123.875,163,136.07462140733386,-0.6072659609507929,1.4345950293737117
ascending,36.875,124.125,162,156.7282652033133,-0.6458387816393817,1.2542762597199135
ascending,36.875,124.375,163,142.0281839329264,-0.7081511006033494,1.3217844537393313
ascending,36.875,124.625,162,129.44563384783177,-0.6486257682611913,1.2708630344885536
ascending,36.875,124.875,166,119.65063457412408,-0.681412719818483,1.297648894400112
ascending,36.875,125.125,153,111.18685907905967,-1.0572462923386519,1.6442370225370648
ascending,36.875,125.375,151,88.94971594860702,-1.8690871813439376,2.485404057937095
ascending,36.875,125.625,0,66.71242035883242,,
ascending,36.875,125.875,0,44.475010427584174,,
ascending,36.875,126.125,0,22.237524270129544,,
ascending,37.125,119.375,0,22.16452711204997,,
ascending,37.125,119.625,0,22.16452711204772,,
ascending,37.125,122.625,0,22.16452711204997,,
ascending,37.125,122.875,0,44.32901579405595,,
ascending,37.125,123.125,14,66.49342761511706,-1.4710269996098109,1.6506879129444907
ascending,37.125,123.375,168,88.65772414259835,-1.0475943315596807,2.0456243862462187
ascending,37.125,123.625,163,110.82186694127394,-0.7252140308450337,1.8315025297928593
ascending,37.125,123.875,164,132.98581757246984,-0.6679368455235551,1.6640616036536233
ascending,37.125,124.125,161,138.2535020976442,-0.6324118175861998,1.3026079569619544
ascending,37.125,124.375,164,121.39522626572094,-0.6613587984224645,1.3060168104078196
ascending,37.125,124.625,163,106.4530732211446,-0.8124217314222839,1.3846432161858881
ascending,37.125,124.875,165,94.34204990595235,-0.8959898688576439,1.5128764990922503
ascending,37.125,125.125,151,86.26305620705183,-1.0697366133430937,1.6206179761468817
ascending,37.125,125.375,133,83.39631017514944,-1.745928534887787,2.212082904201131
ascending,37.125,125.625,0,72.17148458065286,,
ascending,37.125,125.875,0,52.38617482045518,,
ascending,37.125,126.125,0,35.57607890594403,,
ascending,37.125,126.375,0,27.79877005838291,,
ascending,37.125,126.625,0,22.16452711204772,,
ascending,37.375,119.125,0,22.09110797362746,,
ascending,37.375,119.375,0,35.53043951390164,,
ascending,37.375,119.625,0,35.530439513900234,,
ascending,37.375,122.625,0,22.091107973629708,,
ascending,37.375,122.875,4,44.18217720241422,-1.7193747758865356,1.8130265413720925
ascending,37.375,123.125,14,66.27316894065136,-1.4933718953813826,1.6915879756604664
ascending,37.375,123.375,163,88.36404444090473,-0.9927352893571912,2.2124935658507177
ascending,37.375,123.625,162,110.45476495314666,-0.7368206506893958,1.8760145565022002
ascending,37.375,123.875,162,132.545291723901,-0.6534387506084678,1.6730946219327716
ascending,37.375,124.125,162,121.1801449160289,-0.637892093187497,1.2883026866119698
ascending,37.375,124.375,164,104.14913507407861,-0.8513959471772357,1.4642211536157326
ascending,37.375,124.625,163,86.335564529414,-1.2530524423517333,1.8362445465561958
ascending,37.375,124.875,26,70.92312171319428,-1.6912694527552679,2.0752554881035983
ascending,37.375,125.125,0,59.79831108479543,,
ascending,37.375,125.375,0,55.59754011676582,,
ascending,37.375,125.625,0,59.79831108479461,,
ascending,37.375,125.875,0,59.79831108479461,,
ascending,37.375,126.125,0,52.137489002008664,,
ascending,37.375,126.375,0,35.484630621804676,,
ascending,37.625,119.125,0,22.017268252671276,,
ascending,37.625,119.375,0,44.03449744833579,,
ascending,37.625,119.625,0,52.137489002006774,,
ascending,37.625,119.875,0,35.484630621804676,,
ascending,37.625,120.125,0,22.017268252671276,,
ascending,37.625,121.375,0,22.017268252673517,,
ascending,37.625,121.625,0,27.79877005838291,,
ascending,37.625,121.875,0,27.79877005838291,,
ascending,37.625,122.125,0,27.79877005838291,,
ascending,37.625,122.375,0,27.79877005838291,,
ascending,37.625,122.625,0,35.484630621804676,,
ascending,37.625,122.875,13,52.137489002006774,-1.4946290529691255,1.7037488892279196
ascending,37.625,123.125,127,71.76515567186966,-1.0222709103832095,2.2100609059254874
ascending,37.625,123.375,165,92.49270932688243,-0.9891134868968617,2.3543541457628536
ascending,37.625,123.625,162,113.72020429913151,-0.692807212287997,1.8153310311529427
ascending,37.625,123.875,162,122.9963014018306,-0.6333668055357756,1.447877009213872
ascending,37.625,124.125,158,103.89807647126614,-0.8045882062066959,1.4476531478331183
ascending,37.625,124.375,15,86.16524392431062,-1.9668332099914552,2.3053706660485944
ascending,37.625,124.625,0,70.83100482995718,,
ascending,37.625,124.875,0,52.012256192029284,,
ascending,37.625,125.125,0,35.43865506766419,,
ascending,37.625,125.375,0,27.79877005838291,,
ascending,37.625,125.625,0,35.4386550676628,,
ascending,37.625,125.875,0,35.4386550676628,,
ascending,37.625,126.125,0,27.79877005838291,,
ascending,37.875,119.125,0,21.94300935499117,,
ascending,37.875,119.375,0,43.88597934351153,,
ascending,37.875,119.625,0,65.82887059822245,,
ascending,37.875,119.875,0,52.012256192027394,,
ascending,37.875,120.125,0,35.4386550676628,,
ascending,37.875,120.375,0,27.79877005838291,,
ascending,37.875,120.625,0,27.79877005838291,,
ascending,37.875,120.875,0,27.79877005838291,,
ascending,37.875,121.125,0,27.79877005838291,,
ascending,37.875,121.375,0,35.43865506766419,,
ascending,37.875,121.625,0,52.012256192027394,,
ascending,37.875,121.875,0,55.59754011676582,,
ascending,37.875,122.125,0,55.59754011676582,,
ascending,37.875,122.375,0,55.59754011676582,,
ascending,37.875,122.625,3,59.79831108479543,-1.5627787907918294,2.0863714800660436
ascending,37.875,122.875,160,70.92312171319288,-1.1200406908988954,2.015546611511365
ascending,37.875,123.125,171,86.335564529414,-1.032637932147199,2.3947922189540733
ascending,37.875,123.375,162,104.14913507407861,-0.9066862912825596,2.1860233214436944
ascending,37.875,123.625,156,123.32762470866923,-0.7009791869383591,1.8445522013141176
ascending,37.875,123.875,156,113.00027547695679,-0.6287808999037131,1.486909952192617
ascending,37.875,124.125,142,91.92627036354605,-0.9378591759104125,1.6673738044698012
ascending,37.875,124.375,0,71.35459202579379,,
ascending,37.875,124.625,0,51.886437148779336,,
ascending,37.875,124.875,0,35.39251571004789,,
ascending,38.125,118.375,0,27.798770058383617,,
ascending,38.125,119.125,0,35.39251571004651,,
ascending,38.125,119.375,1,51.886437148779336,-0.7230014801025391,0.7230014801025391
ascending,38.125,119.625,14,71.35459202579379,-0.48670787470681326,1.2884251098070767
ascending,38.125,119.875,3,70.83100482995718,1.0960533618927002,1.120233135150324
ascending,38.125,120.125,0,59.77100907131507,,
ascending,38.125,120.375,0,55.59754011676653,,
ascending,38.125,120.625,0,55.59754011676653,,
ascending,38.125,120.875,0,55.59754011676653,,
ascending,38.125,121.125,0,55.59754011676653,,
ascending,38.125,121.375,0,59.77100907131589,,
ascending,38.125,121.625,0,70.83100482995718,,
ascending,38.125,121.875,122,83.39631017514944,-0.8439671954170602,2.136477179779218
ascending,38.125,122.125,160,83.39631017514944,-1.042096661031246,2.3939536926256815
ascending,38.125,122.375,167,83.39631017514944,-1.0189305822292487,2.4514235282512056
ascending,38.125,122.625,171,86.24415369197739,-0.9899175794501054,2.319597264010644
ascending,38.125,122.875,176,94.27289686920183,-0.9909065961837769,2.1455838677625176
ascending,38.125,123.125,174,106.31514154712607,-1.0033586025238037,2.2261692715195327
ascending,38.125,123.375,159,121.1801449160305,-0.8346181185740345,2.001449102983285
ascending,38.125,123.625,156,131.20860755706357,-0.7182069038733457,1.8200228778406593
ascending,38.125,123.875,155,109.34086999041219,-0.5744003665062689,1.4581783201235932
ascending,38.125,124.125,24,87.47293404065965,-0.4812915523846944,1.8206737093856888
ascending,38.125,124.375,0,65.60483938960603,,
ascending,38.125,124.625,0,43.73662571559284,,
ascending,38.375,117.875,0,21.793239692582592,,
ascending,38.375,118.125,0,35.34621542807993,,
ascending,38.375,118.375,0,51.76003721388545,,
ascending,38.375,118.625,0,55.59754011676653,,
ascending,38.375,118.875,0,55.59754011676653,,
ascending,38.375,119.125,0,59.74363396342977,,
ascending,38.375,119.375,8,70.73856321106466,-0.5968171656131744,1.39802379725538
ascending,38.375,119.625,169,85.9942069787677,-0.6722095710991403,1.4197247362589949
ascending,38.375,119.875,169,94.20353665375656,-0.6424347634851579,1.3995198828107405
ascending,38.375,120.125,160,86.22520431036877,-0.6716750830411911,1.4754764702861083
ascending,38.375,120.375,0,83.39631017514944,,
ascending,38.375,120.625,0,83.39631017514944,,
ascending,38.375,120.875,0,83.39631017514944,,
ascending,38.375,121.125,0,83.39631017514944,,
ascending,38.375,121.375,0,86.22520431036932,,
ascending,38.375,121.625,0,86.16808911424225,,
ascending,38.375,121.875,3,83.39631017515015,-0.7736666997273763,1.8136829154982308
ascending,38.375,122.125,161,86.16808911424225,-1.0049462051865476,2.3875545964880955
ascending,38.375,122.375,166,93.99426135706757,-1.0785352943173374,2.5474803255852976
ascending,38.375,122.625,179,105.75858732305484,-1.1380483158473862,2.6011373099545496
ascending,38.375,122.875,176,119.5415719747431,-1.1443199596621774,2.681774843166739
ascending,38.375,123.125,171,129.21871546030525,-0.8961253891214292,1.8368733681894758
ascending,38.375,123.375,157,141.66035730031606,-0.7319430302662454,1.7534135056560947
ascending,38.375,123.625,159,130.75803891118463,-0.7234550422092654,1.6954281266544289
ascending,38.375,123.875,163,108.96539890422169,-0.5929170737237287,1.4663285879825387
ascending,38.375,124.125,160,87.17255899486594,-0.8887783348560333,1.8601111795223282
ascending,38.375,124.375,0,65.37955916877179,,
ascending,38.375,124.625,0,43.586439408137856,,
ascending,38.375,124.875,0,21.79323969258481,,
ascending,38.625,117.625,0,21.71773177927485,,
ascending,38.625,117.875,0,35.29975712144348,,
ascending,38.625,118.125,0,51.63306178254721,,
ascending,38.625,118.375,0,55.59754011676653,,
ascending,38.625,118.625,0,59.66108996884996,,
ascending,38.625,118.875,0,70.4593479349687,,
ascending,38.625,119.125,0,85.47688631856471,,
ascending,38.625,119.375,164,93.92412097024466,-0.7775664220495921,1.6846921531635717
ascending,38.625,119.625,169,105.61828553617265,-0.7034040146325466,1.5895181861056822
ascending,38.625,119.875,169,119.48681940621076,-0.7165381471080893,1.655247651294076
ascending,38.625,120.125,167,113.32491019919496,-0.7076011303656116,1.758573900599282
ascending,38.625,120.375,135,111.19508023353306,-0.8000332673390707,2.5622402100295245
ascending,38.625,120.625,0,111.19508023353306,,
ascending,38.625,120.875,0,102.88227856582144,,
ascending,38.625,121.125,0,85.47688631856471,,
ascending,38.625,121.375,0,70.45934793496735,,
ascending,38.625,121.625,0,59.66108996884996,,
ascending,38.625,121.875,0,55.59754011676653,,
ascending,38.625,122.125,0,59.66108996884996,,
ascending,38.625,122.375,18,70.45934793496735,-1.3341108428107367,2.8787727887378782
ascending,38.625,122.625,144,85.47688631856471,-1.3828755699925952,2.6906031644331825
ascending,38.625,122.875,168,102.88227856582144,-1.4159915163403465,2.758449829662832
ascending,38.625,123.125,162,119.26642685464863,-1.0047803513797713,1.916704108291816
ascending,38.625,123.375,155,128.6453875450823,-0.8082401337162141,1.8166498473397483
ascending,38.625,123.625,158,130.3049808977474,-0.7207969200762012,1.780294575534635
ascending,38.625,123.875,166,108.58785331847548,-0.5336677525416914,1.4846724724171432
ascending,38.625,124.125,163,86.87052433202409,-0.7772844964009853,1.8384229653583686
ascending,38.625,124.375,0,65.15303422499993,,
ascending,38.625,124.625,0,43.43542328055723,,
ascending,38.625,124.875,0,21.71773177927485,,
ascending,38.875,117.875,0,35.20637813565772,,
ascending,38.875,118.125,0,35.20637813565772,,
ascending,38.875,118.375,0,27.798770058383617,,
ascending,38.875,118.625,0,35.20637813565908,,
ascending,38.875,118.875,0,51.37740628237818,,
ascending,38.875,119.125,0,59.63344241765044,,
ascending,38.875,119.375,19,70.3656655734822,-0.38905690218272965,1.52831438429598
ascending,38.875,119.625,162,85.30307263613649,-0.8533484722361152,1.7870270731112128
ascending,38.875,119.875,168,102.62549271379483,-0.7990996880190713,1.7903610476289833
ascending,38.875,120.125,170,119.87181186320156,-0.9851944187108208,2.3210046247366836
ascending,38.875,120.375,168,132.5678320873182,-1.0486731153158915,2.7788865363649435
ascending,38.875,120.625,0,111.53713181312692,,
ascending,38.875,120.875,0,90.77543912257556,,
ascending,38.875,121.125,0,70.5209720853012,,
ascending,38.875,121.875,0,27.798770058383617,,
ascending,38.875,122.125,0,35.20637813565908,,
ascending,38.875,122.375,0,51.37740628237634,,
ascending,38.875,122.625,4,70.3656655734822,-2.327499747276306,2.5506453873619774
ascending,38.875,122.875,0,85.30307263613483,,
ascending,38.875,123.125,0,93.85379779726692,,
ascending,38.875,123.375,0,105.47753613316125,,
ascending,38.875,123.625,134,111.19508023353306,-0.7533918636948315,1.5835832793882578
ascending,38.875,123.875,163,111.19508023353306,-0.5901331374981652,1.4575168033217925
ascending,38.875,124.125,162,91.0653715449976,-0.8419271928292734,1.8220017721641428
ascending,38.875,124.375,15,70.7309218377433,-1.9104666233062744,2.6282634892879106
ascending,38.875,124.625,0,51.505516304064415,,
ascending,38.875,124.875,0,35.253143710375866,,
ascending,38.875,125.125,0,21.641810392023686,,
ascending,39.125,117.875,0,21.56547697627276,,
ascending,39.125,118.125,0,21.56547697627276,,
ascending,39.125,118.625,0,21.565476976274955,,
ascending,39.125,118.875,0,27.79877005838291,,
ascending,39.125,119.125,0,35.159463358616534,,
ascending,39.125,119.375,6,51.24873727660037,-0.2354330817858378,0.9078256550297067
ascending,39.125,119.625,0,70.27168778183302,,
ascending,39.125,119.875,166,85.12858733341959,-0.958510002817016,2.368889225986243
ascending,39.125,120.125,161,102.36759449426678,-0.9512884187402192,2.357434942180982
ascending,39.125,120.375,161,119.15545740720674,-1.0979049746294198,2.8558863781055273
ascending,39.125,120.625,13,102.36759449426495,-1.5465386280646691,2.8735995737409326
ascending,39.125,120.875,0,85.12858733341793,,
ascending,39.125,121.125,0,64.69626744416222,,
ascending,39.125,121.375,0,43.130913081597384,,
ascending,39.125,121.625,0,21.565476976274955,,
ascending,39.125,122.125,0,21.565476976274955,,
ascending,39.125,122.375,0,35.159463358616534,,
ascending,39.125,122.625,0,51.24873727660037,,
ascending,39.125,122.875,0,59.60573177758449,,
ascending,39.125,123.125,0,70.27168778183167,,
ascending,39.125,123.375,0,83.39631017514944,,
ascending,39.125,123.625,0,83.39631017514944,,
ascending,39.125,123.875,156,83.39631017514944,-0.8901760715704697,1.4933019792007522
ascending,39.125,124.125,158,86.11060322809091,-1.2023712502250188,1.8311923625540436
ascending,39.125,124.375,0,85.47688631856471,,
ascending,39.125,124.625,0,64.69626744416222,,
ascending,39.125,124.875,0,43.13091308159958,,
ascending,39.125,125.125,0,21.565476976274955,,
ascending,39.375,119.375,0,35.11240236111372,,
ascending,39.375,119.625,0,51.11951490159472,,
ascending,39.375,119.875,0,70.09802419904838,,
ascending,39.375,120.125,152,84.95343960099133,-0.8826056891366055,2.4344064126367093
ascending,39.375,120.375,153,93.71262291724507,-0.9457956823258619,2.514158799139804
ascending,39.375,120.625,18,90.19117283022182,-0.733222120338016,1.9202214189970428
ascending,39.375,120.875,0,70.09802419904638,,
ascending,39.375,121.125,0,51.119514901592886,,
ascending,39.375,121.625,0,21.488732985316652,,
ascending,39.375,122.375,0,21.488732985314464,,
ascending,39.375,122.625,0,27.798770058383617,,
ascending,39.375,122.875,0,35.11240236111238,,
ascending,39.375,123.125,0,51.119514901592886,,
ascending,39.375,123.375,0,55.59754011676653,,
ascending,39.375,123.625,0,55.59754011676653,,
ascending,39.375,123.875,0,55.59754011676653,,
ascending,39.375,124.125,0,59.57796007237023,,
ascending,39.375,124.375,0,59.57796007237023,,
ascending,39.375,124.625,0,55.59754011676653,,
ascending,39.375,124.875,0,51.11951490159472,,
ascending,39.375,125.125,0,35.11240236111372,,
ascending,39.375,125.375,0,21.488732985314464,,
ascending,39.625,119.375,0,21.411579880253466,,
ascending,39.625,119.625,0,35.06519814552713,,
ascending,39.625,119.875,0,50.98974482850771,,
ascending,39.625,120.125,0,59.55012933297708,,
ascending,39.625,120.375,0,70.08286988640356,,
ascending,39.625,120.625,0,84.77763871290409,,
ascending,39.625,120.875,0,64.23457383377168,,
ascending,39.625,121.125,0,42.823118308972695,,
ascending,39.625,121.375,0,21.41157988025129,,
ascending,39.625,123.125,0,27.79877005838291,,
ascending,39.625,123.375,0,27.79877005838291,,
ascending,39.625,123.625,0,27.79877005838291,,
ascending,39.625,123.875,0,27.79877005838291,,
ascending,39.625,124.125,0,35.06519814552713,,
ascending,39.625,124.375,0,35.06519814552713,,
ascending,39.625,124.875,0,27.79877005838291,,
ascending,39.875,119.625,0,21.334019129978966,,
ascending,39.875,119.875,0,27.79877005838291,,
ascending,39.875,120.125,0,35.0178537347542,,
ascending,39.875,120.375,0,50.85943278537675,,
ascending,39.875,120.625,0,59.52224159750916,,
ascending,39.875,120.875,0,69.88504002129802,,
ascending,39.875,121.125,0,50.98974482850771,,
ascending,39.875,121.375,0,35.0651981455258,,
ascending,39.875,124.375,0,21.334019129978966,,
ascending,40.125,120.375,0,27.798770058383617,,
ascending,40.125,120.625,0,34.97037217218727,,
ascending,40.125,120.875,0,50.72858455769325,,
ascending,40.125,121.125,0,69.45608660830841,,
ascending,40.125,121.375,0,50.85943278537675,,
ascending,40.125,121.625,0,35.0178537347542,,
ascending,40.125,121.875,0,21.256052211147626,,
ascending,40.375,120.625,0,21.177680608146705,,
ascending,40.375,120.875,0,34.92275652169918,,
ascending,40.375,121.125,0,50.59720598899836,,
ascending,40.375,121.375,0,69.24013174994798,,
ascending,40.375,121.625,0,50.72858455769325,,
ascending,40.375,121.875,0,34.97037217218727,,
ascending,40.375,122.125,0,21.17768060814455,,
ascending,40.625,120.875,0,21.09890581306801,,
ascending,40.625,121.125,0,34.87500986762984,,
ascending,40.625,121.375,0,50.46530298150939,,
ascending,40.625,121.625,0,50.46530298151118,,
ascending,40.625,121.875,0,34.875009867631135,,
ascending,40.625,122.125,0,21.098905813065862,,
ascending,40.875,121.125,0,21.019729325677314,,
ascending,40.875,121.375,0,27.79877005838291,,
descending,33.375,120.875,0,23.21441305918011,,
descending,33.375,121.125,0,46.42879268003317,,
descending,33.375,121.375,0,69.64310542339943,,
descending,33.375,121.625,133,89.2692998231175,-0.15327689342929007,0.8529542244609725
descending,33.375,121.875,143,108.4569869318403,-0.11149073313999842,0.9539606046962813
descending,33.375,122.125,149,128.9990909975857,0.03540743757414338,0.8198512785540231
descending,33.375,122.375,144,150.34135341073727,-0.05278990003797743,0.852073287871739
descending,33.375,122.625,141,172.18639700319412,-0.09886797100094193,0.9166611718909918
descending,33.375,122.875,133,194.36466682782805,-0.11173618287968456,1.0077350430880907
descending,33.375,123.125,129,214.7103913810304,-0.3133040805195653,1.4587571737239915
descending,33.375,123.375,134,233.02071562143664,-0.3875934081291085,1.5142469905054592
descending,33.375,123.625,143,250.790499899597,-0.36549348764486245,1.339001010946964
descending,33.375,123.875,144,232.1386126030639,-0.27418443229463363,1.4484611218912464
descending,33.375,124.125,144,208.92570454564975,-0.20295719305674234,1.3354175744709742
descending,33.375,124.375,130,185.71249544252765,-0.19084749221801758,1.219978611991893
descending,33.375,124.625,131,162.49901876225653,-0.10515478731111716,1.0653452821773177
descending,33.375,124.875,133,139.28530796668372,-0.09488946154601592,1.0591291630290312
descending,33.375,125.125,144,116.07139651176668,-0.20413431194093493,1.035001840097904
descending,33.375,125.375,148,92.85731784843017,-0.18558361723616318,0.9107799000382076
descending,33.375,125.625,148,69.64310542339943,-0.21372967797356682,0.9347731517968063
descending,33.375,125.875,1,46.42879268003317,1.9049997329711914,1.9049997329711914
descending,33.375,126.125,0,23.21441305918011,,
descending,33.625,120.625,0,23.147465848933535,,
descending,33.625,120.875,0,36.195692496937475,,
descending,33.625,121.125,0,54.05732748159724,,
descending,33.625,121.375,137,74.89300210438348,-0.04017988608701386,0.7896208794029003
descending,33.625,121.625,139,96.80089824509845,-0.21003873742741647,0.8679894720262521
descending,33.625,121.875,142,119.19114584276954,-0.1102733444160139,0.819609548656881
descending,33.625,122.125,149,141.8353966765062,0.017152722249895135,0.7910050124762945
descending,33.625,122.375,148,162.51282658090955,-0.07152166882076778,0.9060450965955952
descending,33.625,122.625,143,182.85470326649846,-0.15450759034056763,1.1797429709134857
descending,33.625,122.875,133,203.81852796141553,-0.13729940858998693,1.1311363574425795
descending,33.625,123.125,133,225.2305971422367,-0.31443428455438827,1.5085752734785531
descending,33.625,123.375,138,246.9742467220699,-0.38869467334470886,1.5577108593450502
descending,33.625,123.625,148,255.56779756395744,-0.3556775917878022,1.4390335316324419
descending,33.625,123.875,143,233.46488814916611,-0.21381297478309044,1.2888355455040943
descending,33.625,124.125,145,210.46844925001287,-0.1961779232682853,1.2889181331280213
descending,33.625,124.375,136,187.51678014571203,-0.11189903231228099,1.1757530829519602
descending,33.625,124.625,131,164.6287676010199,-0.07415692860843572,0.9091231602495188
descending,33.625,124.875,129,141.8353966765062,-0.3427506084589995,0.9308416564813223
descending,33.625,125.125,143,119.19114584276954,-0.6191605788010818,1.0880815415951557
descending,33.625,125.375,146,96.80089824509845,-0.6772404566203079,1.0929239346913893
descending,33.625,125.625,143,74.89300210438348,-0.6181233679497993,1.060319229566057
descending,33.625,125.875,1,54.05732748159724,0.5349998474121094,0.5349998474121094
descending,33.875,120.625,0,23.08007794446197,,
descending,33.875,120.875,0,46.16012176003878,,
descending,33.875,121.125,0,69.24009731699758,,
descending,33.875,121.375,141,88.95641105915352,-0.16961859811282326,0.8364275661046431
descending,33.875,121.625,140,107.99898202176155,-0.2258493593760899,0.9012025892605021
descending,33.875,121.875,143,128.3972805075565,-0.13185047269701125,0.8905027499593304
descending,33.875,122.125,149,149.59765868597407,-0.08207238920583021,0.9243730405887719
descending,33.875,122.375,146,171.30247876325694,-0.1759961141298895,1.2828654531422632
descending,33.875,122.625,144,193.3418221828168,-0.18135742677582634,1.5253177528157884
descending,33.875,122.875,138,215.61302249963455,-0.13798087230627087,1.3240755607773191
descending,33.875,123.125,134,236.66800613390828,-0.21105544958541642,1.2752982733711296
descending,33.875,123.375,129,257.3898448419257,-0.33666020770405614,1.2469720940654405
descending,33.875,123.625,145,244.43845128909183,-0.4027165051164298,1.3437087938808765
descending,33.875,123.875,144,222.97864168512893,-0.2543206214904785,1.251451963128342
descending,33.875,124.125,140,201.8526483298349,-0.10261712074279786,0.9732825680103789
descending,33.875,124.375,145,181.1774312388156,-0.22351349140035695,1.1504240123339642
descending,33.875,124.625,129,161.1267584293856,-0.2488336119540902,0.8981048204075004
descending,33.875,124.875,27,141.96564766166654,-0.7069260632550275,0.9958495948806227
descending,33.875,125.125,0,124.10695034360315,,
descending,33.875,125.375,0,107.99898202176155,,
descending,33.875,125.625,7,88.95641105915352,-1.9916738782610213,2.115783573689806
descending,33.875,125.875,1,72.34827152309452,-1.5550003051757812,1.5550003051757812
descending,34.125,120.375,0,23.01225062874241,,
descending,34.125,120.625,0,36.10952561668307,,
descending,34.125,120.875,0,53.82632579675766,,
descending,34.125,121.125,145,74.51770699791463,-0.20240053966127594,0.8428615258072953
descending,34.125,121.375,152,96.28461949927377,-0.21706859061592504,0.8565137585134115
descending,34.125,121.625,141,118.53594012381575,-0.1679215025394521,0.9102732964230958
descending,34.125,121.875,143,141.04248878224476,-0.10799325262749945,0.9408316014534139
descending,34.125,122.125,150,161.82378135402217,-0.13370027860005695,1.1274902542224468
descending,34.125,122.375,148,182.02103015066075,-0.1933142462292233,1.344458117178912
descending,34.125,122.625,148,202.8415220318314,-0.18817170568414637,1.6216086702083372
descending,34.125,122.875,143,224.111516957732,-0.1194788892785986,1.2561353865688358
descending,34.125,123.125,132,245.71420175099828,-0.2331798221125747,1.4819159325241635
descending,34.125,123.375,130,258.4257137545095,-0.2540437625004695,1.4029487002569951
descending,34.125,123.625,143,236.07264323209097,-0.2704202111784395,1.113314105371124
descending,34.125,123.875,145,213.8439933708243,-0.2039714418608567,1.2119635017381583
descending,34.125,124.125,140,191.78319039723118,-0.14657752513885497,1.0689762399470621
descending,34.125,124.375,143,169.95576799096716,-0.23681139779257607,0.9764301389106965
descending,34.125,124.625,133,148.4648588177765,-0.25420500461320233,0.9025661610354136
descending,34.125,124.875,0,127.48092937605774,,
descending,34.125,125.125,0,107.30199148443344,,
descending,34.125,125.375,0,88.48069353095134,,
descending,34.125,125.625,0,72.08853566691903,,
descending,34.375,120.125,0,22.943985193126963,,
descending,34.375,120.375,0,36.066134112511804,,
descending,34.375,120.625,0,53.7098322928317,,
descending,34.375,120.875,0,72.17552248233511,,
descending,34.375,121.125,154,88.64010728529256,-0.2575166349287157,1.0089562484818675
descending,34.375,121.375,154,107.53564065344757,-0.20140983841635965,0.9747057392105741
descending,34.375,121.625,140,127.78818414071068,-0.12681106158665248,0.8991646417797672
descending,34.375,121.875,140,148.8447447649314,-0.1477011101586478,1.0145224471863747
descending,34.375,122.125,152,170.40743298127396,-0.18103150003834775,1.202828061710673
descending,34.375,122.375,155,192.30596522057715,-0.23839295910250757,1.450161298596607
descending,34.375,122.625,154,214.43736513320795,-0.3424799937706489,1.8098728546320948
descending,34.375,122.875,150,235.60126866021696,-0.3421931997934977,1.8504679507629171
descending,34.375,123.125,139,256.1787760704695,-0.28687259962232853,1.4179116987269365
descending,34.375,123.375,134,253.5270442514645,-0.2486314560050395,1.48654834328488
descending,34.375,123.625,146,230.77111695342904,-0.27078564852884374,1.2685906027860607
descending,34.375,123.875,148,208.04816184304013,-0.27470584817834803,1.1950103187495256
descending,34.375,124.125,148,185.3704690219033,-0.25451159155046615,1.125652174977431
descending,34.375,124.375,143,162.75712690021325,-0.21133664271214625,1.0346559710874088
descending,34.375,124.625,141,140.2394397512086,-0.21762284150360323,0.9139990424409664
descending,34.375,124.875,15,117.87241740423879,-0.5306666056315105,0.7690894778836304
descending,34.375,125.125,0,95.76187443346511,,
descending,34.375,125.375,0,74.13783614112572,,
descending,34.375,125.625,0,53.592683125724285,,
descending,34.375,125.875,0,36.02254065394839,,
descending,34.625,119.625,0,22.875282937294806,,
descending,34.625,119.875,0,27.798770058383617,,
descending,34.625,120.125,0,36.02254065394987,,
descending,34.625,120.375,0,53.592683125724285,,
descending,34.625,120.625,0,72.08853566691903,,
descending,34.625,120.875,158,88.48069353095315,-0.45161119895645335,1.16559545130064
descending,34.625,121.125,158,107.30199148443344,-0.24081886569155922,0.9972002564968727
descending,34.625,121.375,156,124.10695034360486,-0.19009018861330473,0.9816930811083577
descending,34.625,121.625,152,141.96564766166654,-0.26737384105983536,1.182964011051695
descending,34.625,121.875,145,161.12675842938762,-0.3264865020225788,1.4696264169280893
descending,34.625,122.125,155,181.1774312388177,-0.32379450028942475,1.4987356637135312
descending,34.625,122.375,149,201.85264832983708,-0.338236696768127,1.4976638424654245
descending,34.625,122.625,150,222.97864168513107,-0.469421173731486,1.7258028923797548
descending,34.625,122.875,149,244.43845128909183,-0.539575579982476,1.9037145186151823
descending,34.625,123.125,149,266.1512287628532,-0.7126580468760241,2.145460531680159
descending,34.625,123.375,134,251.6203777596441,-0.533584128564863,1.7247710283094095
descending,34.625,123.625,145,228.74702860769625,-0.4907623554098195,1.5206042152586756
descending,34.625,123.875,149,205.87332779446848,-0.34463339043943675,1.2523535280850118
descending,34.625,124.125,146,182.9993105103913,-0.30968400550215214,1.123665788266481
descending,34.625,124.375,146,160.12501193821993,-0.23069222006079268,0.9248839790896122
descending,34.625,124.625,147,137.25046725388103,-0.21792149705951716,0.8777700720866829
descending,34.625,124.875,27,114.37571162734227,-0.564703729417589,0.9474463616904076
descending,34.625,125.125,0,91.50078022344664,,
descending,34.625,125.375,0,68.6257082027819,,
descending,34.625,125.625,0,45.7505307225259,,
descending,34.625,125.875,0,22.87528293729248,,
descending,34.875,119.375,0,22.806145169250893,,
descending,34.875,119.625,0,35.97874783276823,,
descending,34.875,119.875,0,53.474882937133586,,
descending,34.875,120.125,0,60.11952233376528,,
descending,34.875,120.375,97,72.00114752544884,-0.8045156272416262,2.1366231443296586
descending,34.875,120.625,157,88.3204486828398,-0.9152364852322135,2.4746880249721204
descending,34.875,120.875,159,107.06703561052372,-0.5322658760742571,1.5692716496003478
descending,34.875,121.125,156,123.90420452517547,-0.3886603116989136,1.2169000360454194
descending,34.875,121.375,155,141.68866281762146,-0.3701105148561539,1.3676221444861185
descending,34.875,121.625,156,159.7624625020366,-0.5407335666509775,1.8391061293247388
descending,34.875,121.875,145,176.95820508309615,-0.636854678186877,2.3285089593490222
descending,34.875,122.125,150,195.3382755624092,-0.7640239334106446,2.474412510491957
descending,34.875,122.375,154,214.5984844769548,-0.8866636598265016,2.3912874116039933
descending,34.875,122.625,147,234.5219847391787,-0.912999827845567,2.355667074653248
descending,34.875,122.875,140,249.27614789155976,-0.9856305258614676,2.3892732008508157
descending,34.875,123.125,140,259.1235946379593,-1.185989601271493,2.813589710386419
descending,34.875,123.375,134,250.85978808105102,-1.3062368364476447,2.8524286754828356
descending,34.875,123.625,143,228.0555952550152,-1.1404487869956277,2.382163041498891
descending,34.875,123.875,154,205.25104739339423,-0.8969722537251262,2.2626433479484667
descending,34.875,124.125,153,182.44618002410505,-0.6173596787296869,1.6819442347822156
descending,34.875,124.375,150,159.64102866737184,-0.29959000905354816,0.9725940924818124
descending,34.875,124.625,148,136.8356288365744,-0.22582949496604302,0.9003323647464209
descending,34.875,124.875,134,114.03001603911966,-0.19558066396570917,0.9928014592823253
descending,34.875,125.125,0,91.22422577727833,,
descending,34.875,125.375,0,68.41829354905586,,
descending,34.875,125.625,0,45.61225484903999,,
descending,34.875,125.875,0,22.80614516924857,,
descending,35.125,119.625,0,35.890574571981674,,
descending,35.125,119.875,0,53.23734829845412,,
descending,35.125,120.125,0,73.5595510045193,,
descending,35.125,120.375,123,94.88724441271296,-1.0814749283519218,2.852834840715832
descending,35.125,120.625,153,107.53781926701627,-0.9771005561928344,2.6789330247978653
descending,35.125,120.875,159,120.02729515203895,-0.8395542888521398,2.3241582167821715
descending,35.125,121.125,158,130.2278632051495,-0.7378415548348729,2.0635209831754713
descending,35.125,121.375,156,143.29380988040592,-0.7185090505159818,2.3594766440819384
descending,35.125,121.625,152,158.518097635721,-0.8530327803210208,2.5512693743867776
descending,35.125,121.875,144,175.33933002138355,-1.062741219997406,3.0713923942070958
descending,35.125,122.125,144,193.3410452732817,-1.1103351944022708,3.2975303221341132
descending,35.125,122.375,149,205.9537393034635,-1.107777806736479,3.1559500298107723
descending,35.125,122.625,149,214.37509694139365,-1.442846794256428,3.367836077232216
descending,35.125,122.875,144,224.73926191730195,-1.674914558728536,3.532379559641112
descending,35.125,123.125,135,232.3656454521748,-1.503149014932138,3.2346873139704626
descending,35.125,123.375,134,239.83761321147526,-2.0427710547376035,4.083319465600875
descending,35.125,123.625,137,229.3983768266585,-2.0284279175918467,4.210799567782989
descending,35.125,123.875,149,206.81482444967054,-1.4649654906868135,3.391837849073615
descending,35.125,124.125,151,184.27678982391095,-0.9391713710810174,2.5067786978635556
descending,35.125,124.375,150,161.8034656395088,-0.4108717123667399,1.2582617611093903
descending,35.125,124.625,148,139.42632111777817,-0.21196718151504929,0.9110288485893139
descending,35.125,124.875,147,117.2006402807752,-0.060758535553808925,0.8013696187508423
descending,35.125,125.125,134,95.23271712371168,-0.028400392674688083,0.8090375759979421
descending,35.125,125.375,3,73.75343544637828,-1.218666394551595,1.2800672346617348
descending,35.125,125.625,0,53.35643641590999,,
descending,35.125,125.875,0,35.93475826120717,,
descending,35.125,126.125,0,22.736573205289314,,
descending,35.375,119.625,0,22.6665683699706,,
descending,35.375,119.875,0,45.33310058159663,,
descending,35.375,120.125,0,60.013860201233655,,
descending,35.375,120.375,0,71.64768639521229,,
descending,35.375,120.625,136,86.39394383910152,-1.052530330770156,2.777154196805798
descending,35.375,120.875,152,94.81991967909936,-0.9952698161727503,2.5415889037077446
descending,35.375,121.125,154,107.40412252233051,-1.0487535681043352,2.78448404398902
descending,35.375,121.375,155,122.87547392708679,-1.097964883619739,3.389125242176251
descending,35.375,121.625,152,140.28187226283143,-1.1807497928017063,3.305578294925762
descending,35.375,121.875,150,158.26573313702116,-1.2075617758433024,3.1487724773454775
descending,35.375,122.125,140,172.73157978527334,-1.2202390262058802,3.219071574292419
descending,35.375,122.375,148,179.87971455430375,-1.3847922698871509,3.493028519255598
descending,35.375,122.625,145,189.4344388614899,-1.6731060915979845,3.823502715846214
descending,35.375,122.875,140,199.68899178082034,-1.9786542006901333,4.042990084901707
descending,35.375,123.125,130,205.88355000671572,-1.8664758645571196,3.8587746036776887
descending,35.375,123.375,133,214.255204271646,-2.4947195806001363,4.885468337098034
descending,35.375,123.625,131,224.56054684461566,-2.506730778526714,5.039619600391243
descending,35.375,123.875,143,212.04188105902276,-1.811235247792064,4.050253211679493
descending,35.375,124.125,146,190.1956432011313,-1.3020468411380297,2.9989215231140345
descending,35.375,124.375,150,168.58435492374534,-0.5525627263387044,1.5570978839904424
descending,35.375,124.625,148,147.31162312288527,-0.20193244959857012,0.9427358488915403
descending,35.375,124.875,147,126.54846425133256,-0.043808045030451145,0.7689624456157038
descending,35.375,125.125,140,106.5932411663724,0.015403686250959123,0.7426925625997602
descending,35.375,125.375,142,87.99749659852476,-0.09986799199816207,0.8526454556093876
descending,35.375,125.625,0,71.82518812167825,,
descending,35.375,125.875,0,53.23734829845412,,
descending,35.375,126.125,0,35.890574571981674,,
descending,35.375,126.375,0,22.6665683699706,,
descending,35.625,120.125,0,35.80163547383355,,
descending,35.625,120.375,0,52.997266460712844,,
descending,35.625,120.625,0,59.987213445327036,,
descending,35.625,120.875,144,71.55837050407902,-1.094196034802331,2.712654259657591
descending,35.625,121.125,155,87.50703029709963,-1.2579273439222767,3.1910005011537894
descending,35.625,121.375,152,105.87298558130982,-1.1494191602656716,3.469090175987765
descending,35.625,121.625,149,122.66680260950514,-0.93565590749651,3.08507243887866
descending,35.625,121.875,155,139.99623041417505,-1.2032768880167315,3.1148039248807478
descending,35.625,122.125,142,146.04579644522448,-1.0154028593654363,2.664322589058582
descending,35.625,122.375,150,154.40844346561508,-1.348536361058553,3.2463955258005552
descending,35.625,122.625,143,165.40729684383675,-1.2672080793580809,3.1808266480686913
descending,35.625,122.875,146,172.69433699818052,-1.8832904704629558,3.941192265776764
descending,35.625,123.125,142,179.79923869528693,-2.114559935851836,4.273813073352115
descending,35.625,123.375,140,189.29856797347404,-2.4965130703789846,4.675565730555549
descending,35.625,123.625,129,200.85282012003154,-2.445073275603065,4.783534977162062
descending,35.625,123.875,145,214.1295369137791,-2.3381758788536335,4.717837752176887
descending,35.625,124.125,147,199.83981302738002,-1.5419600901960515,3.3629340975018236
descending,35.625,124.375,152,179.46093648238278,-0.6673181903989691,1.8051204870858828
descending,35.625,124.625,151,159.70922069119504,-0.27979894979110614,1.034407469378224
descending,35.625,124.875,149,140.84891096709754,-0.12678988027892657,0.8612771182908372
descending,35.625,125.125,146,123.28992384229852,-0.06611095062673908,0.7865981594063881
descending,35.625,125.375,147,106.35442154287932,-0.10780591380839445,1.0353638865404107
descending,35.625,125.625,29,87.83480499377461,-0.48699993922792634,1.143203268714042
descending,35.625,125.875,0,67.78825002867977,,
descending,35.625,126.125,0,45.1922275025059,,
descending,35.625,126.375,0,22.596131996096485,,
descending,35.875,120.125,0,22.525265424684527,,
descending,35.875,120.375,0,27.79877005838291,,
descending,35.875,120.625,0,35.75688543282393,,
descending,35.875,120.875,0,52.876282454759874,,
descending,35.875,121.125,20,71.46868512604037,-0.6519999027252197,2.506530791070018
descending,35.875,121.375,147,87.34196328613346,-1.0518744251355021,3.058659838339057
descending,35.875,121.625,148,105.63038877065598,-0.9215544961594246,2.913797551757788
descending,35.875,121.875,154,113.4252063537968,-0.9858397988529949,2.9023046175642038
descending,35.875,122.125,147,119.86687943890999,-0.7776225448465671,2.495311982622855
descending,35.875,122.375,148,129.89499549185444,-0.9368552694449553,2.618172697337891
descending,35.875,122.625,149,140.77852067181294,-1.0811286068602697,2.5455792001911752
descending,35.875,122.875,149,146.00168803626218,-1.6129179544896888,3.461783227513685
descending,35.875,123.125,144,154.31455993548425,-1.7569692598448858,3.80757230647099
descending,35.875,123.375,142,165.25146461938593,-2.005387910654847,3.783416816807604
descending,35.875,123.625,143,178.33019602289247,-2.2271279455064894,4.117344695933565
descending,35.875,123.875,142,193.11600113600537,-1.8931603330961415,4.014994844752538
descending,35.875,124.125,147,209.24722888202908,-1.3351287484979955,3.1396611015466585
descending,35.875,124.375,151,193.74465276523958,-0.6725555445184771,1.949080535638738
descending,35.875,124.625,153,175.66633602256442,-0.31710029427522146,1.1793997466361803
descending,35.875,124.875,150,158.7693163830592,-0.15670929272969564,0.9537431476320875
descending,35.875,125.125,153,138.1879219556292,-0.11272923151652019,0.8034561221758769
descending,35.875,125.375,147,116.17763712606619,-0.14036654777267352,1.2394894587571919
descending,35.875,125.625,134,94.42707891810264,-0.5236555675962078,1.3613471273675468
descending,35.875,125.875,0,73.1684436237015,,
descending,35.875,126.125,0,52.997266460714805,,
descending,35.875,126.375,0,35.80163547383355,,
descending,35.875,126.625,0,22.525265424682235,,
descending,36.125,120.875,0,35.71195200999684,,
descending,36.125,121.125,0,52.7546762821022,,
descending,36.125,121.375,12,71.37863571118541,-1.144084135691325,2.9672414141140018
descending,36.125,121.625,143,83.39631017515015,-0.9755905291417262,2.704979368314449
descending,36.125,121.875,146,86.33816950572502,-0.9924623027239761,2.806577664668771
descending,36.125,122.125,145,94.6164945352869,-0.7530176968410097,2.567600408925327
descending,36.125,122.375,146,106.9997151074853,-0.572262304388497,2.0520618918271536
descending,36.125,122.625,156,113.41099048620939,-0.7730067097223722,2.1768458967182274
descending,36.125,122.875,152,119.81306304040092,-1.0491916160834462,2.375354344175391
descending,36.125,123.125,151,129.7832334552914,-1.323896382818159,2.953892554255693
descending,36.125,123.375,150,142.57485308427428,-1.5153357569376629,3.2125904606605005
descending,36.125,123.625,150,157.50190348836006,-1.7529752731323243,3.7027373670100165
descending,36.125,123.875,141,174.01563130968125,-1.269815461855408,3.1141745284629776
descending,36.125,124.125,152,191.70634480801036,-1.2681390549007214,3.09053086758467
descending,36.125,124.375,156,197.25935180859187,-0.5740303687560253,1.7309189800169866
descending,36.125,124.625,156,177.26166646910212,-0.34625207155178755,1.2379918220937731
descending,36.125,124.875,152,157.89442676733537,-0.15734857007076866,0.9284664396038197
descending,36.125,125.125,154,137.34994979348303,-0.14723584559056666,0.8429534460093905
descending,36.125,125.375,150,115.48550482970944,-0.23462642669677736,0.8944977072243113
descending,36.125,125.625,21,93.88213407570731,-0.5808890206473214,1.115190674099848
descending,36.125,125.875,0,72.77292518374797,,
descending,36.125,126.125,0,52.754676282104136,,
descending,36.125,126.375,0,35.71195200999684,,
descending,36.375,121.125,0,35.66683794061305,,
descending,36.375,121.375,0,52.63245292327392,,
descending,36.375,121.625,0,55.59754011676653,,
descending,36.375,121.875,0,59.90674876338169,,
descending,36.375,122.125,23,71.288227750668,-0.9410225723100745,1.6269744824849564
descending,36.375,122.375,26,83.39631017514944,-0.5778204133877387,1.640347828873004
descending,36.375,122.625,149,86.31946849345807,-0.9456015553250409,2.241078462638901
descending,36.375,122.875,149,94.5482180160332,-0.866274268835183,1.9372212942656928
descending,36.375,123.125,151,106.86383426278903,-1.0236582534992142,2.3592231705376507
descending,36.375,123.375,149,122.03513577295064,-1.167472775350481,2.7982754580956266
descending,36.375,123.625,143,139.13097328631378,-1.128854011322235,3.0280246726879625
descending,36.375,123.875,152,157.52589860229276,-1.2657523406179327,3.3773472788798773
descending,36.375,124.125,155,176.81481886404848,-1.0566285133361817,2.7714919972891967
descending,36.375,124.375,155,186.93529984758698,-0.43240001432357295,1.4752881504677908
descending,36.375,124.625,156,165.76880687894996,-0.27262632357768524,1.2055472594934802
descending,36.375,124.875,155,144.94511795734286,-0.16126576085244457,1.0343585477138417
descending,36.375,125.125,153,124.6363503945253,-0.40504098094366736,1.2371286054661865
descending,36.375,125.375,155,105.14148704900353,-0.9755449725735572,2.0285120050897696
descending,36.375,125.625,16,87.00951071150658,-0.8284999430179596,1.5896103285167422
descending,36.375,125.875,0,67.1465913998588,,
descending,36.375,126.125,0,44.76445671798478,,
descending,36.375,126.375,0,22.38224709424317,,
descending,36.625,121.125,0,22.31009805809521,,
descending,36.625,121.375,0,27.798770058383617,,
descending,36.625,121.625,0,27.798770058383617,,
descending,36.625,121.875,0,35.621545980481706,,
descending,36.625,122.125,0,52.50961740896048,,
descending,36.625,122.375,0,55.59754011676653,,
descending,36.625,122.625,0,59.87975882271862,,
descending,36.625,122.875,11,71.19746677672154,-2.008727333762429,2.506718296083459
descending,36.625,123.125,150,86.84214168699923,-1.0602538299560547,2.3274370732047682
descending,36.625,123.375,150,104.89520226186131,-0.9441567516326904,2.4681695422555747
descending,36.625,123.625,144,124.31167763873408,-0.6778254277176328,2.089433837249695
descending,36.625,123.875,145,144.5430602897124,-0.6918932585880674,2.1014433342892005
descending,36.625,124.125,160,165.29027618758798,-0.8489097356796265,2.4145852048238874
descending,36.625,124.375,157,164.78062551459064,-0.4757227259836379,1.5637309519426776
descending,36.625,124.625,158,154.03108670588003,-0.2603685403171974,1.2186203808151215
descending,36.625,124.875,157,136.50216745422864,-0.18511710804738815,1.2245600965714472
descending,36.625,125.125,159,114.78534563667303,-0.3604151617805913,1.306840522523944
descending,36.625,125.375,157,93.33097410568978,-1.2891709364143906,2.5725599796342693
descending,36.625,125.625,5,72.37304484064803,-0.1137044906616211,0.605272803887142
descending,36.625,125.875,0,52.50961740895856,,
descending,36.625,126.125,0,35.621545980481706,,
descending,36.875,121.875,0,22.237524270129544,,
descending,36.875,122.125,0,27.79877005838291,,
descending,36.875,122.625,0,35.57607890594403,,
descending,36.875,122.875,0,52.38617482045518,,
descending,36.875,123.125,119,72.17148458065286,-1.0734299892137031,2.3263337890024083
descending,36.875,123.375,150,93.05308172827691,-0.9374345588684082,2.4843290216098777
descending,36.875,123.625,147,114.43227699269495,-0.8602399761174001,2.46002458326884
descending,36.875,123.875,146,136.07462140733386,-0.7442321548723194,2.1542531391633806
descending,36.875,124.125,165,156.7282652033133,-0.9213277672276352,2.522418648895384
descending,36.875,124.375,162,142.0281839329264,-0.5531251283339512,1.9047993525845537
descending,36.875,124.625,161,129.44563384783177,-0.34287990546374586,1.5228298021492361
descending,36.875,124.875,161,119.65063457412408,-0.23520152465156888,1.3537739721505908
descending,36.875,125.125,160,111.18685907905967,-0.2271916776895523,1.3305721340279235
descending,36.875,125.375,159,88.94971594860702,-1.014138401679273,1.728548069784708
descending,36.875,125.625,7,66.71242035883242,-0.8207454000200544,1.0429973087180116
descending,36.875,125.875,0,44.475010427584174,,
descending,36.875,126.125,0,22.237524270129544,,
descending,37.125,119.375,0,22.16452711204997,,
descending,37.125,119.625,0,22.16452711204772,,
descending,37.125,122.625,0,22.16452711204997,,
descending,37.125,122.875,0,44.32901579405595,,
descending,37.125,123.125,0,66.49342761511706,,
descending,37.125,123.375,149,88.65772414259835,-0.9856659710007226,2.415604345160349
descending,37.125,123.625,151,110.82186694127394,-0.8908939835251561,2.483817436738652
descending,37.125,123.875,150,132.98581757246984,-0.9072263209025065,2.687637007089475
descending,37.125,124.125,166,138.2535020976442,-0.8403208054691912,2.50905549467811
descending,37.125,124.375,158,121.39522626572094,-0.5525147009499466,1.9803551541987159
descending,37.125,124.625,158,106.4530732211446,-0.4943771754639058,1.77863450449933
descending,37.125,124.875,161,94.34204990595235,-0.4734680578575371,1.5211653851714464
descending,37.125,125.125,160,86.26305620705183,-0.5189123570919036,1.5066493965858743
descending,37.125,125.375,136,83.39631017514944,-0.8600063762244057,1.4529731750999524
descending,37.125,125.625,7,72.17148458065286,-1.174281358718872,1.412847272127616
descending,37.125,125.875,0,52.38617482045518,,
descending,37.125,126.125,0,35.57607890594403,,
descending,37.125,126.375,0,27.79877005838291,,
descending,37.125,126.625,0,22.16452711204772,,
descending,37.375,119.125,0,22.09110797362746,,
descending,37.375,119.375,0,35.53043951390164,,
descending,37.375,119.625,0,35.530439513900234,,
descending,37.375,122.625,0,22.091107973629708,,
descending,37.375,122.875,0,44.18217720241422,,
descending,37.375,123.125,0,66.27316894065136,,
descending,37.375,123.375,152,88.36404444090473,-0.9013343202440363,2.577883186385485
descending,37.375,123.625,150,110.45476495314666,-0.7176380030314128,2.226808344239645
descending,37.375,123.875,147,132.545291723901,-0.605055825239947,2.0763302112731825
descending,37.375,124.125,160,121.1801449160289,-0.7398436546325684,2.2538119737503997
descending,37.375,124.375,158,104.14913507407861,-0.8598025478894198,2.108248442750293
descending,37.375,124.625,152,86.335564529414,-1.0650195134313483,2.2486220605904754
descending,37.375,124.875,15,70.92312171319428,-1.5506666819254558,2.6565520862958607
descending,37.375,125.125,0,59.79831108479543,,
descending,37.375,125.375,0,55.59754011676582,,
descending,37.375,125.625,5,59.79831108479461,-1.3764997959136962,2.058387976626462
descending,37.375,125.875,0,59.79831108479461,,
descending,37.375,126.125,0,52.137489002008664,,
descending,37.375,126.375,0,35.484630621804676,,
descending,37.625,119.125,0,22.017268252671276,,
descending,37.625,119.375,0,44.03449744833579,,
descending,37.625,119.625,0,52.137489002006774,,
descending,37.625,119.875,0,35.484630621804676,,
descending,37.625,120.125,0,22.017268252671276,,
descending,37.625,121.375,0,22.017268252673517,,
descending,37.625,121.625,0,27.79877005838291,,
descending,37.625,121.875,0,27.79877005838291,,
descending,37.625,122.125,0,27.79877005838291,,
descending,37.625,122.375,0,27.79877005838291,,
descending,37.625,122.625,0,35.484630621804676,,
descending,37.625,122.875,0,52.137489002006774,,
descending,37.625,123.125,119,71.76515567186966,-0.8245560341522473,2.0860758088084728
descending,37.625,123.375,153,92.49270932688243,-0.6739901031544006,2.12313498661914
descending,37.625,123.625,149,113.72020429913151,-0.6692369352251091,2.1949761851397676
descending,37.625,123.875,150,122.9963014018306,-0.5549463240305582,2.035984501129931
descending,37.625,124.125,155,103.89807647126614,-0.7639551593411353,2.057421469138813
descending,37.625,124.375,22,86.16524392431062,-1.0802742134441028,1.8798709334286985
descending,37.625,124.625,0,70.83100482995718,,
descending,37.625,124.875,0,52.012256192029284,,
descending,37.625,125.125,0,35.43865506766419,,
descending,37.625,125.375,0,27.79877005838291,,
descending,37.625,125.625,0,35.4386550676628,,
descending,37.625,125.875,0,35.4386550676628,,
descending,37.625,126.125,0,27.79877005838291,,
descending,37.875,119.125,0,21.94300935499117,,
descending,37.875,119.375,0,43.88597934351153,,
descending,37.875,119.625,0,65.82887059822245,,
descending,37.875,119.875,0,52.012256192027394,,
descending,37.875,120.125,0,35.4386550676628,,
descending,37.875,120.375,0,27.79877005838291,,
descending,37.875,120.625,0,27.79877005838291,,
descending,37.875,120.875,0,27.79877005838291,,
descending,37.875,121.125,0,27.79877005838291,,
descending,37.875,121.375,0,35.43865506766419,,
descending,37.875,121.625,0,52.012256192027394,,
descending,37.875,121.875,0,55.59754011676582,,
descending,37.875,122.125,0,55.59754011676582,,
descending,37.875,122.375,0,55.59754011676582,,
descending,37.875,122.625,4,59.79831108479543,-4.707446813583374,8.204561797945964
descending,37.875,122.875,157,70.92312171319288,-0.782996851927156,2.098795486292523
descending,37.875,123.125,154,86.335564529414,-0.6689964424480092,2.0861691878675543
descending,37.875,123.375,156,104.14913507407861,-0.6159100746497129,1.9581709364010542
descending,37.875,123.625,153,123.32762470866923,-0.6342743331310796,2.0551028206799913
descending,37.875,123.875,153,113.00027547695679,-0.4815645155563853,1.7309226216734666
descending,37.875,124.125,130,91.92627036354605,-0.8793592159564678,2.1232997043005404
descending,37.875,124.375,12,71.35459202579379,-1.4268731673558552,1.8936607625328599
descending,37.875,124.625,0,51.886437148779336,,
descending,37.875,124.875,0,35.39251571004789,,
descending,38.125,118.375,0,27.798770058383617,,
descending,38.125,119.125,0,35.39251571004651,,
descending,38.125,119.375,0,51.886437148779336,,
descending,38.125,119.625,2,71.35459202579379,1.939915657043457,1.9404511190653198
descending,38.125,119.875,12,70.83100482995718,0.859192967414856,1.2981914722314558
descending,38.125,120.125,3,59.77100907131507,1.5469450155893962,1.7383986042221753
descending,38.125,120.375,0,55.59754011676653,,
descending,38.125,120.625,0,55.59754011676653,,
descending,38.125,120.875,0,55.59754011676653,,
descending,38.125,121.125,0,55.59754011676653,,
descending,38.125,121.375,0,59.77100907131589,,
descending,38.125,121.625,0,70.83100482995718,,
descending,38.125,121.875,114,83.39631017514944,-0.7866593452922085,2.295774746846647
descending,38.125,122.125,156,83.39631017514944,-0.6936330031125973,2.1701752104687118
descending,38.125,122.375,154,83.39631017514944,-0.6188536541802543,2.2236316726540974
descending,38.125,122.625,157,86.24415369197739,-0.46655999930800907,1.6782590864544487
descending,38.125,122.875,169,94.27289686920183,-0.8174773786194931,2.511877682609501
descending,38.125,123.125,162,106.31514154712607,-0.6800417105356852,2.1178593454496295
descending,38.125,123.375,155,121.1801449160305,-0.6614756799513294,2.085871778552697
descending,38.125,123.625,155,131.20860755706357,-0.5874274623009467,1.7854810236153404
descending,38.125,123.875,156,109.34086999041219,-0.41435444355010986,1.4326861244782867
descending,38.125,124.125,35,87.47293404065965,-0.6295286314828056,1.2237320897836397
descending,38.125,124.375,7,65.60483938960603,-2.196992806025914,2.5493543181038514
descending,38.125,124.625,0,43.73662571559284,,
descending,38.375,117.875,0,21.793239692582592,,
descending,38.375,118.125,0,35.34621542807993,,
descending,38.375,118.375,0,51.76003721388545,,
descending,38.375,118.625,0,55.59754011676653,,
descending,38.375,118.875,0,55.59754011676653,,
descending,38.375,119.125,0,59.74363396342977,,
descending,38.375,119.375,0,70.73856321106466,,
descending,38.375,119.625,145,85.9942069787677,-0.1504424687089591,1.2235524788587848
descending,38.375,119.875,152,94.20353665375656,-0.1318283861404971,1.157661551857145
descending,38.375,120.125,148,86.22520431036877,-0.1068224073261828,1.1731209676976349
descending,38.375,120.375,0,83.39631017514944,,
descending,38.375,120.625,0,83.39631017514944,,
descending,38.375,120.875,0,83.39631017514944,,
descending,38.375,121.125,0,83.39631017514944,,
descending,38.375,121.375,0,86.22520431036932,,
descending,38.375,121.625,0,86.16808911424225,,
descending,38.375,121.875,12,83.39631017515015,-0.5569997628529867,1.236785052222186
descending,38.375,122.125,159,86.16808911424225,-0.6758232446586561,2.167220801173085
descending,38.375,122.375,161,93.99426135706757,-0.7361767395682957,2.3507662715247606
descending,38.375,122.625,161,105.75858732305484,-0.6870159984375379,2.250646634464991
descending,38.375,122.875,173,119.5415719747431,-0.812526587116925,2.40753908969508
descending,38.375,123.125,173,129.21871546030525,-0.6520750136733744,1.9179585475347112
descending,38.375,123.375,160,141.66035730031606,-0.5570086047053338,1.8248252745422158
descending,38.375,123.625,155,130.75803891118463,-0.4373911057749102,1.4702632262545876
descending,38.375,123.875,152,108.96539890422169,-0.25467861326117264,1.1735042470321768
descending,38.375,124.125,151,87.17255899486594,-0.530067969631675,1.3631806221168916
descending,38.375,124.375,1,65.37955916877179,-2.3392372131347656,2.3392372131347656
descending,38.375,124.625,0,43.586439408137856,,
descending,38.375,124.875,0,21.79323969258481,,
descending,38.625,117.625,0,21.71773177927485,,
descending,38.625,117.875,0,35.29975712144348,,
descending,38.625,118.125,0,51.63306178254721,,
descending,38.625,118.375,0,55.59754011676653,,
descending,38.625,118.625,0,59.66108996884996,,
descending,38.625,118.875,0,70.4593479349687,,
descending,38.625,119.125,0,85.47688631856471,,
descending,38.625,119.375,141,93.92412097024466,-0.3533860436568024,1.3967317951432698
descending,38.625,119.625,144,105.61828553617265,-0.272731794251336,1.294238848360339
descending,38.625,119.875,155,119.48681940621076,-0.26408455717948176,1.21557874656231
descending,38.625,120.125,154,113.32491019919496,-0.25317274401714274,1.2829989210373782
descending,38.625,120.375,111,111.19508023353306,-0.2393197068223008,1.9980614087925552
descending,38.625,120.625,0,111.19508023353306,,
descending,38.625,120.875,0,102.88227856582144,,
descending,38.625,121.125,0,85.47688631856471,,
descending,38.625,121.375,0,70.45934793496735,,
descending,38.625,121.625,0,59.66108996884996,,
descending,38.625,121.875,0,55.59754011676653,,
descending,38.625,122.125,0,59.66108996884996,,
descending,38.625,122.375,18,70.45934793496735,-0.7944999403423734,1.4090421250470986
descending,38.625,122.625,131,85.47688631856471,-0.9086991029841299,2.168563468860438
descending,38.625,122.875,168,102.88227856582144,-1.0177467195760637,2.3738648383436596
descending,38.625,123.125,168,119.26642685464863,-0.8102437924771082,1.8251805075538485
descending,38.625,123.375,155,128.6453875450823,-0.500186183375697,1.488524084259702
descending,38.625,123.625,157,130.3049808977474,-0.27995945541722,1.2253920734112675
descending,38.625,123.875,158,108.58785331847548,-0.18841314768489403,1.18687005294696
descending,38.625,124.125,155,86.87052433202409,-0.4104365333434074,1.399313120915835
descending,38.625,124.375,0,65.15303422499993,,
descending,38.625,124.625,0,43.43542328055723,,
descending,38.625,124.875,0,21.71773177927485,,
descending,38.875,117.875,0,35.20637813565772,,
descending,38.875,118.125,0,35.20637813565772,,
descending,38.875,118.375,0,27.798770058383617,,
descending,38.875,118.625,0,35.20637813565908,,
descending,38.875,118.875,0,51.37740628237818,,
descending,38.875,119.125,0,59.63344241765044,,
descending,38.875,119.375,10,70.3656655734822,-0.7434001088142395,1.3090167209277817
descending,38.875,119.625,142,85.30307263613649,-0.4479673756680018,1.4550167401948948
descending,38.875,119.875,154,102.62549271379483,-0.4620438930276152,1.5378924800557936
descending,38.875,120.125,154,119.87181186320156,-0.529846298617202,1.7962866357819505
descending,38.875,120.375,151,132.5678320873182,-0.5430195947356572,2.0510024657923873
descending,38.875,120.625,0,111.53713181312692,,
descending,38.875,120.875,0,90.77543912257556,,
descending,38.875,121.125,0,70.5209720853012,,
descending,38.875,121.875,0,27.798770058383617,,
descending,38.875,122.125,0,35.20637813565908,,
descending,38.875,122.375,0,51.37740628237634,,
descending,38.875,122.625,0,70.3656655734822,,
descending,38.875,122.875,0,85.30307263613483,,
descending,38.875,123.125,5,93.85379779726692,-1.748866367340088,1.9101536266815404
descending,38.875,123.375,0,105.47753613316125,,
descending,38.875,123.625,129,111.19508023353306,-0.489333289538243,1.2777752089213772
descending,38.875,123.875,156,111.19508023353306,-0.20247181103779718,1.1736410981325087
descending,38.875,124.125,155,91.0653715449976,-0.43047627172162456,1.3771062588799148
descending,38.875,124.375,7,70.7309218377433,-0.7599998882838658,1.1294365274345632
descending,38.875,124.625,0,51.505516304064415,,
descending,38.875,124.875,0,35.253143710375866,,
descending,38.875,125.125,0,21.641810392023686,,
descending,39.125,117.875,0,21.56547697627276,,
descending,39.125,118.125,0,21.56547697627276,,
descending,39.125,118.625,0,21.565476976274955,,
descending,39.125,118.875,0,27.79877005838291,,
descending,39.125,119.125,0,35.159463358616534,,
descending,39.125,119.375,0,51.24873727660037,,
descending,39.125,119.625,0,70.27168778183302,,
descending,39.125,119.875,145,85.12858733341959,-0.49808890614016305,1.6163884659077892
descending,39.125,120.125,152,102.36759449426678,-0.6516988089210108,2.1937314107098156
descending,39.125,120.375,148,119.15545740720674,-0.690572298157054,2.5111471672889683
descending,39.125,120.625,12,102.36759449426495,-0.15841631094614664,1.5100155234442905
descending,39.125,120.875,0,85.12858733341793,,
descending,39.125,121.125,0,64.69626744416222,,
descending,39.125,121.375,0,43.130913081597384,,
descending,39.125,121.625,0,21.565476976274955,,
descending,39.125,122.125,0,21.565476976274955,,
descending,39.125,122.375,0,35.159463358616534,,
descending,39.125,122.625,0,51.24873727660037,,
descending,39.125,122.875,0,59.60573177758449,,
descending,39.125,123.125,0,70.27168778183167,,
descending,39.125,123.375,0,83.39631017514944,,
descending,39.125,123.625,0,83.39631017514944,,
descending,39.125,123.875,150,83.39631017514944,-0.579409392674764,1.1837933884549485
descending,39.125,124.125,153,86.11060322809091,-0.7617996642792147,1.3465593998364704
descending,39.125,124.375,0,85.47688631856471,,
descending,39.125,124.625,0,64.69626744416222,,
descending,39.125,124.875,0,43.13091308159958,,
descending,39.125,125.125,0,21.565476976274955,,
descending,39.375,119.375,0,35.11240236111372,,
descending,39.375,119.625,0,51.11951490159472,,
descending,39.375,119.875,0,70.09802419904838,,
descending,39.375,120.125,132,84.95343960099133,-0.4123244285583496,1.5060685861934824
descending,39.375,120.375,139,93.71262291724507,-0.5600839161159966,2.1712144343860076
descending,39.375,120.625,13,90.19117283022182,-1.687769339634822,4.303785335755865
descending,39.375,120.875,0,70.09802419904638,,
descending,39.375,121.125,0,51.119514901592886,,
descending,39.375,121.625,0,21.488732985316652,,
descending,39.375,122.375,0,21.488732985314464,,
descending,39.375,122.625,0,27.798770058383617,,
descending,39.375,122.875,0,35.11240236111238,,
descending,39.375,123.125,0,51.119514901592886,,
descending,39.375,123.375,0,55.59754011676653,,
descending,39.375,123.625,0,55.59754011676653,,
descending,39.375,123.875,0,55.59754011676653,,
descending,39.375,124.125,0,59.57796007237023,,
descending,39.375,124.375,0,59.57796007237023,,
descending,39.375,124.625,0,55.59754011676653,,
descending,39.375,124.875,0,51.11951490159472,,
descending,39.375,125.125,0,35.11240236111372,,
descending,39.375,125.375,0,21.488732985314464,,
descending,39.625,119.375,0,21.411579880253466,,
descending,39.625,119.625,0,35.06519814552713,,
descending,39.625,119.875,0,50.98974482850771,,
descending,39.625,120.125,0,59.55012933297708,,
descending,39.625,120.375,0,70.08286988640356,,
descending,39.625,120.625,0,84.77763871290409,,
descending,39.625,120.875,0,64.23457383377168,,
descending,39.625,121.125,0,42.823118308972695,,
descending,39.625,121.375,0,21.41157988025129,,
descending,39.625,123.125,0,27.79877005838291,,
descending,39.625,123.375,0,27.79877005838291,,
descending,39.625,123.625,0,27.79877005838291,,
descending,39.625,123.875,0,27.79877005838291,,
descending,39.625,124.125,0,35.06519814552713,,
descending,39.625,124.375,0,35.06519814552713,,
descending,39.625,124.875,0,27.79877005838291,,
descending,39.875,119.625,0,21.334019129978966,,
descending,39.875,119.875,0,27.79877005838291,,
descending,39.875,120.125,0,35.0178537347542,,
descending,39.875,120.375,0,50.85943278537675,,
descending,39.875,120.625,0,59.52224159750916,,
descending,39.875,120.875,0,69.88504002129802,,
descending,39.875,121.125,0,50.98974482850771,,
descending,39.875,121.375,0,35.0651981455258,,
descending,39.875,124.375,0,21.334019129978966,,
descending,40.125,120.375,0,27.798770058383617,,
descending,40.125,120.625,0,34.97037217218727,,
descending,40.125,120.875,0,50.72858455769325,,
descending,40.125,121.125,0,69.45608660830841,,
descending,40.125,121.375,0,50.85943278537675,,
descending,40.125,121.625,0,35.0178537347542,,
descending,40.125,121.875,0,21.256052211147626,,
descending,40.375,120.625,0,21.177680608146705,,
descending,40.375,120.875,0,34.92275652169918,,
descending,40.375,121.125,0,50.59720598899836,,
descending,40.375,121.375,0,69.24013174994798,,
descending,40.375,121.625,0,50.72858455769325,,
descending,40.375,121.875,0,34.97037217218727,,
descending,40.375,122.125,0,21.17768060814455,,
descending,40.625,120.875,0,21.09890581306801,,
descending,40.625,121.125,0,34.87500986762984,,
descending,40.625,121.375,0,50.46530298150939,,
descending,40.625,121.625,0,50.46530298151118,,
descending,40.625,121.875,0,34.875009867631135,,
descending,40.625,122.125,0,21.098905813065862,,
descending,40.875,121.125,0,21.019729325677314,,
descending,40.875,121.375,0,27.79877005838291,,
