pass,distance_proxy_bin,season,n_days,n_cell_day_pairs,mse,bias,rms_difference
ascending,0-50,JJA,3,3,3.9059486207430987,-1.8938331604003906,1.9763472925432661
ascending,0-50,MAM,1,1,1.4304150966493125,-1.1959996223449707,1.1959996223449707
ascending,100-10000,DJF,52,10236,0.6565591939504777,0.16852147868690986,0.8102834034771277
ascending,100-10000,JJA,84,13650,2.723713874439458,-1.1770904886164852,1.6503677997463044
ascending,100-10000,MAM,79,14835,4.900195116629904,-1.0981357858299416,2.2136384340334136
ascending,50-100,DJF,52,2786,1.368100712086076,-0.0010775977248730713,1.1696583740930837
ascending,50-100,JJA,84,3682,4.6793916515779985,-1.510767336003768,2.163190156130061
ascending,50-100,MAM,79,3886,5.781834869039797,-1.2904465719926326,2.4045446282071365
descending,0-50,DJF,1,1,3.6290239826203106,1.9049997329711914,1.9049997329711914
descending,100-10000,DJF,55,9830,4.9056768163483895,-0.4685381675949769,2.2148762530553237
descending,100-10000,JJA,84,12454,3.141071760547964,-0.8281592274470368,1.772306903599928
descending,100-10000,MAM,86,14272,5.470516633411859,-0.7849239749358746,2.3389135583453826
descending,50-100,DJF,55,2614,3.210035449354311,-0.3533280548637536,1.7916571796396517
descending,50-100,JJA,84,3381,3.401115844036378,-0.9024861478831943,1.8442114423341966
descending,50-100,MAM,85,3841,4.774090773627385,-0.8192150998695636,2.184969284367033
