period,target,pass,horizon_days,model,season,n_days,rmse,mae,bias_celsius
2023-2025,full_grid_OISST,all,1,eof_ar_increments,DJF,271,0.1948001980422767,0.13696023332563126,0.005245147328581871
2023-2025,full_grid_OISST,all,1,eof_ar_increments,JJA,276,0.28568671808754575,0.21493799353924542,-0.020022957114246426
2023-2025,full_grid_OISST,all,1,eof_ar_increments,MAM,276,0.2667399084484277,0.20088953427239314,0.025938659227000088
2023-2025,full_grid_OISST,all,1,eof_ar_increments,SON,273,0.21242252844363202,0.1519360260493498,-0.008165244318859823
2023-2025,full_grid_OISST,all,1,frozen_anomaly_projection,DJF,271,0.1975240510678822,0.14187717101957734,-0.007381879298954285
2023-2025,full_grid_OISST,all,1,frozen_anomaly_projection,JJA,276,0.31511234409119926,0.23399262533316453,-0.015058033917389187
2023-2025,full_grid_OISST,all,1,frozen_anomaly_projection,MAM,276,0.286290459634522,0.21671603683799187,0.00333577094073996
2023-2025,full_grid_OISST,all,1,frozen_anomaly_projection,SON,273,0.23006496955026565,0.1636230938728802,0.01422823860375698
2023-2025,full_grid_OISST,all,1,frozen_selected_projection,DJF,271,0.18486599274810198,0.127818331206769,0.002810158694152936
2023-2025,full_grid_OISST,all,1,frozen_selected_projection,JJA,276,0.2906246348069558,0.21641701425169432,-0.020999564378566742
2023-2025,full_grid_OISST,all,1,frozen_selected_projection,MAM,276,0.26523873096805856,0.19866022988813503,0.025540721468354254
2023-2025,full_grid_OISST,all,1,frozen_selected_projection,SON,273,0.20417759390660226,0.1443741794541591,-0.007081516197834141
2023-2025,full_grid_OISST,all,1,grid_anomaly_persistence,DJF,271,0.18915273394119372,0.13258032391746208,-0.007919261990026268
2023-2025,full_grid_OISST,all,1,grid_anomaly_persistence,JJA,276,0.3082502053749986,0.22838117618467446,-0.011097080385441088
2023-2025,full_grid_OISST,all,1,grid_anomaly_persistence,MAM,276,0.273926329452276,0.204957086231953,0.0033279440771957756
2023-2025,full_grid_OISST,all,1,grid_anomaly_persistence,SON,273,0.21729978846872,0.1522227667272516,0.010765208069984402
2023-2025,full_grid_OISST,all,1,grid_raw_persistence,DJF,271,0.21232514203443767,0.15282244492908295,0.07474373056180468
2023-2025,full_grid_OISST,all,1,grid_raw_persistence,JJA,276,0.3363387333277756,0.25370197046014226,-0.10789154031689167
2023-2025,full_grid_OISST,all,1,grid_raw_persistence,MAM,276,0.30622390513524056,0.23101120527689847,-0.11716409511360945
2023-2025,full_grid_OISST,all,1,grid_raw_persistence,SON,273,0.26601462591910885,0.19121393605299394,0.1483820680560519
2023-2025,full_grid_OISST,all,7,eof_ar_increments,DJF,271,0.6453831802063033,0.47903371157694286,0.054461155181501006
2023-2025,full_grid_OISST,all,7,eof_ar_increments,JJA,276,1.0200327597067547,0.7967790269819488,-0.17127834065339964
2023-2025,full_grid_OISST,all,7,eof_ar_increments,MAM,276,0.7989266637113638,0.6436328710979883,0.21620256129784013
2023-2025,full_grid_OISST,all,7,eof_ar_increments,SON,273,0.7794116673035305,0.592111882890783,-0.07545964777494754
2023-2025,full_grid_OISST,all,7,frozen_anomaly_projection,DJF,271,0.6465838107926214,0.49373726020510667,-0.014235309027243941
2023-2025,full_grid_OISST,all,7,frozen_anomaly_projection,JJA,276,1.0751648446179525,0.825128094714543,-0.12329124900046497
2023-2025,full_grid_OISST,all,7,frozen_anomaly_projection,MAM,276,0.8161548316948352,0.6464991247287992,0.023106682696662145
2023-2025,full_grid_OISST,all,7,frozen_anomaly_projection,SON,273,0.8025373201594825,0.6180618690195414,0.08981823522037591
2023-2025,full_grid_OISST,all,7,frozen_selected_projection,DJF,271,0.5989202106023495,0.44840221969449634,0.02607485467863255
2023-2025,full_grid_OISST,all,7,frozen_selected_projection,JJA,276,1.0537081178953287,0.8165980816699825,-0.1498709435905947
2023-2025,full_grid_OISST,all,7,frozen_selected_projection,MAM,276,0.7796394770839707,0.6203248737890705,0.1470727814755287
2023-2025,full_grid_OISST,all,7,frozen_selected_projection,SON,273,0.7346174645395016,0.5638188315912528,-0.020212820897243765
2023-2025,full_grid_OISST,all,7,grid_anomaly_persistence,DJF,271,0.592726296882126,0.44101789455557533,-0.02825541921843295
2023-2025,full_grid_OISST,all,7,grid_anomaly_persistence,JJA,276,1.0794387245632686,0.8274756744742054,-0.11079813315087343
2023-2025,full_grid_OISST,all,7,grid_anomaly_persistence,MAM,276,0.7566535798481435,0.5873627523648667,0.025164964723721102
2023-2025,full_grid_OISST,all,7,grid_anomaly_persistence,SON,273,0.755387454807556,0.5801360944653047,0.089024226009979
2023-2025,full_grid_OISST,all,7,grid_raw_persistence,DJF,271,0.9354918016690085,0.7596420951989383,0.5898455790998623
2023-2025,full_grid_OISST,all,7,grid_raw_persistence,JJA,276,1.4515702496207508,1.1656957086574251,-0.8408207300371309
2023-2025,full_grid_OISST,all,7,grid_raw_persistence,MAM,276,1.190230056086674,0.9546799098163234,-0.7814820739640147
2023-2025,full_grid_OISST,all,7,grid_raw_persistence,SON,273,1.2991695266945473,1.092798924461739,1.0290075552193714
2023-2025,full_grid_OISST,all,30,eof_ar_increments,DJF,271,1.0185768212606587,0.7723016008770501,0.17272273113540956
2023-2025,full_grid_OISST,all,30,eof_ar_increments,JJA,276,1.4279614879331504,1.1376705803797953,-0.34499784268203637
2023-2025,full_grid_OISST,all,30,eof_ar_increments,MAM,276,1.27320860574811,1.0372260417969126,0.5128144351985201
2023-2025,full_grid_OISST,all,30,eof_ar_increments,SON,273,1.2740052043280767,0.9699235222072586,-0.26716174574087886
2023-2025,full_grid_OISST,all,30,frozen_anomaly_projection,DJF,271,1.2740897322188267,0.9786048836563235,0.07597013605706705
2023-2025,full_grid_OISST,all,30,frozen_anomaly_projection,JJA,276,1.7041830685678825,1.3511945243987544,-0.5483019026908077
2023-2025,full_grid_OISST,all,30,frozen_anomaly_projection,MAM,276,1.4691845186103616,1.1723356610284552,0.16982943194313246
2023-2025,full_grid_OISST,all,30,frozen_anomaly_projection,SON,273,1.5001233471377975,1.1978710069645235,0.27060581369619274
2023-2025,full_grid_OISST,all,30,frozen_selected_projection,DJF,271,1.2084381256542225,0.9219245265705653,0.1629553483548185
2023-2025,full_grid_OISST,all,30,frozen_selected_projection,JJA,276,1.6017915430018532,1.288499262247046,-0.41288987791528736
2023-2025,full_grid_OISST,all,30,frozen_selected_projection,MAM,276,1.4965907596744463,1.202953040598173,0.4376837413888769
2023-2025,full_grid_OISST,all,30,frozen_selected_projection,SON,273,1.3166491096323911,1.0413237005654017,-0.13964546084295126
2023-2025,full_grid_OISST,all,30,grid_anomaly_persistence,DJF,271,0.9351101459015365,0.7221954737833375,0.08269296495684579
2023-2025,full_grid_OISST,all,30,grid_anomaly_persistence,JJA,276,1.7950252395711002,1.4208404485519432,-0.6494531614348852
2023-2025,full_grid_OISST,all,30,grid_anomaly_persistence,MAM,276,1.0031864755869142,0.7947320313025527,0.1670257831321052
2023-2025,full_grid_OISST,all,30,grid_anomaly_persistence,SON,273,1.3098414041834157,1.0646109980626395,0.3690295163309782
2023-2025,full_grid_OISST,all,30,grid_raw_persistence,DJF,271,3.789655720024203,3.3328328558769384,3.2928419903527795
2023-2025,full_grid_OISST,all,30,grid_raw_persistence,JJA,276,4.919503130107243,4.516825245430393,-4.473255061890117
2023-2025,full_grid_OISST,all,30,grid_raw_persistence,MAM,276,3.422513619402453,2.847115439657091,-2.609708464368527
2023-2025,full_grid_OISST,all,30,grid_raw_persistence,SON,273,4.315320917339941,3.9163331106482957,3.8554675784317864
2023-2025,regional_OISST,all,1,eof_ar_increments,DJF,271,0.08316779317094038,0.061950092042694006,0.005246855396712547
2023-2025,regional_OISST,all,1,eof_ar_increments,JJA,276,0.15810039247075064,0.12057489176930214,-0.02001869719607914
2023-2025,regional_OISST,all,1,eof_ar_increments,MAM,276,0.13491490239287193,0.10855221333899195,0.025940546145024335
2023-2025,regional_OISST,all,1,eof_ar_increments,SON,273,0.12215396824494254,0.08914988207033243,-0.008161646119586804
2023-2025,regional_OISST,all,1,frozen_anomaly_projection,DJF,271,0.10846628547812873,0.08620654582329859,-0.007380171230823616
2023-2025,regional_OISST,all,1,frozen_anomaly_projection,JJA,276,0.20032838529436478,0.15222949062223093,-0.015053773999222173
2023-2025,regional_OISST,all,1,frozen_anomaly_projection,MAM,276,0.17213885678016153,0.1363426903303241,0.0033376578587642532
2023-2025,regional_OISST,all,1,frozen_anomaly_projection,SON,273,0.16193292811320167,0.12221501684658176,0.014231836803029965
2023-2025,regional_OISST,all,1,frozen_selected_projection,DJF,271,0.08321452227639158,0.06210781652114908,0.0028118667622837163
2023-2025,regional_OISST,all,1,frozen_selected_projection,JJA,276,0.15905435470643778,0.12137587557517729,-0.020995304460399506
2023-2025,regional_OISST,all,1,frozen_selected_projection,MAM,276,0.13424316039009895,0.10798187322814687,0.0255426083863785
2023-2025,regional_OISST,all,1,frozen_selected_projection,SON,273,0.1223955467519701,0.08863462805082878,-0.007077917998561181
2023-2025,regional_OISST,all,1,grid_anomaly_persistence,DJF,271,0.09637434193214355,0.07337865467123121,-0.007917553921895604
2023-2025,regional_OISST,all,1,grid_anomaly_persistence,JJA,276,0.19007203276267956,0.14582147761500508,-0.01109282046727408
2023-2025,regional_OISST,all,1,grid_anomaly_persistence,MAM,276,0.15482227187278957,0.12429634012187575,0.0033298309952199713
2023-2025,regional_OISST,all,1,grid_anomaly_persistence,SON,273,0.14501449980908285,0.1049272142656797,0.010768806269257471
2023-2025,regional_OISST,all,1,grid_raw_persistence,DJF,271,0.1335345247799659,0.10549655964998882,0.07474543862993532
2023-2025,regional_OISST,all,1,grid_raw_persistence,JJA,276,0.2322900401553995,0.1857495128846977,-0.10788728039872499
2023-2025,regional_OISST,all,1,grid_raw_persistence,MAM,276,0.203573389627732,0.16123861825257269,-0.11716220819558539
2023-2025,regional_OISST,all,1,grid_raw_persistence,SON,273,0.20989778362387082,0.16455660742289,0.14838566625532482
2023-2025,regional_OISST,all,7,eof_ar_increments,DJF,271,0.33417846832466697,0.2450646552837082,0.05446286324963174
2023-2025,regional_OISST,all,7,eof_ar_increments,JJA,276,0.7503394805129384,0.5901413775088028,-0.1712740807352329
2023-2025,regional_OISST,all,7,eof_ar_increments,MAM,276,0.5288567022713224,0.42798986971862274,0.21620444821586415
2023-2025,regional_OISST,all,7,eof_ar_increments,SON,273,0.5215201678456343,0.4104073677087215,-0.07545604957567466
2023-2025,regional_OISST,all,7,frozen_anomaly_projection,DJF,271,0.42269846536286565,0.32567592111324717,-0.014233600959113126
2023-2025,regional_OISST,all,7,frozen_anomaly_projection,JJA,276,0.7827389750023643,0.5955823868690202,-0.12328698908229778
2023-2025,regional_OISST,all,7,frozen_anomaly_projection,MAM,276,0.5723261054609057,0.46722541238836396,0.023108569614686197
2023-2025,regional_OISST,all,7,frozen_anomaly_projection,SON,273,0.6134883526874018,0.47643946749468674,0.08982183341964894
2023-2025,regional_OISST,all,7,frozen_selected_projection,DJF,271,0.34541121291939286,0.252386598316073,0.02607656274676335
2023-2025,regional_OISST,all,7,frozen_selected_projection,JJA,276,0.7529947927195123,0.5832963461413947,-0.14986668367242797
2023-2025,regional_OISST,all,7,frozen_selected_projection,MAM,276,0.5189283512782521,0.4200361442053002,0.14707466839355288
2023-2025,regional_OISST,all,7,frozen_selected_projection,SON,273,0.5215013779773524,0.40833037640063197,-0.020209222697970798
2023-2025,regional_OISST,all,7,grid_anomaly_persistence,DJF,271,0.38592709029862404,0.28129272440637326,-0.02825371115030218
2023-2025,regional_OISST,all,7,grid_anomaly_persistence,JJA,276,0.7968670667828041,0.6146514569062312,-0.11079387323270659
2023-2025,regional_OISST,all,7,grid_anomaly_persistence,MAM,276,0.5440761118003858,0.4327067984568149,0.02516685164174544
2023-2025,regional_OISST,all,7,grid_anomaly_persistence,SON,273,0.5723117859797425,0.44960385585887297,0.08902782420925212
2023-2025,regional_OISST,all,7,grid_raw_persistence,DJF,271,0.7973396844726286,0.6715980065216908,0.589847287167993
2023-2025,regional_OISST,all,7,grid_raw_persistence,JJA,276,1.2505002927217166,1.052660749802181,-0.8408164701189643
2023-2025,regional_OISST,all,7,grid_raw_persistence,MAM,276,1.0383123859193286,0.8597876694651657,-0.7814801870459905
2023-2025,regional_OISST,all,7,grid_raw_persistence,SON,273,1.191700392391279,1.0582169170191975,1.0290111534186441
2023-2025,regional_OISST,all,30,eof_ar_increments,DJF,271,0.40646313099034875,0.30819650177065544,0.1727244392035403
2023-2025,regional_OISST,all,30,eof_ar_increments,JJA,276,1.0848791966303273,0.9178666088134122,-0.3449935827638694
2023-2025,regional_OISST,all,30,eof_ar_increments,MAM,276,0.7956314539111159,0.6267823358960805,0.5128163221165444
2023-2025,regional_OISST,all,30,eof_ar_increments,SON,273,0.7487461781692497,0.6042433347541113,-0.2671581475416055
2023-2025,regional_OISST,all,30,frozen_anomaly_projection,DJF,271,0.577362487293753,0.4507465192232495,0.0759718441251978
2023-2025,regional_OISST,all,30,frozen_anomaly_projection,JJA,276,1.2772405600799683,1.011507931763021,-0.5482976427726406
2023-2025,regional_OISST,all,30,frozen_anomaly_projection,MAM,276,0.673321817116309,0.550595594812467,0.1698313188611567
2023-2025,regional_OISST,all,30,frozen_anomaly_projection,SON,273,0.9943992909410198,0.8433056337839694,0.270609411895466
2023-2025,regional_OISST,all,30,frozen_selected_projection,DJF,271,0.4127539234390008,0.3127026198760958,0.16295705642294905
2023-2025,regional_OISST,all,30,frozen_selected_projection,JJA,276,1.1370314166605964,0.9355082915059401,-0.4128856179971205
2023-2025,regional_OISST,all,30,frozen_selected_projection,MAM,276,0.7311936437857729,0.583874845648225,0.4376856283069011
2023-2025,regional_OISST,all,30,frozen_selected_projection,SON,273,0.6870382319617905,0.5561144820174652,-0.13964186264367848
2023-2025,regional_OISST,all,30,grid_anomaly_persistence,DJF,271,0.6019976847390112,0.4759323548710496,0.08269467302497646
2023-2025,regional_OISST,all,30,grid_anomaly_persistence,JJA,276,1.4751878307908846,1.2087646571144885,-0.6494489015167182
2023-2025,regional_OISST,all,30,grid_anomaly_persistence,MAM,276,0.6559168569312169,0.5400214032214491,0.16702767005012945
2023-2025,regional_OISST,all,30,grid_anomaly_persistence,SON,273,0.8778638457710334,0.7208028421231759,0.3690331145302513
2023-2025,regional_OISST,all,30,grid_raw_persistence,DJF,271,3.6154591885184644,3.295724778484455,3.2928436984209104
2023-2025,regional_OISST,all,30,grid_raw_persistence,JJA,276,4.788379826310398,4.492611912125777,-4.47325080197195
2023-2025,regional_OISST,all,30,grid_raw_persistence,MAM,276,3.163612861615295,2.657687124910149,-2.609706577450503
2023-2025,regional_OISST,all,30,grid_raw_persistence,SON,273,4.166590832604411,3.863220934854379,3.855471176631059
2026-Jan-Aug,full_grid_OISST,all,1,eof_ar_increments,DJF,59,0.1638173385741285,0.12157992084931274,0.025840999447423327
2026-Jan-Aug,full_grid_OISST,all,1,eof_ar_increments,JJA,92,0.26747916195831384,0.20063979955646474,-0.007988092947306735
2026-Jan-Aug,full_grid_OISST,all,1,eof_ar_increments,MAM,92,0.2543338010014051,0.1875369759516234,0.012473081772480464
2026-Jan-Aug,full_grid_OISST,all,1,frozen_anomaly_projection,DJF,59,0.17763823297824166,0.13447214612217442,0.005121571394184178
2026-Jan-Aug,full_grid_OISST,all,1,frozen_anomaly_projection,JJA,92,0.28421071380134943,0.21339798604967214,-0.015497558545786149
2026-Jan-Aug,full_grid_OISST,all,1,frozen_anomaly_projection,MAM,92,0.27375033333632043,0.19972893542964196,-0.006503432072923451
2026-Jan-Aug,full_grid_OISST,all,1,frozen_selected_projection,DJF,59,0.1648510798723955,0.12184108223062436,0.02374782345737477
2026-Jan-Aug,full_grid_OISST,all,1,frozen_selected_projection,JJA,92,0.26746400509154594,0.2011129602355611,-0.010324530259852504
2026-Jan-Aug,full_grid_OISST,all,1,frozen_selected_projection,MAM,92,0.25182245976064255,0.1829266277098928,0.011828144478422224
2026-Jan-Aug,full_grid_OISST,all,1,grid_anomaly_persistence,DJF,59,0.16699450216449696,0.1238962234045667,0.004290150492279938
2026-Jan-Aug,full_grid_OISST,all,1,grid_anomaly_persistence,JJA,92,0.27991359101327223,0.20786165891208142,-0.011536637328931152
2026-Jan-Aug,full_grid_OISST,all,1,grid_anomaly_persistence,MAM,92,0.2656936769054979,0.19212313419034932,-0.006831471064062371
2026-Jan-Aug,full_grid_OISST,all,1,grid_raw_persistence,DJF,59,0.18715078394265217,0.1424432011302448,0.05888114066580931
2026-Jan-Aug,full_grid_OISST,all,1,grid_raw_persistence,JJA,92,0.3041747487951193,0.22936947819147008,-0.10833109726038175
2026-Jan-Aug,full_grid_OISST,all,1,grid_raw_persistence,MAM,92,0.3007825266771417,0.22428763200542043,-0.12741210913831133
2026-Jan-Aug,full_grid_OISST,all,7,eof_ar_increments,DJF,59,0.48442362282651114,0.38180739889129867,0.18587729640002087
2026-Jan-Aug,full_grid_OISST,all,7,eof_ar_increments,JJA,92,0.9737818852977435,0.7737979721383522,-0.10746787619723694
2026-Jan-Aug,full_grid_OISST,all,7,eof_ar_increments,MAM,92,0.7686763875022987,0.5902428134549209,0.144645426194467
2026-Jan-Aug,full_grid_OISST,all,7,frozen_anomaly_projection,DJF,59,0.5415933640652308,0.4269078791974843,0.021197292723087915
2026-Jan-Aug,full_grid_OISST,all,7,frozen_anomaly_projection,JJA,92,0.9623784322125479,0.7606037102667866,-0.16040093362012778
2026-Jan-Aug,full_grid_OISST,all,7,frozen_anomaly_projection,MAM,92,0.8296302962397346,0.6347864329274667,-0.006577682586439843
2026-Jan-Aug,full_grid_OISST,all,7,frozen_selected_projection,DJF,59,0.49476569070990406,0.3877782511441526,0.12394075285887993
2026-Jan-Aug,full_grid_OISST,all,7,frozen_selected_projection,JJA,92,0.9897781741370507,0.7801962038537639,-0.12405004452502232
2026-Jan-Aug,full_grid_OISST,all,7,frozen_selected_projection,MAM,92,0.7889134281553196,0.6030005718942799,0.09081320117851337
2026-Jan-Aug,full_grid_OISST,all,7,grid_anomaly_persistence,DJF,59,0.45591940977623263,0.35266646066673474,0.008008663127271495
2026-Jan-Aug,full_grid_OISST,all,7,grid_anomaly_persistence,JJA,92,1.0132731390616432,0.781977636851725,-0.14790780953661348
2026-Jan-Aug,full_grid_OISST,all,7,grid_anomaly_persistence,MAM,92,0.7965260289259825,0.6059781765633074,-0.004665407644570414
2026-Jan-Aug,full_grid_OISST,all,7,grid_raw_persistence,DJF,59,0.7425923919901025,0.602347999937612,0.43980011612217207
2026-Jan-Aug,full_grid_OISST,all,7,grid_raw_persistence,JJA,92,1.3629821218379037,1.1029993670204197,-0.8779304064228711
2026-Jan-Aug,full_grid_OISST,all,7,grid_raw_persistence,MAM,92,1.2043265230987166,0.9388082411021491,-0.8117226101955792
2026-Jan-Aug,full_grid_OISST,all,30,eof_ar_increments,DJF,59,0.782707360780038,0.629613062939387,0.4306690624011902
2026-Jan-Aug,full_grid_OISST,all,30,eof_ar_increments,JJA,92,1.3608550978163663,1.112170144079865,-0.1206275183314703
2026-Jan-Aug,full_grid_OISST,all,30,eof_ar_increments,MAM,92,1.0053314009800964,0.79499226196031,0.3630757017018597
2026-Jan-Aug,full_grid_OISST,all,30,frozen_anomaly_projection,DJF,59,1.0000283674095949,0.7976950763579699,0.0479677914403249
2026-Jan-Aug,full_grid_OISST,all,30,frozen_anomaly_projection,JJA,92,1.4238050578077421,1.153844886024951,-0.44883581746359863
2026-Jan-Aug,full_grid_OISST,all,30,frozen_anomaly_projection,MAM,92,1.291092816596362,0.9879552074871233,0.02985664087133438
2026-Jan-Aug,full_grid_OISST,all,30,frozen_selected_projection,DJF,59,1.0076042851236815,0.8249082216098781,0.35069343484568527
2026-Jan-Aug,full_grid_OISST,all,30,frozen_selected_projection,JJA,92,1.5283130547919028,1.2480394519635107,-0.21543487519269466
2026-Jan-Aug,full_grid_OISST,all,30,frozen_selected_projection,MAM,92,1.3160962079845842,1.0415962785515855,0.29127258714194876
2026-Jan-Aug,full_grid_OISST,all,30,grid_anomaly_persistence,DJF,59,0.6673098438487025,0.5115361548141156,0.013810583111732718
2026-Jan-Aug,full_grid_OISST,all,30,grid_anomaly_persistence,JJA,92,1.6895061124940776,1.3608279808503714,-0.5499870489975303
2026-Jan-Aug,full_grid_OISST,all,30,grid_anomaly_persistence,MAM,92,0.8794258506655999,0.6842773090365162,0.02735651471328471
2026-Jan-Aug,full_grid_OISST,all,30,grid_raw_persistence,DJF,59,3.0256516965551974,2.6727834457228505,2.590087928602882
2026-Jan-Aug,full_grid_OISST,all,30,grid_raw_persistence,JJA,92,4.687522579479509,4.396001330709062,-4.373788949452762
2026-Jan-Aug,full_grid_OISST,all,30,grid_raw_persistence,MAM,92,3.4234290762135355,2.8663457102524386,-2.7476564883716006
2026-Jan-Aug,matched_grid_AMSR2,ascending,1,eof_ar_increments,DJF,52,0.9036083149126252,0.6487915321122167,0.148322690031429
2026-Jan-Aug,matched_grid_AMSR2,ascending,1,eof_ar_increments,JJA,84,1.8274478726672785,1.3898744614231846,-1.2624845963814761
2026-Jan-Aug,matched_grid_AMSR2,ascending,1,eof_ar_increments,MAM,79,2.267402966605371,1.3897838459813732,-1.1175259381506764
2026-Jan-Aug,matched_grid_AMSR2,ascending,1,frozen_anomaly_projection,DJF,52,0.8976909886215542,0.6380984785936319,0.1363523771553497
2026-Jan-Aug,matched_grid_AMSR2,ascending,1,frozen_anomaly_projection,JJA,84,1.848453602061591,1.4135041908178534,-1.2795258381879353
2026-Jan-Aug,matched_grid_AMSR2,ascending,1,frozen_anomaly_projection,MAM,79,2.279145815585074,1.4047232398946263,-1.1262026887473462
2026-Jan-Aug,matched_grid_AMSR2,ascending,1,frozen_selected_projection,DJF,52,0.9035829742606377,0.6505798636060081,0.15731417212159426
2026-Jan-Aug,matched_grid_AMSR2,ascending,1,frozen_selected_projection,JJA,84,1.8402335471378746,1.400542773144857,-1.2742973903622545
2026-Jan-Aug,matched_grid_AMSR2,ascending,1,frozen_selected_projection,MAM,79,2.2655433764703883,1.3873461517896264,-1.106755185181617
2026-Jan-Aug,matched_grid_AMSR2,ascending,1,grid_anomaly_persistence,DJF,52,0.9010406010037117,0.643790704308151,0.13670858703878433
2026-Jan-Aug,matched_grid_AMSR2,ascending,1,grid_anomaly_persistence,JJA,84,1.8507683992859323,1.4121732509163842,-1.2762682432259491
2026-Jan-Aug,matched_grid_AMSR2,ascending,1,grid_anomaly_persistence,MAM,79,2.2857526395192216,1.4119536120448928,-1.142371457460446
2026-Jan-Aug,matched_grid_AMSR2,ascending,1,grid_raw_persistence,DJF,52,0.9092354125315263,0.6578930255797887,0.19050133779275383
2026-Jan-Aug,matched_grid_AMSR2,ascending,1,grid_raw_persistence,JJA,84,1.937789601595149,1.503254048973852,-1.3731834604061361
2026-Jan-Aug,matched_grid_AMSR2,ascending,1,grid_raw_persistence,MAM,79,2.352564496096305,1.491896411284029,-1.2484256645552831
2026-Jan-Aug,matched_grid_AMSR2,ascending,7,eof_ar_increments,DJF,52,0.9908546988138195,0.7335063067000334,0.272267607086447
2026-Jan-Aug,matched_grid_AMSR2,ascending,7,eof_ar_increments,JJA,84,2.0930719922814487,1.6029413310505143,-1.3787958728768968
2026-Jan-Aug,matched_grid_AMSR2,ascending,7,eof_ar_increments,MAM,79,2.2998151997042604,1.3755994765787722,-1.00846935396318
2026-Jan-Aug,matched_grid_AMSR2,ascending,7,frozen_anomaly_projection,DJF,52,0.9712867634443193,0.704920370775331,0.15222906831470256
2026-Jan-Aug,matched_grid_AMSR2,ascending,7,frozen_anomaly_projection,JJA,84,2.165837733890893,1.6607545228054652,-1.445757533557113
2026-Jan-Aug,matched_grid_AMSR2,ascending,7,frozen_anomaly_projection,MAM,79,2.383717893639959,1.4496817660454908,-1.0746032420894784
2026-Jan-Aug,matched_grid_AMSR2,ascending,7,frozen_selected_projection,DJF,52,0.9897192464186301,0.729667625180833,0.25877313781844796
2026-Jan-Aug,matched_grid_AMSR2,ascending,7,frozen_selected_projection,JJA,84,2.1621148837589668,1.6418656651399874,-1.4115392858571443
2026-Jan-Aug,matched_grid_AMSR2,ascending,7,frozen_selected_projection,MAM,79,2.336890610056975,1.4135123610406481,-0.9892124657839761
2026-Jan-Aug,matched_grid_AMSR2,ascending,7,grid_anomaly_persistence,DJF,52,0.9543332222677131,0.6829727230015699,0.15900469589806135
2026-Jan-Aug,matched_grid_AMSR2,ascending,7,grid_anomaly_persistence,JJA,84,2.196324421530263,1.677241829011372,-1.4295683813377638
2026-Jan-Aug,matched_grid_AMSR2,ascending,7,grid_anomaly_persistence,MAM,79,2.4347461248335467,1.5103605150845543,-1.1875166922143798
2026-Jan-Aug,matched_grid_AMSR2,ascending,7,grid_raw_persistence,DJF,52,1.1285234918739249,0.8694119828800735,0.575698256461642
2026-Jan-Aug,matched_grid_AMSR2,ascending,7,grid_raw_persistence,JJA,84,2.830438811069682,2.3291691121427838,-2.1604296413334296
2026-Jan-Aug,matched_grid_AMSR2,ascending,7,grid_raw_persistence,MAM,79,2.938368847279745,2.058489214808459,-1.890208902920631
2026-Jan-Aug,matched_grid_AMSR2,ascending,30,eof_ar_increments,DJF,52,1.1530219573909295,0.8875178131341043,0.46956695358331996
2026-Jan-Aug,matched_grid_AMSR2,ascending,30,eof_ar_increments,JJA,84,2.19374749851841,1.6961548605269177,-1.3600453361395213
2026-Jan-Aug,matched_grid_AMSR2,ascending,30,eof_ar_increments,MAM,79,2.1831237642101495,1.291840795059172,-0.7348720590131482
2026-Jan-Aug,matched_grid_AMSR2,ascending,30,frozen_anomaly_projection,DJF,52,1.2072942536515099,0.9042202042195028,0.013090985351414959
2026-Jan-Aug,matched_grid_AMSR2,ascending,30,frozen_anomaly_projection,JJA,84,2.5094089235348354,1.9610625977687584,-1.7286985095714882
2026-Jan-Aug,matched_grid_AMSR2,ascending,30,frozen_anomaly_projection,MAM,79,2.2680495530425726,1.3972390524657503,-0.6328318442031756
2026-Jan-Aug,matched_grid_AMSR2,ascending,30,frozen_selected_projection,DJF,52,1.2637014445181727,0.9687708913506918,0.32594786607128456
2026-Jan-Aug,matched_grid_AMSR2,ascending,30,frozen_selected_projection,JJA,84,2.4812415441359925,1.9472540279244008,-1.5063578245221108
2026-Jan-Aug,matched_grid_AMSR2,ascending,30,frozen_selected_projection,MAM,79,2.2048100460093547,1.376475142986149,-0.3776428244929731
2026-Jan-Aug,matched_grid_AMSR2,ascending,30,grid_anomaly_persistence,DJF,52,0.9857971786821323,0.7061955709636352,0.19056916069044333
2026-Jan-Aug,matched_grid_AMSR2,ascending,30,grid_anomaly_persistence,JJA,84,2.7457448132377893,2.1826208820684707,-1.8372671697520873
2026-Jan-Aug,matched_grid_AMSR2,ascending,30,grid_anomaly_persistence,MAM,79,2.370190173527173,1.472448011743687,-1.0893060235609426
2026-Jan-Aug,matched_grid_AMSR2,ascending,30,grid_raw_persistence,DJF,52,2.9665419323225515,2.6158201621725206,2.565936842537191
2026-Jan-Aug,matched_grid_AMSR2,ascending,30,grid_raw_persistence,JJA,84,6.147205199781523,5.687884193869397,-5.655225409889865
2026-Jan-Aug,matched_grid_AMSR2,ascending,30,grid_raw_persistence,MAM,79,4.550554148512222,3.6373780083432368,-3.4036494191781252
2026-Jan-Aug,matched_grid_AMSR2,descending,1,eof_ar_increments,DJF,55,2.1412948576581394,1.1877281210835424,-0.4283565535949614
2026-Jan-Aug,matched_grid_AMSR2,descending,1,eof_ar_increments,JJA,84,1.8570532691452588,1.154765837049305,-0.8531239268254028
2026-Jan-Aug,matched_grid_AMSR2,descending,1,eof_ar_increments,MAM,86,2.300901937347714,1.2970841224613459,-0.7422057074677687
2026-Jan-Aug,matched_grid_AMSR2,descending,1,frozen_anomaly_projection,DJF,55,2.141129556338257,1.1815567543627439,-0.4388419697450731
2026-Jan-Aug,matched_grid_AMSR2,descending,1,frozen_anomaly_projection,JJA,84,1.8793789030258887,1.1815988843590641,-0.8652314687077999
2026-Jan-Aug,matched_grid_AMSR2,descending,1,frozen_anomaly_projection,MAM,86,2.316052968334609,1.3159082911810742,-0.7542750886270888
2026-Jan-Aug,matched_grid_AMSR2,descending,1,frozen_selected_projection,DJF,55,2.1390984823274595,1.1869388208161036,-0.41888876696256766
2026-Jan-Aug,matched_grid_AMSR2,descending,1,frozen_selected_projection,JJA,84,1.8699701297228355,1.1653751241537436,-0.8606993162048078
2026-Jan-Aug,matched_grid_AMSR2,descending,1,frozen_selected_projection,MAM,86,2.305317028365051,1.3002122999187558,-0.7356794254823301
2026-Jan-Aug,matched_grid_AMSR2,descending,1,grid_anomaly_persistence,DJF,55,2.141322727372764,1.183331819732767,-0.4383462062055683
2026-Jan-Aug,matched_grid_AMSR2,descending,1,grid_anomaly_persistence,JJA,84,1.8826586820648674,1.1821643723208426,-0.861268796827383
2026-Jan-Aug,matched_grid_AMSR2,descending,1,grid_anomaly_persistence,MAM,86,2.3217766062036995,1.3197353880566978,-0.766311836042745
2026-Jan-Aug,matched_grid_AMSR2,descending,1,grid_raw_persistence,DJF,55,2.1276484037695003,1.1819618645556564,-0.384982447486214
2026-Jan-Aug,matched_grid_AMSR2,descending,1,grid_raw_persistence,JJA,84,1.9521047741777076,1.2576037041043975,-0.957217293959288
2026-Jan-Aug,matched_grid_AMSR2,descending,1,grid_raw_persistence,MAM,86,2.372452919480504,1.3771055642751338,-0.8734969134484301
2026-Jan-Aug,matched_grid_AMSR2,descending,7,eof_ar_increments,DJF,55,2.193997829769931,1.2642267477008615,-0.3047242966092091
2026-Jan-Aug,matched_grid_AMSR2,descending,7,eof_ar_increments,JJA,84,2.036068328646524,1.3862042901741962,-0.9422531290489486
2026-Jan-Aug,matched_grid_AMSR2,descending,7,eof_ar_increments,MAM,86,2.3162352417891836,1.3316984807452796,-0.5724925779095369
2026-Jan-Aug,matched_grid_AMSR2,descending,7,frozen_anomaly_projection,DJF,55,2.2296236734834713,1.2586141715877701,-0.4208191470954097
2026-Jan-Aug,matched_grid_AMSR2,descending,7,frozen_anomaly_projection,JJA,84,2.12670542039737,1.4818403575936807,-1.0108474086715618
2026-Jan-Aug,matched_grid_AMSR2,descending,7,frozen_anomaly_projection,MAM,86,2.381677982862762,1.4079645458944277,-0.6624100349506268
2026-Jan-Aug,matched_grid_AMSR2,descending,7,frozen_selected_projection,DJF,55,2.185633285658891,1.250445586068439,-0.3199737464545546
2026-Jan-Aug,matched_grid_AMSR2,descending,7,frozen_selected_projection,JJA,84,2.1230756047410315,1.4570039622431228,-0.9809765506648586
2026-Jan-Aug,matched_grid_AMSR2,descending,7,frozen_selected_projection,MAM,86,2.3475489791010475,1.3733130209995539,-0.5683972406283224
2026-Jan-Aug,matched_grid_AMSR2,descending,7,grid_anomaly_persistence,DJF,55,2.191645305263244,1.232989239427546,-0.41688008034279145
2026-Jan-Aug,matched_grid_AMSR2,descending,7,grid_anomaly_persistence,JJA,84,2.1652087924065437,1.5022637676858903,-0.9937452805481956
2026-Jan-Aug,matched_grid_AMSR2,descending,7,grid_anomaly_persistence,MAM,86,2.411704208354578,1.4280825414206186,-0.7512315120705684
2026-Jan-Aug,matched_grid_AMSR2,descending,7,grid_raw_persistence,DJF,55,2.148044973251746,1.3116699577002768,-0.003613468801655945
2026-Jan-Aug,matched_grid_AMSR2,descending,7,grid_raw_persistence,JJA,84,2.7098404874900988,2.0568870399596673,-1.7175905164459049
2026-Jan-Aug,matched_grid_AMSR2,descending,7,grid_raw_persistence,MAM,86,2.8168100014341984,1.839597055195501,-1.462159977113673
2026-Jan-Aug,matched_grid_AMSR2,descending,30,eof_ar_increments,DJF,55,2.2572630180969475,1.384601791675069,-0.09992809727581003
2026-Jan-Aug,matched_grid_AMSR2,descending,30,eof_ar_increments,JJA,84,2.07286165889635,1.453664149256732,-0.9561703490661041
2026-Jan-Aug,matched_grid_AMSR2,descending,30,eof_ar_increments,MAM,86,2.2624853228001065,1.3095037577366588,-0.3200640794668471
2026-Jan-Aug,matched_grid_AMSR2,descending,30,frozen_anomaly_projection,DJF,55,2.391600866350701,1.480327256591927,-0.5411315290468302
2026-Jan-Aug,matched_grid_AMSR2,descending,30,frozen_anomaly_projection,JJA,84,2.358622568149581,1.7255978157741851,-1.3301705643247466
2026-Jan-Aug,matched_grid_AMSR2,descending,30,frozen_anomaly_projection,MAM,86,2.3649533535439002,1.4324615406324195,-0.2927459129271438
2026-Jan-Aug,matched_grid_AMSR2,descending,30,frozen_selected_projection,DJF,55,2.379998420636409,1.503739960229624,-0.23741586075522286
2026-Jan-Aug,matched_grid_AMSR2,descending,30,frozen_selected_projection,JJA,84,2.3449695879188703,1.720863702325128,-1.1071217165669847
2026-Jan-Aug,matched_grid_AMSR2,descending,30,frozen_selected_projection,MAM,86,2.3442103997364447,1.4585160423133723,-0.025938990243222305
2026-Jan-Aug,matched_grid_AMSR2,descending,30,grid_anomaly_persistence,DJF,55,2.1926782584905036,1.2583101619340233,-0.35009031262037343
2026-Jan-Aug,matched_grid_AMSR2,descending,30,grid_anomaly_persistence,JJA,84,2.544643147652201,1.897017350125807,-1.4465382118579224
2026-Jan-Aug,matched_grid_AMSR2,descending,30,grid_anomaly_persistence,MAM,86,2.4002849851999333,1.3877047691686308,-0.7068907978785138
2026-Jan-Aug,matched_grid_AMSR2,descending,30,grid_raw_persistence,DJF,55,3.1211834730724615,2.6595355950424366,2.0070574370379624
2026-Jan-Aug,matched_grid_AMSR2,descending,30,grid_raw_persistence,JJA,84,5.832149169933188,5.270817034150431,-5.2332278378382275
2026-Jan-Aug,matched_grid_AMSR2,descending,30,grid_raw_persistence,MAM,86,4.446021998488372,3.409446524628904,-3.0493703354136255
2026-Jan-Aug,matched_grid_OISST,ascending,1,eof_ar_increments,DJF,52,0.1403645040851989,0.10792626433029716,0.02023576978828447
2026-Jan-Aug,matched_grid_OISST,ascending,1,eof_ar_increments,JJA,84,0.24679874253880962,0.18992488688217551,-0.010231478172627293
2026-Jan-Aug,matched_grid_OISST,ascending,1,eof_ar_increments,MAM,79,0.23270942531777705,0.17039944191541287,0.015834129303012333
2026-Jan-Aug,matched_grid_OISST,ascending,1,frozen_anomaly_projection,DJF,52,0.15057652869481222,0.11806265010501867,0.008265456912205206
2026-Jan-Aug,matched_grid_OISST,ascending,1,frozen_anomaly_projection,JJA,84,0.27164296206519334,0.21093065778266812,-0.027272719979086455
2026-Jan-Aug,matched_grid_OISST,ascending,1,frozen_anomaly_projection,MAM,79,0.26061691756245964,0.1909829441416203,0.00715737870634223
2026-Jan-Aug,matched_grid_OISST,ascending,1,frozen_selected_projection,DJF,52,0.1418254429602491,0.10962278459088946,0.02922725187844977
2026-Jan-Aug,matched_grid_OISST,ascending,1,frozen_selected_projection,JJA,84,0.25112316296817383,0.19490967905016762,-0.022044272153405865
2026-Jan-Aug,matched_grid_OISST,ascending,1,frozen_selected_projection,MAM,79,0.23254383052502306,0.16996225450506702,0.02660488227207138
2026-Jan-Aug,matched_grid_OISST,ascending,1,grid_anomaly_persistence,DJF,52,0.1423837620330612,0.10979858666422285,0.008621666795639835
2026-Jan-Aug,matched_grid_OISST,ascending,1,grid_anomaly_persistence,JJA,84,0.2612694782776052,0.2009086236422525,-0.024015125017100368
2026-Jan-Aug,matched_grid_OISST,ascending,1,grid_anomaly_persistence,MAM,79,0.24489602764988358,0.1775371189947256,-0.009011390006757273
2026-Jan-Aug,matched_grid_OISST,ascending,1,grid_raw_persistence,DJF,52,0.1622620399664368,0.1253033030060781,0.06241441754960935
2026-Jan-Aug,matched_grid_OISST,ascending,1,grid_raw_persistence,JJA,84,0.28934467358557864,0.2211351374608406,-0.12093034219728753
2026-Jan-Aug,matched_grid_OISST,ascending,1,grid_raw_persistence,MAM,79,0.2776393692620307,0.2044311283520411,-0.11506559710159495
2026-Jan-Aug,matched_grid_OISST,ascending,7,eof_ar_increments,DJF,52,0.41853845801593587,0.33331040016429536,0.14418068684330246
2026-Jan-Aug,matched_grid_OISST,ascending,7,eof_ar_increments,JJA,84,0.9883424975148437,0.7933354638758391,-0.12654275466804815
2026-Jan-Aug,matched_grid_OISST,ascending,7,eof_ar_increments,MAM,79,0.7077938673708573,0.550822618537733,0.12489071349050838
2026-Jan-Aug,matched_grid_OISST,ascending,7,frozen_anomaly_projection,DJF,52,0.45384435285823116,0.36546319039478364,0.024142148071558088
2026-Jan-Aug,matched_grid_OISST,ascending,7,frozen_anomaly_projection,JJA,84,0.9584867497954898,0.7647979036171793,-0.1935044153482639
2026-Jan-Aug,matched_grid_OISST,ascending,7,frozen_anomaly_projection,MAM,79,0.7827831026242282,0.6020663783716412,0.05875682536421
2026-Jan-Aug,matched_grid_OISST,ascending,7,frozen_selected_projection,DJF,52,0.41046492104099114,0.32901183265874434,0.13068621757530352
2026-Jan-Aug,matched_grid_OISST,ascending,7,frozen_selected_projection,JJA,84,1.0229389152987067,0.814476236285661,-0.1592861676482952
2026-Jan-Aug,matched_grid_OISST,ascending,7,frozen_selected_projection,MAM,79,0.7537742167415982,0.581996319122386,0.1441476016697124
2026-Jan-Aug,matched_grid_OISST,ascending,7,grid_anomaly_persistence,DJF,52,0.3752356076183899,0.29986848992213655,0.030917775654916893
2026-Jan-Aug,matched_grid_OISST,ascending,7,grid_anomaly_persistence,JJA,84,1.0410971726218499,0.81589675315898,-0.17731526312891502
2026-Jan-Aug,matched_grid_OISST,ascending,7,grid_anomaly_persistence,MAM,79,0.7642876192631126,0.5849967054056145,-0.054156624760691344
2026-Jan-Aug,matched_grid_OISST,ascending,7,grid_raw_persistence,DJF,52,0.6552662328628776,0.5241322504378669,0.44761133621849747
2026-Jan-Aug,matched_grid_OISST,ascending,7,grid_raw_persistence,JJA,84,1.4012784640682632,1.1330085303241293,-0.9081765231245811
2026-Jan-Aug,matched_grid_OISST,ascending,7,grid_raw_persistence,MAM,79,1.1515483794979793,0.8734774069867155,-0.7568488354669425
2026-Jan-Aug,matched_grid_OISST,ascending,30,eof_ar_increments,DJF,52,0.6895393494788483,0.5517123561566079,0.34148003334017546
2026-Jan-Aug,matched_grid_OISST,ascending,30,eof_ar_increments,JJA,84,1.3256312128686287,1.0971757428492492,-0.10779221793067209
2026-Jan-Aug,matched_grid_OISST,ascending,30,eof_ar_increments,MAM,79,0.8760973652681209,0.7067709949138808,0.3984880084405403
2026-Jan-Aug,matched_grid_OISST,ascending,30,frozen_anomaly_projection,DJF,52,0.8567945991661825,0.6885748580495428,-0.11499593489172955
2026-Jan-Aug,matched_grid_OISST,ascending,30,frozen_anomaly_projection,JJA,84,1.437512641517343,1.1763453137469186,-0.4764453913626393
2026-Jan-Aug,matched_grid_OISST,ascending,30,frozen_anomaly_projection,MAM,79,1.05215848222419,0.8131163213528849,0.5005282232505127
2026-Jan-Aug,matched_grid_OISST,ascending,30,frozen_selected_projection,DJF,52,0.8652881385993761,0.6961239106197665,0.19786094582814015
2026-Jan-Aug,matched_grid_OISST,ascending,30,frozen_selected_projection,JJA,84,1.588625827982355,1.3134064859914876,-0.25410470631326215
2026-Jan-Aug,matched_grid_OISST,ascending,30,frozen_selected_projection,MAM,79,1.184443471002201,0.9580785369015564,0.7557172429607153
2026-Jan-Aug,matched_grid_OISST,ascending,30,grid_anomaly_persistence,DJF,52,0.5443086724605684,0.42810091656770877,0.06248224044729884
2026-Jan-Aug,matched_grid_OISST,ascending,30,grid_anomaly_persistence,JJA,84,1.7980474351108586,1.476004687064746,-0.5850140515432386
2026-Jan-Aug,matched_grid_OISST,ascending,30,grid_anomaly_persistence,MAM,79,0.8051965962997268,0.632365298345216,0.044054043892745934
2026-Jan-Aug,matched_grid_OISST,ascending,30,grid_raw_persistence,DJF,52,2.7596019942409904,2.451907709737722,2.4378499222940446
2026-Jan-Aug,matched_grid_OISST,ascending,30,grid_raw_persistence,JJA,84,4.727088826485393,4.43553973614677,-4.402972291681016
2026-Jan-Aug,matched_grid_OISST,ascending,30,grid_raw_persistence,MAM,79,2.972293254262265,2.427613268700118,-2.2702893517244367
2026-Jan-Aug,matched_grid_OISST,descending,1,eof_ar_increments,DJF,55,0.1447605609052314,0.11008366972433549,0.01848096629640116
2026-Jan-Aug,matched_grid_OISST,descending,1,eof_ar_increments,JJA,84,0.2565482695379703,0.19225824127224395,-0.005999886639027484
2026-Jan-Aug,matched_grid_OISST,descending,1,eof_ar_increments,MAM,86,0.2762424667100122,0.18566750853153877,0.034889767852725746
2026-Jan-Aug,matched_grid_OISST,descending,1,frozen_anomaly_projection,DJF,55,0.15763675595041998,0.12302055060902804,0.007995550146289495
2026-Jan-Aug,matched_grid_OISST,descending,1,frozen_anomaly_projection,JJA,84,0.27649711790193987,0.20754606021924352,-0.018107428521424166
2026-Jan-Aug,matched_grid_OISST,descending,1,frozen_anomaly_projection,MAM,86,0.30201400537514755,0.20131479607617359,0.022820386693405817
2026-Jan-Aug,matched_grid_OISST,descending,1,frozen_selected_projection,DJF,55,0.14519816880041306,0.11056958289791632,0.02794875292879494
2026-Jan-Aug,matched_grid_OISST,descending,1,frozen_selected_projection,JJA,84,0.26032634605606086,0.1958625291689123,-0.013575276018432345
2026-Jan-Aug,matched_grid_OISST,descending,1,frozen_selected_projection,MAM,86,0.27484490543427936,0.18319589770175157,0.0414160498381644
2026-Jan-Aug,matched_grid_OISST,descending,1,grid_anomaly_persistence,DJF,55,0.14924573188950094,0.11418809958342652,0.008491313685794349
2026-Jan-Aug,matched_grid_OISST,descending,1,grid_anomaly_persistence,JJA,84,0.27489283051112623,0.20500420985193726,-0.014144756641007323
2026-Jan-Aug,matched_grid_OISST,descending,1,grid_anomaly_persistence,MAM,86,0.2951419694938396,0.1938355051525703,0.010783639277749512
2026-Jan-Aug,matched_grid_OISST,descending,1,grid_raw_persistence,DJF,55,0.164173540575929,0.12593081368928227,0.06185507240514858
2026-Jan-Aug,matched_grid_OISST,descending,1,grid_raw_persistence,JJA,84,0.2999954487079036,0.2291943081802301,-0.11009325377291258
2026-Jan-Aug,matched_grid_OISST,descending,1,grid_raw_persistence,MAM,86,0.31389442254832783,0.22168748913253625,-0.09640143812793552
2026-Jan-Aug,matched_grid_OISST,descending,7,eof_ar_increments,DJF,55,0.4232237953157571,0.3388910125408687,0.14211322328215367
2026-Jan-Aug,matched_grid_OISST,descending,7,eof_ar_increments,JJA,84,0.9644102452291564,0.7758769152675183,-0.09512908886257328
2026-Jan-Aug,matched_grid_OISST,descending,7,eof_ar_increments,MAM,86,0.7802771382657367,0.6037183765541477,0.2046028974109575
2026-Jan-Aug,matched_grid_OISST,descending,7,frozen_anomaly_projection,DJF,55,0.4497874315280826,0.3583761323916764,0.026018372795952985
2026-Jan-Aug,matched_grid_OISST,descending,7,frozen_anomaly_projection,JJA,84,0.9900813162284667,0.7907802402145595,-0.163723368485186
2026-Jan-Aug,matched_grid_OISST,descending,7,frozen_anomaly_projection,MAM,86,0.8252475999962272,0.626127441980056,0.11468544036986782
2026-Jan-Aug,matched_grid_OISST,descending,7,frozen_selected_projection,DJF,55,0.40040569577021495,0.3208045170226075,0.12686377343680794
2026-Jan-Aug,matched_grid_OISST,descending,7,frozen_selected_projection,JJA,84,1.0168444740844615,0.8073679204993496,-0.13385251047848293
2026-Jan-Aug,matched_grid_OISST,descending,7,frozen_selected_projection,MAM,86,0.7945897711928017,0.6026920530250912,0.20869823469217214
2026-Jan-Aug,matched_grid_OISST,descending,7,grid_anomaly_persistence,DJF,55,0.36711247300133465,0.29117177538954025,0.02995743954857111
2026-Jan-Aug,matched_grid_OISST,descending,7,grid_anomaly_persistence,JJA,84,1.047345588434383,0.8170795402300592,-0.1466212403618202
2026-Jan-Aug,matched_grid_OISST,descending,7,grid_anomaly_persistence,MAM,86,0.8177997486764986,0.61951463227877,0.02586396324992607
2026-Jan-Aug,matched_grid_OISST,descending,7,grid_raw_persistence,DJF,55,0.6417077825706334,0.5146109738510709,0.44322405108970664
2026-Jan-Aug,matched_grid_OISST,descending,7,grid_raw_persistence,JJA,84,1.3888574791839388,1.125355507149206,-0.8704664762595293
2026-Jan-Aug,matched_grid_OISST,descending,7,grid_raw_persistence,MAM,86,1.1214490297518405,0.8445630018179578,-0.6850645017931787
2026-Jan-Aug,matched_grid_OISST,descending,30,eof_ar_increments,DJF,55,0.7288378622014297,0.5778751901768431,0.3469094226155526
2026-Jan-Aug,matched_grid_OISST,descending,30,eof_ar_increments,JJA,84,1.2683961275088351,1.0524050960138216,-0.1090463088797285
2026-Jan-Aug,matched_grid_OISST,descending,30,eof_ar_increments,MAM,86,0.9293244148280373,0.7480215329704607,0.4570313958536474
2026-Jan-Aug,matched_grid_OISST,descending,30,frozen_anomaly_projection,DJF,55,0.9064182210474746,0.7228195122633966,-0.09429400915546758
2026-Jan-Aug,matched_grid_OISST,descending,30,frozen_anomaly_projection,JJA,84,1.3881007939379564,1.1284213960964078,-0.48304652413837107
2026-Jan-Aug,matched_grid_OISST,descending,30,frozen_anomaly_projection,MAM,86,1.033900348230364,0.8003170747846126,0.4843495623933507
2026-Jan-Aug,matched_grid_OISST,descending,30,frozen_selected_projection,DJF,55,0.9006778774673216,0.7274473895285759,0.20942165913613983
2026-Jan-Aug,matched_grid_OISST,descending,30,frozen_selected_projection,JJA,84,1.5253774470250807,1.2538720268020176,-0.25999767638060917
2026-Jan-Aug,matched_grid_OISST,descending,30,frozen_selected_projection,MAM,86,1.1699297397280146,0.9446758001193111,0.7511564850772722
2026-Jan-Aug,matched_grid_OISST,descending,30,grid_anomaly_persistence,DJF,55,0.5696375516221506,0.44098843116297887,0.09674720727098916
2026-Jan-Aug,matched_grid_OISST,descending,30,grid_anomaly_persistence,JJA,84,1.7237506532972833,1.4031618044412004,-0.5994141716715469
2026-Jan-Aug,matched_grid_OISST,descending,30,grid_anomaly_persistence,MAM,86,0.7897621367559671,0.6259621584561952,0.07020467744198061
2026-Jan-Aug,matched_grid_OISST,descending,30,grid_raw_persistence,DJF,55,2.7588557040552373,2.464501309446257,2.453894956929325
2026-Jan-Aug,matched_grid_OISST,descending,30,grid_raw_persistence,JJA,84,4.704190344235135,4.407189475551038,-4.3861037976518515
2026-Jan-Aug,matched_grid_OISST,descending,30,grid_raw_persistence,MAM,86,3.0130647567380264,2.4499738064366254,-2.272274860093131
2026-Jan-Aug,regional_OISST,all,1,eof_ar_increments,DJF,59,0.07240859333065713,0.05845961509043143,0.02584232449753832
2026-Jan-Aug,regional_OISST,all,1,eof_ar_increments,JJA,92,0.1431420963008043,0.1175749908957982,-0.007984396692155733
2026-Jan-Aug,regional_OISST,all,1,eof_ar_increments,MAM,92,0.12438659509944386,0.09343512626250877,0.012475034705118349
2026-Jan-Aug,regional_OISST,all,1,frozen_anomaly_projection,DJF,59,0.09782543310799499,0.07491946340644934,0.005122896444299398
2026-Jan-Aug,regional_OISST,all,1,frozen_anomaly_projection,JJA,92,0.17249224158412996,0.13416025115328128,-0.015493862290634807
2026-Jan-Aug,regional_OISST,all,1,frozen_anomaly_projection,MAM,92,0.16299925806847745,0.12160649111294063,-0.006501479140285586
2026-Jan-Aug,regional_OISST,all,1,frozen_selected_projection,DJF,59,0.07204449766318005,0.05818834635374673,0.023749148507490086
2026-Jan-Aug,regional_OISST,all,1,frozen_selected_projection,JJA,92,0.14323017050583103,0.11731091324073795,-0.010320834004701388
2026-Jan-Aug,regional_OISST,all,1,frozen_selected_projection,MAM,92,0.12265442743671919,0.0924363402529944,0.01183009741106022
2026-Jan-Aug,regional_OISST,all,1,grid_anomaly_persistence,DJF,59,0.08163007137865166,0.06444958550922972,0.004291475542395017
2026-Jan-Aug,regional_OISST,all,1,grid_anomaly_persistence,JJA,92,0.16601800310018444,0.13282667107344856,-0.011532941073780402
2026-Jan-Aug,regional_OISST,all,1,grid_anomaly_persistence,MAM,92,0.1517873826727077,0.11736286616165073,-0.006829518131424387
2026-Jan-Aug,regional_OISST,all,1,grid_raw_persistence,DJF,59,0.11419304882554986,0.09610896460472032,0.05888246571592434
2026-Jan-Aug,regional_OISST,all,1,grid_raw_persistence,JJA,92,0.2037139191580136,0.16567259174568705,-0.10832740100523051
2026-Jan-Aug,regional_OISST,all,1,grid_raw_persistence,MAM,92,0.20518066232978308,0.1627424686661282,-0.12741015620567356
2026-Jan-Aug,regional_OISST,all,7,eof_ar_increments,DJF,59,0.28205612469512303,0.2360011357682671,0.18587862145013606
2026-Jan-Aug,regional_OISST,all,7,eof_ar_increments,JJA,92,0.7416741105758646,0.6084664332441079,-0.10746417994208576
2026-Jan-Aug,regional_OISST,all,7,eof_ar_increments,MAM,92,0.49876529612523157,0.4017679810055405,0.14464737912710485
2026-Jan-Aug,regional_OISST,all,7,frozen_anomaly_projection,DJF,59,0.34040831170999364,0.2560453752010383,0.021198617773202873
2026-Jan-Aug,regional_OISST,all,7,frozen_anomaly_projection,JJA,92,0.7100774293857871,0.5760769790710699,-0.1603972373649767
2026-Jan-Aug,regional_OISST,all,7,frozen_anomaly_projection,MAM,92,0.5847051998944717,0.46588420457047935,-0.006575729653801811
2026-Jan-Aug,regional_OISST,all,7,frozen_selected_projection,DJF,59,0.2595145843205458,0.21046617570399292,0.12394207790899509
2026-Jan-Aug,regional_OISST,all,7,frozen_selected_projection,JJA,92,0.7467922253668567,0.5989385147538109,-0.12404634826987133
2026-Jan-Aug,regional_OISST,all,7,frozen_selected_projection,MAM,92,0.5253365315046682,0.4258744813567874,0.09081515411115133
2026-Jan-Aug,regional_OISST,all,7,grid_anomaly_persistence,DJF,59,0.2550354354970695,0.1999029728519383,0.008009988177386698
2026-Jan-Aug,regional_OISST,all,7,grid_anomaly_persistence,JJA,92,0.7846246202457454,0.5912242278221082,-0.14790411328146214
2026-Jan-Aug,regional_OISST,all,7,grid_anomaly_persistence,MAM,92,0.57584400793253,0.472521321848674,-0.004663454711932684
2026-Jan-Aug,regional_OISST,all,7,grid_raw_persistence,DJF,59,0.6115546987922791,0.5051757387238593,0.43980144117228714
2026-Jan-Aug,regional_OISST,all,7,grid_raw_persistence,JJA,92,1.1982286588397735,1.009816356980621,-0.8779267101677198
2026-Jan-Aug,regional_OISST,all,7,grid_raw_persistence,MAM,92,1.0507105142436652,0.8233111608631988,-0.8117206572629414
2026-Jan-Aug,regional_OISST,all,30,eof_ar_increments,DJF,59,0.4773437685585268,0.4306703874513054,0.4306703874513054
2026-Jan-Aug,regional_OISST,all,30,eof_ar_increments,JJA,92,1.018318052075836,0.8962599587113054,-0.12062382207631882
2026-Jan-Aug,regional_OISST,all,30,eof_ar_increments,MAM,92,0.5284698780382795,0.4208295820375671,0.36307765463449765
2026-Jan-Aug,regional_OISST,all,30,frozen_anomaly_projection,DJF,59,0.3989157102953836,0.34398175479437043,0.04796911649043995
2026-Jan-Aug,regional_OISST,all,30,frozen_anomaly_projection,JJA,92,0.9072879461805915,0.7412090329083946,-0.448832121208447
2026-Jan-Aug,regional_OISST,all,30,frozen_anomaly_projection,MAM,92,0.4094508835070981,0.3315526122521094,0.02985859380397228
2026-Jan-Aug,regional_OISST,all,30,frozen_selected_projection,DJF,59,0.4175454323992719,0.35242283135921415,0.35069475989580023
2026-Jan-Aug,regional_OISST,all,30,frozen_selected_projection,JJA,92,1.0638105493977525,0.9244144651851055,-0.2154311789375435
2026-Jan-Aug,regional_OISST,all,30,frozen_selected_projection,MAM,92,0.48253457361183566,0.3814681511029638,0.2912745400745865
2026-Jan-Aug,regional_OISST,all,30,grid_anomaly_persistence,DJF,59,0.3193953149397085,0.2788316938152663,0.013811908161847821
2026-Jan-Aug,regional_OISST,all,30,grid_anomaly_persistence,JJA,92,1.351509221340397,1.1145704046287173,-0.5499833527423791
2026-Jan-Aug,regional_OISST,all,30,grid_anomaly_persistence,MAM,92,0.4473496814665649,0.3660434402459209,0.02735846764592258
2026-Jan-Aug,regional_OISST,all,30,grid_raw_persistence,DJF,59,2.883340491181545,2.5900892536529967,2.5900892536529967
2026-Jan-Aug,regional_OISST,all,30,grid_raw_persistence,JJA,92,4.557278491274582,4.3744232375957335,-4.373785253197611
2026-Jan-Aug,regional_OISST,all,30,grid_raw_persistence,MAM,92,3.1969647334123215,2.7819939424858684,-2.7476545354389623
