pass,horizon_days,model,n_days,advantage_analysis,advantage_external,discrepancy_perturbation
ascending,1,eof_ar_increments,215,0.010809642367492045,0.047207270623352095,0.036397628255860036
ascending,1,frozen_anomaly_projection,215,0.0,0.0,0.0
ascending,1,frozen_selected_projection,215,0.009896981961032282,0.03199437827230281,0.022097396311270525
ascending,1,grid_anomaly_persistence,215,0.005660443489922605,-0.015884602035576303,-0.02154504552549891
ascending,1,grid_raw_persistence,215,-0.008130629054707225,-0.26214792439273016,-0.2540172953380229
ascending,7,eof_ar_increments,215,0.02581206808685868,0.2561823643800635,0.23037029629320482
ascending,7,frozen_anomaly_projection,215,0.0,0.0,0.0
ascending,7,frozen_selected_projection,215,-0.02444847665970635,0.07877693234139044,0.10322540900109678
ascending,7,grid_anomaly_persistence,215,-0.03826129895073795,-0.13440801601282037,-0.09614671706208242
ascending,7,grid_raw_persistence,215,-0.7243668856217741,-2.461829873168109,-1.7374629875463348
ascending,30,eof_ar_increments,215,0.3080781597546198,0.7499141697653509,0.4418360100107311
ascending,30,frozen_anomaly_projection,215,0.0,0.0,0.0
ascending,30,frozen_selected_projection,215,-0.2909141124082409,0.12514591206140974,0.4160600244696506
ascending,30,grid_anomaly_persistence,215,-0.18132468250645115,-0.5418288786502569,-0.36050419614380574
ascending,30,grid_raw_persistence,215,-12.426648410047779,-19.798075055867837,-7.371426645820059
descending,1,eof_ar_increments,225,0.010617781987178916,0.05770682728149456,0.04708904529431564
descending,1,frozen_anomaly_projection,225,0.0,0.0,0.0
descending,1,frozen_selected_projection,225,0.01015210186294316,0.03425892434319604,0.024106822480252876
descending,1,grid_anomaly_persistence,225,0.0025282215216104235,-0.014954832824158038,-0.01748305434576847
descending,1,grid_raw_persistence,225,-0.008368431855947244,-0.19103287861330737,-0.1826644467573601
descending,7,eof_ar_increments,225,0.05199723791024202,0.2968946373036701,0.24489739939342806
descending,7,frozen_anomaly_projection,225,0.0,0.0,0.0
descending,7,frozen_selected_projection,225,0.009191823023220087,0.11492929894359545,0.10573747592037537
descending,7,grid_anomaly_persistence,225,-0.022371056207126302,-0.07566138348482837,-0.05329032727770208
descending,7,grid_raw_persistence,225,-0.6257689912299789,-1.8302347040745386,-1.2044657128445597
descending,30,eof_ar_increments,225,0.2681747679635625,0.8066650518982454,0.538490283934683
descending,30,frozen_anomaly_projection,225,0.0,0.0,0.0
descending,30,frozen_selected_projection,225,-0.26136465058867425,0.07484394465590925,0.33620859524458346
descending,30,grid_anomaly_persistence,225,-0.09825365447060752,-0.18195978452797107,-0.08370613005736358
descending,30,grid_raw_persistence,225,-12.263450507833396,-17.02247775679405,-4.759027248960652
