period,target,pass,horizon_days,baseline,mean_loss_advantage,loss_advantage_ci_lower,loss_advantage_ci_upper,skill_ci_lower,skill_ci_upper,bootstrap_block_days,replicates_valid,scope
2023-2025,full_grid_OISST,all,1,frozen_anomaly_projection,0.009383475456270869,0.006444930274930532,0.012523652710559604,0.05275303686164141,0.08772724290439764,30,1999,retrospective spatial comparison; unadjusted descriptive interval
2023-2025,full_grid_OISST,all,1,frozen_anomaly_projection,0.009383475456270869,0.006001507030114952,0.012777353435758755,0.052025843226804355,0.08711953290360107,60,1999,retrospective spatial comparison; unadjusted descriptive interval
2023-2025,full_grid_OISST,all,1,grid_anomaly_persistence,0.004339130784590219,0.0015369777825195205,0.007309684869008246,0.01314565053917975,0.054363684729754266,30,1999,retrospective spatial comparison; unadjusted descriptive interval
2023-2025,full_grid_OISST,all,1,grid_anomaly_persistence,0.004339130784590219,0.0012253217709501192,0.007736760235178533,0.010650525939742417,0.05642402751455863,60,1999,retrospective spatial comparison; unadjusted descriptive interval
2023-2025,full_grid_OISST,all,7,frozen_anomaly_projection,0.04559201111339882,-0.01560374594201846,0.10552661865027363,-0.011948261417115358,0.06946331512895472,30,1999,retrospective spatial comparison; unadjusted descriptive interval
2023-2025,full_grid_OISST,all,7,frozen_anomaly_projection,0.04559201111339882,-0.011432163622881675,0.10872954076828485,-0.008475278087767523,0.07094292494834734,60,1999,retrospective spatial comparison; unadjusted descriptive interval
2023-2025,full_grid_OISST,all,7,grid_anomaly_persistence,-0.010456651967082621,-0.07421214109478985,0.05608691790023416,-0.061108659717551146,0.037086501736342405,30,1999,retrospective spatial comparison; unadjusted descriptive interval
2023-2025,full_grid_OISST,all,7,grid_anomaly_persistence,-0.010456651967082621,-0.07792365694894743,0.06231248642330236,-0.06475063810039014,0.03934901378330164,60,1999,retrospective spatial comparison; unadjusted descriptive interval
2023-2025,full_grid_OISST,all,30,frozen_anomaly_projection,0.6543075897761687,0.3547390740010856,0.9487712218457574,0.09055459300288612,0.22223661060186936,30,1999,retrospective spatial comparison; unadjusted descriptive interval
2023-2025,full_grid_OISST,all,30,frozen_anomaly_projection,0.6543075897761687,0.35316412836575667,0.9668093228528045,0.08734197166881283,0.23072873747101946,60,1999,retrospective spatial comparison; unadjusted descriptive interval
2023-2025,full_grid_OISST,all,30,grid_anomaly_persistence,0.1258720398098041,-0.22697863400419585,0.4762837009338229,-0.07716458268493226,0.12511597809613836,30,1999,retrospective spatial comparison; unadjusted descriptive interval
2023-2025,full_grid_OISST,all,30,grid_anomaly_persistence,0.1258720398098041,-0.23167622584801015,0.5263645265546576,-0.08282861804968561,0.13053988090425042,60,1999,retrospective spatial comparison; unadjusted descriptive interval
2026-Jan-Aug,full_grid_OISST,all,1,frozen_anomaly_projection,0.008522549719410898,0.005012118167401754,0.012402229804016947,0.04365143900486801,0.08493891704755582,30,1999,retrospective spatial comparison; unadjusted descriptive interval
2026-Jan-Aug,full_grid_OISST,all,1,frozen_anomaly_projection,0.008522549719410898,0.005681091757350751,0.011688619829367043,0.05022351995092931,0.08181407650254456,60,1999,retrospective spatial comparison; unadjusted descriptive interval
2026-Jan-Aug,full_grid_OISST,all,1,grid_anomaly_persistence,0.00506870881414859,0.0014591073787660947,0.009394564218762983,0.01471263670547901,0.06503163901650778,30,1999,retrospective spatial comparison; unadjusted descriptive interval
2026-Jan-Aug,full_grid_OISST,all,1,grid_anomaly_persistence,0.00506870881414859,0.0019204982909961066,0.008160973091692506,0.022720062688016303,0.053731029146240124,60,1999,retrospective spatial comparison; unadjusted descriptive interval
2026-Jan-Aug,full_grid_OISST,all,7,frozen_anomaly_projection,0.04276720181472426,-0.07326674703183532,0.1454017350770341,-0.051712172257199276,0.11426062512454861,30,1999,retrospective spatial comparison; unadjusted descriptive interval
2026-Jan-Aug,full_grid_OISST,all,7,frozen_anomaly_projection,0.04276720181472426,-0.0659819838003513,0.14133482469143413,-0.04312390321322922,0.10498297467790595,60,1999,retrospective spatial comparison; unadjusted descriptive interval
2026-Jan-Aug,full_grid_OISST,all,7,grid_anomaly_persistence,0.03970472639432868,-0.038308503288542704,0.13249629148407926,-0.04127006991149246,0.07566495569831351,30,1999,retrospective spatial comparison; unadjusted descriptive interval
2026-Jan-Aug,full_grid_OISST,all,7,grid_anomaly_persistence,0.03970472639432868,-0.02153388139839864,0.09733637514439633,-0.023018568537887158,0.0578858675036523,60,1999,retrospective spatial comparison; unadjusted descriptive interval
2026-Jan-Aug,full_grid_OISST,all,30,frozen_anomaly_projection,0.4088819262454663,0.06636124041109659,0.7604760556780874,0.022147765761570966,0.2539631240562511,30,1999,retrospective spatial comparison; unadjusted descriptive interval
2026-Jan-Aug,full_grid_OISST,all,30,frozen_anomaly_projection,0.4088819262454663,0.09415260781276649,0.7768147884647715,0.027436532482606166,0.2806116300803536,60,1999,retrospective spatial comparison; unadjusted descriptive interval
2026-Jan-Aug,full_grid_OISST,all,30,grid_anomaly_persistence,0.24907939431543846,-0.1844018521694062,0.871376166677788,-0.10616873559029927,0.20693195065053158,30,1999,retrospective spatial comparison; unadjusted descriptive interval
2026-Jan-Aug,full_grid_OISST,all,30,grid_anomaly_persistence,0.24907939431543846,-0.19386607481476978,0.8604051685824576,-0.12076631945870234,0.18781627898537293,60,1999,retrospective spatial comparison; unadjusted descriptive interval
2026-Jan-Aug,matched_grid_AMSR2,descending,1,frozen_anomaly_projection,0.05770682728149451,0.013874258700687392,0.10650808555238642,0.001636678667110314,0.011517266306443341,30,1999,retrospective spatial comparison; unadjusted descriptive interval
2026-Jan-Aug,matched_grid_AMSR2,descending,1,frozen_anomaly_projection,0.05770682728149451,0.008097267843412003,0.11645218091636211,0.0010462377284016335,0.01218297913393806,60,1999,retrospective spatial comparison; unadjusted descriptive interval
2026-Jan-Aug,matched_grid_AMSR2,descending,1,grid_anomaly_persistence,0.07266166010565246,0.030074195138096105,0.11937789500190064,0.00339747738879182,0.013599939287618951,30,1999,retrospective spatial comparison; unadjusted descriptive interval
2026-Jan-Aug,matched_grid_AMSR2,descending,1,grid_anomaly_persistence,0.07266166010565246,0.020198506897181612,0.12188491770950088,0.0024545617461649684,0.013858675367843246,60,1999,retrospective spatial comparison; unadjusted descriptive interval
2026-Jan-Aug,matched_grid_AMSR2,descending,7,frozen_anomaly_projection,0.2968946373036702,0.11578691231882413,0.5036220073415635,0.012202083126091296,0.04922496727912301,30,1999,retrospective spatial comparison; unadjusted descriptive interval
2026-Jan-Aug,matched_grid_AMSR2,descending,7,frozen_anomaly_projection,0.2968946373036702,0.09492922156207417,0.507380154168034,0.010917721115363243,0.047461197000491055,60,1999,retrospective spatial comparison; unadjusted descriptive interval
2026-Jan-Aug,matched_grid_AMSR2,descending,7,grid_anomaly_persistence,0.37255602078849864,0.11630406559551512,0.6675105189102021,0.01217112145433224,0.06234865991601525,30,1999,retrospective spatial comparison; unadjusted descriptive interval
2026-Jan-Aug,matched_grid_AMSR2,descending,7,grid_anomaly_persistence,0.37255602078849864,0.08540888236879476,0.6428905675652526,0.009490512902738514,0.06253369619748743,60,1999,retrospective spatial comparison; unadjusted descriptive interval
2026-Jan-Aug,matched_grid_AMSR2,descending,30,frozen_anomaly_projection,0.8066650518982457,0.3782217740568849,1.3127221590858644,0.036606743856346644,0.1191430734863285,30,1999,retrospective spatial comparison; unadjusted descriptive interval
2026-Jan-Aug,matched_grid_AMSR2,descending,30,frozen_anomaly_projection,0.8066650518982457,0.4041173184536768,1.2676856236540168,0.03780535810814415,0.11561989072110816,60,1999,retrospective spatial comparison; unadjusted descriptive interval
2026-Jan-Aug,matched_grid_AMSR2,descending,30,grid_anomaly_persistence,0.9886248364262166,0.21599242336190527,1.8882974255710459,0.02203458272938342,0.15707181313634525,30,1999,retrospective spatial comparison; unadjusted descriptive interval
2026-Jan-Aug,matched_grid_AMSR2,descending,30,grid_anomaly_persistence,0.9886248364262166,0.10299834089327767,1.8586330296589726,0.010484628978988827,0.16397369499497985,60,1999,retrospective spatial comparison; unadjusted descriptive interval
