trend,rank,order,selection_days,selection_horizon,selection_rmse
False,1,1,731,7,0.8512751107907741
False,3,1,731,7,0.8459073913898604
False,5,1,731,7,0.8422445674187546
False,10,1,731,7,0.8411682993754037
False,1,3,731,7,0.8593551698338263
False,3,3,731,7,0.8560193545499117
False,5,3,731,7,0.8533455105320897
False,10,3,731,7,0.8522457572097419
False,1,7,731,7,0.856723116930512
False,3,7,731,7,0.8506006926747314
False,5,7,731,7,0.8459356846781535
False,10,7,731,7,0.840698374863924
True,1,1,731,7,0.8440521517360624
True,3,1,731,7,0.8418470312439018
True,5,1,731,7,0.8419866796208584
True,10,1,731,7,0.8416854146720588
True,1,3,731,7,0.8475250456761257
True,3,3,731,7,0.8484674377963226
True,5,3,731,7,0.8490889808269377
True,10,3,731,7,0.848845450091966
True,1,7,731,7,0.8467152224551767
True,3,7,731,7,0.8426846830325572
True,5,7,731,7,0.8398443621772378
True,10,7,731,7,0.8351229614013174
