domain,fold,model,horizon_days,rmse_skill_vs_persistence,skill_ci_lower,skill_ci_upper,bootstrap_replicates_valid,bootstrap_block_days
iho_yellow_sea,2017-2019,ar_day,1,0.07932740134592475,0.0541144416302595,0.10105637139336347,500,15
iho_yellow_sea,2017-2019,ar_day,1,0.07932740134592475,0.05151284421539204,0.10265920716384389,500,30
iho_yellow_sea,2017-2019,ar_day,1,0.07932740134592475,0.05109801754414331,0.10199186540515526,500,60
iho_yellow_sea,2017-2019,ar_harmonic,1,0.15467786265956107,0.12186999469751546,0.18751969196043217,500,15
iho_yellow_sea,2017-2019,ar_harmonic,1,0.15467786265956107,0.11321550389740599,0.18915221245890596,500,30
iho_yellow_sea,2017-2019,ar_harmonic,1,0.15467786265956107,0.11470286701250129,0.19146191195446544,500,60
iho_yellow_sea,2017-2019,ar_harmonic_trend,1,0.14092259478419444,0.10527179450453424,0.17585298918600484,500,15
iho_yellow_sea,2017-2019,ar_harmonic_trend,1,0.14092259478419444,0.10280968800112836,0.1744260643678449,500,30
iho_yellow_sea,2017-2019,ar_harmonic_trend,1,0.14092259478419444,0.10152143982775774,0.17515629932166396,500,60
iho_yellow_sea,2017-2019,climatology,1,-4.068539810004807,-4.9324934221483945,-3.3056442750506654,500,30
iho_yellow_sea,2017-2019,persistence,1,0.0,0.0,0.0,500,30
iho_yellow_sea,2017-2019,raw_persistence,1,-0.12408562914829213,-0.17598114368628262,-0.08022060773994796,500,30
iho_yellow_sea,2017-2019,ridge_harmonic_trend,1,0.14614111380391714,0.11337955103864668,0.18011893776548518,500,15
iho_yellow_sea,2017-2019,ridge_harmonic_trend,1,0.14614111380391714,0.11055094753095429,0.17984163216523705,500,30
iho_yellow_sea,2017-2019,ridge_harmonic_trend,1,0.14614111380391714,0.10851911114837451,0.1788627501748139,500,60
iho_yellow_sea,2017-2019,trend_seasonal,1,-4.428359048381266,-5.5002869767966445,-3.5313196686382917,500,30
iho_yellow_sea,2017-2019,ar_day,7,0.035157489365911676,-0.0305698234658239,0.08964789024255929,500,15
iho_yellow_sea,2017-2019,ar_day,7,0.035157489365911676,-0.026035384885306132,0.08418517044445754,500,30
iho_yellow_sea,2017-2019,ar_day,7,0.035157489365911676,-0.008247706266040444,0.08061889228780121,500,60
iho_yellow_sea,2017-2019,ar_harmonic,7,0.09237340250428727,-0.019009728316005163,0.18736429935647816,500,15
iho_yellow_sea,2017-2019,ar_harmonic,7,0.09237340250428727,-0.027053073843923445,0.18693621505884345,500,30
iho_yellow_sea,2017-2019,ar_harmonic,7,0.09237340250428727,-0.00689430782766161,0.1861717932383401,500,60
iho_yellow_sea,2017-2019,ar_harmonic_trend,7,0.013410537532332789,-0.08205816726539003,0.101082303538332,500,15
iho_yellow_sea,2017-2019,ar_harmonic_trend,7,0.013410537532332789,-0.09760183706476325,0.0968768453062839,500,30
iho_yellow_sea,2017-2019,ar_harmonic_trend,7,0.013410537532332789,-0.11670528233794393,0.11492332233579493,500,60
iho_yellow_sea,2017-2019,climatology,7,-0.6483072290244987,-0.9029829941833786,-0.42013127638900194,500,30
iho_yellow_sea,2017-2019,persistence,7,0.0,0.0,0.0,500,30
iho_yellow_sea,2017-2019,raw_persistence,7,-0.6846891534339048,-0.8722511333538052,-0.5333149731962659,500,30
iho_yellow_sea,2017-2019,ridge_harmonic_trend,7,0.050215282853159016,-0.04357747711766164,0.1363540053596648,500,15
iho_yellow_sea,2017-2019,ridge_harmonic_trend,7,0.050215282853159016,-0.04839104725991841,0.1333264431096325,500,30
iho_yellow_sea,2017-2019,ridge_harmonic_trend,7,0.050215282853159016,-0.05400209326858063,0.14451924926096607,500,60
iho_yellow_sea,2017-2019,trend_seasonal,7,-0.7653217290561054,-1.16254599948727,-0.45764070091066666,500,30
iho_yellow_sea,2017-2019,ar_day,30,-0.004393470814051836,-0.1461682968925597,0.12157224914735457,500,30
iho_yellow_sea,2017-2019,ar_day,30,-0.004393470814051836,-0.1695560447320069,0.13349963832014755,500,60
iho_yellow_sea,2017-2019,ar_harmonic,30,0.047322084388981445,-0.08875728239496403,0.21289459324332954,500,30
iho_yellow_sea,2017-2019,ar_harmonic,30,0.047322084388981445,-0.08638754623254664,0.21156878736378065,500,60
iho_yellow_sea,2017-2019,ar_harmonic_trend,30,-0.13085938875856962,-0.3328772274555722,0.0465860722101624,500,30
iho_yellow_sea,2017-2019,ar_harmonic_trend,30,-0.13085938875856962,-0.3889597223199134,0.08885487907147845,500,60
iho_yellow_sea,2017-2019,climatology,30,-0.15612695716459157,-0.34615411123526635,-0.0051091609270586934,500,30
iho_yellow_sea,2017-2019,persistence,30,0.0,0.0,0.0,500,30
iho_yellow_sea,2017-2019,raw_persistence,30,-3.2724913537785234,-4.0428481188507766,-2.6603388920640385,500,30
iho_yellow_sea,2017-2019,ridge_harmonic_trend,30,-0.05746984170317737,-0.23070906451538623,0.0938549538194362,500,30
iho_yellow_sea,2017-2019,ridge_harmonic_trend,30,-0.05746984170317737,-0.2721419593275457,0.12333819923742274,500,60
iho_yellow_sea,2017-2019,trend_seasonal,30,-0.23820123038472474,-0.49323561236886504,-0.023014545617761645,500,30
iho_yellow_sea,2020-2022,ar_day,1,0.11427432482903699,0.09124533478690752,0.1357187850238171,500,15
iho_yellow_sea,2020-2022,ar_day,1,0.11427432482903699,0.09052786818832556,0.13639391052048133,500,30
iho_yellow_sea,2020-2022,ar_day,1,0.11427432482903699,0.09258920605747416,0.1331594326237111,500,60
iho_yellow_sea,2020-2022,ar_harmonic,1,0.19988133007921094,0.16900937360426685,0.2308970976413891,500,15
iho_yellow_sea,2020-2022,ar_harmonic,1,0.19988133007921094,0.172145738529836,0.2290473309599411,500,30
iho_yellow_sea,2020-2022,ar_harmonic,1,0.19988133007921094,0.1761166620520487,0.22512959388509576,500,60
iho_yellow_sea,2020-2022,ar_harmonic_trend,1,0.08899049741102016,0.05907678300230168,0.11878975918580037,500,15
iho_yellow_sea,2020-2022,ar_harmonic_trend,1,0.08899049741102016,0.05917217289240869,0.12073433514942669,500,30
iho_yellow_sea,2020-2022,ar_harmonic_trend,1,0.08899049741102016,0.059243893892644534,0.12105197274736298,500,60
iho_yellow_sea,2020-2022,climatology,1,-4.778719364286366,-5.700630067517716,-3.873802893524322,500,30
iho_yellow_sea,2020-2022,persistence,1,0.0,0.0,0.0,500,30
iho_yellow_sea,2020-2022,raw_persistence,1,-0.12316553680808906,-0.20337040812419785,-0.06170423370075489,500,30
iho_yellow_sea,2020-2022,ridge_harmonic_trend,1,0.18864833029778472,0.15528534279087433,0.22212427632065215,500,15
iho_yellow_sea,2020-2022,ridge_harmonic_trend,1,0.18864833029778472,0.15558663677629367,0.22508781388451043,500,30
iho_yellow_sea,2020-2022,ridge_harmonic_trend,1,0.18864833029778472,0.1560939374930175,0.2212218254928105,500,60
iho_yellow_sea,2020-2022,trend_seasonal,1,-4.755358245826463,-5.769107612565881,-3.541362942652393,500,30
iho_yellow_sea,2020-2022,ar_day,7,0.038085569916501916,-0.023478351038196437,0.09240544607464976,500,15
iho_yellow_sea,2020-2022,ar_day,7,0.038085569916501916,-0.013759651373308656,0.08860169049472448,500,30
iho_yellow_sea,2020-2022,ar_day,7,0.038085569916501916,-0.005194969811257361,0.07779435861521444,500,60
iho_yellow_sea,2020-2022,ar_harmonic,7,0.07494794541170924,0.0026929670027117437,0.1450672574974602,500,15
iho_yellow_sea,2020-2022,ar_harmonic,7,0.07494794541170924,0.009196484043342423,0.14060587597957078,500,30
iho_yellow_sea,2020-2022,ar_harmonic,7,0.07494794541170924,0.024128041757534403,0.1250481366991484,500,60
iho_yellow_sea,2020-2022,ar_harmonic_trend,7,0.08513317586317959,0.021675607406900717,0.15153177697114253,500,15
iho_yellow_sea,2020-2022,ar_harmonic_trend,7,0.08513317586317959,0.014407108331933574,0.15705991615018078,500,30
iho_yellow_sea,2020-2022,ar_harmonic_trend,7,0.08513317586317959,0.004030172490064776,0.16301891124739484,500,60
iho_yellow_sea,2020-2022,climatology,7,-0.748295092429768,-1.0013700528716354,-0.49748654738502784,500,30
iho_yellow_sea,2020-2022,persistence,7,0.0,0.0,0.0,500,30
iho_yellow_sea,2020-2022,raw_persistence,7,-0.697761421450759,-0.924232988273813,-0.5381509103207006,500,30
iho_yellow_sea,2020-2022,ridge_harmonic_trend,7,0.042550579158842305,-0.04218919516612236,0.13400669631414494,500,15
iho_yellow_sea,2020-2022,ridge_harmonic_trend,7,0.042550579158842305,-0.06423696210481607,0.1417700218422707,500,30
iho_yellow_sea,2020-2022,ridge_harmonic_trend,7,0.042550579158842305,-0.06896330893210158,0.14720914492179904,500,60
iho_yellow_sea,2020-2022,trend_seasonal,7,-0.7412274142501472,-1.0542031950268098,-0.37795399746695874,500,30
iho_yellow_sea,2020-2022,ar_day,30,0.06188409429400776,-0.05911038108609332,0.1870469211678914,500,30
iho_yellow_sea,2020-2022,ar_day,30,0.06188409429400776,-0.0701581740378924,0.17472471444506052,500,60
iho_yellow_sea,2020-2022,ar_harmonic,30,0.04343013663735462,-0.09833624605751741,0.18920991809857396,500,30
iho_yellow_sea,2020-2022,ar_harmonic,30,0.04343013663735462,-0.10738734493102024,0.17956166072166832,500,60
iho_yellow_sea,2020-2022,ar_harmonic_trend,30,0.07885707004774445,-0.12234328358328592,0.27715223159641,500,30
iho_yellow_sea,2020-2022,ar_harmonic_trend,30,0.07885707004774445,-0.11746450185122691,0.27271222587453214,500,60
iho_yellow_sea,2020-2022,climatology,30,-0.09088720117370674,-0.27520423965114504,0.08656419595317649,500,30
iho_yellow_sea,2020-2022,persistence,30,0.0,0.0,0.0,500,30
iho_yellow_sea,2020-2022,raw_persistence,30,-2.848754359028634,-3.6189588657090606,-2.2516142076764236,500,30
iho_yellow_sea,2020-2022,ridge_harmonic_trend,30,0.03929862717979837,-0.17621688914684966,0.25907161868138734,500,30
iho_yellow_sea,2020-2022,ridge_harmonic_trend,30,0.03929862717979837,-0.17128386322383168,0.2469458953335697,500,60
iho_yellow_sea,2020-2022,trend_seasonal,30,-0.08647716782090042,-0.3294345847626253,0.15811386337166183,500,30
iho_yellow_sea,2023-2025,ar_day,1,-0.015387278808228766,-0.03565279567466281,0.0035045434626559736,500,15
iho_yellow_sea,2023-2025,ar_day,1,-0.015387278808228766,-0.03520924505032323,0.00020565212989244594,500,30
iho_yellow_sea,2023-2025,ar_day,1,-0.015387278808228766,-0.030384147326459443,-0.0019961643378958146,500,60
iho_yellow_sea,2023-2025,ar_harmonic,1,0.06298994615521591,0.02545647183329792,0.0958255114495864,500,15
iho_yellow_sea,2023-2025,ar_harmonic,1,0.06298994615521591,0.030839981744221215,0.09864487039936548,500,30
iho_yellow_sea,2023-2025,ar_harmonic,1,0.06298994615521591,0.025165592264051972,0.10098546615918821,500,60
iho_yellow_sea,2023-2025,ar_harmonic_trend,1,0.08360130732628424,0.05456404412762384,0.11439512637569911,500,15
iho_yellow_sea,2023-2025,ar_harmonic_trend,1,0.08360130732628424,0.05516806425964851,0.1134281340466649,500,30
iho_yellow_sea,2023-2025,ar_harmonic_trend,1,0.08360130732628424,0.05137912821133832,0.11424694998981848,500,60
iho_yellow_sea,2023-2025,climatology,1,-7.714577418048524,-9.157011648138187,-6.322854466093864,500,30
iho_yellow_sea,2023-2025,persistence,1,0.0,0.0,0.0,500,30
iho_yellow_sea,2023-2025,raw_persistence,1,-0.20791502539893192,-0.2818645338993474,-0.1406145379294967,500,30
iho_yellow_sea,2023-2025,ridge_harmonic_trend,1,0.2218886295858301,0.19407584892132043,0.25038154925331774,500,15
iho_yellow_sea,2023-2025,ridge_harmonic_trend,1,0.2218886295858301,0.19858407893037827,0.2463081770847394,500,30
iho_yellow_sea,2023-2025,ridge_harmonic_trend,1,0.2218886295858301,0.1959440497756115,0.24899400901434737,500,60
iho_yellow_sea,2023-2025,trend_seasonal,1,-4.068035443862981,-4.913441248144073,-3.3022995829834114,500,30
iho_yellow_sea,2023-2025,ar_day,7,0.0022327229739973475,-0.051349011811094816,0.05295955612498428,500,15
iho_yellow_sea,2023-2025,ar_day,7,0.0022327229739973475,-0.054406997194457435,0.04461854783438617,500,30
iho_yellow_sea,2023-2025,ar_day,7,0.0022327229739973475,-0.04103611945067748,0.041324497600482665,500,60
iho_yellow_sea,2023-2025,ar_harmonic,7,0.02321929713747317,-0.04453250454214237,0.09188513788198936,500,15
iho_yellow_sea,2023-2025,ar_harmonic,7,0.02321929713747317,-0.038848707483822735,0.08746680382272716,500,30
iho_yellow_sea,2023-2025,ar_harmonic,7,0.02321929713747317,-0.03897301205736029,0.08865979380507097,500,60
iho_yellow_sea,2023-2025,ar_harmonic_trend,7,0.09359986623277206,0.04823529716438093,0.14120201712717398,500,15
iho_yellow_sea,2023-2025,ar_harmonic_trend,7,0.09359986623277206,0.05051981089239852,0.13969438192351408,500,30
iho_yellow_sea,2023-2025,ar_harmonic_trend,7,0.09359986623277206,0.05025271104117167,0.14011678576374265,500,60
iho_yellow_sea,2023-2025,climatology,7,-1.339673341961166,-1.8015013200439078,-0.9829984538771268,500,30
iho_yellow_sea,2023-2025,persistence,7,0.0,0.0,0.0,500,30
iho_yellow_sea,2023-2025,raw_persistence,7,-0.7717428500426236,-0.9856997792305245,-0.6026596075856689,500,30
iho_yellow_sea,2023-2025,ridge_harmonic_trend,7,0.09390727842151048,0.02900718892840096,0.15344075727824974,500,15
iho_yellow_sea,2023-2025,ridge_harmonic_trend,7,0.09390727842151048,0.03518148904043692,0.1466467786258888,500,30
iho_yellow_sea,2023-2025,ridge_harmonic_trend,7,0.09390727842151048,0.039783380514355524,0.14530238543606594,500,60
iho_yellow_sea,2023-2025,trend_seasonal,7,-0.3606566165288403,-0.6029181694417247,-0.15476188346959519,500,30
iho_yellow_sea,2023-2025,ar_day,30,-0.09470511215085042,-0.2383645698104205,0.052937733489047734,500,30
iho_yellow_sea,2023-2025,ar_day,30,-0.09470511215085042,-0.24783044525047285,0.026894518550723126,500,60
iho_yellow_sea,2023-2025,ar_harmonic,30,-0.12462592002762185,-0.270063806852114,0.017958083803050175,500,30
iho_yellow_sea,2023-2025,ar_harmonic,30,-0.12462592002762185,-0.2923320457956508,0.007000682804246508,500,60
iho_yellow_sea,2023-2025,ar_harmonic_trend,30,0.14786633001172222,0.03498363989324715,0.24528235275719773,500,30
iho_yellow_sea,2023-2025,ar_harmonic_trend,30,0.14786633001172222,0.020998735005502627,0.2641433317417627,500,60
iho_yellow_sea,2023-2025,climatology,30,-0.5500426204288542,-0.8109828355852818,-0.3243092080722737,500,30
iho_yellow_sea,2023-2025,persistence,30,0.0,0.0,0.0,500,30
iho_yellow_sea,2023-2025,raw_persistence,30,-3.308930509819671,-4.164522240667609,-2.659934717589772,500,30
iho_yellow_sea,2023-2025,ridge_harmonic_trend,30,0.14440848849801546,0.016918452208624087,0.24674988125843048,500,30
iho_yellow_sea,2023-2025,ridge_harmonic_trend,30,0.14440848849801546,-0.00044213906049507057,0.2602608227873238,500,60
iho_yellow_sea,2023-2025,trend_seasonal,30,0.0985597392752493,-0.07914915056769012,0.2296258660224145,500,30
original_pilot_box,2017-2019,ar_day,1,0.08628143588128823,0.05367646500291108,0.11495722113225407,500,15
original_pilot_box,2017-2019,ar_day,1,0.08628143588128823,0.04725112010350366,0.1160944476682847,500,30
original_pilot_box,2017-2019,ar_day,1,0.08628143588128823,0.04142055470035036,0.11816800773469352,500,60
original_pilot_box,2017-2019,ar_harmonic,1,0.15019749208208855,0.11032585286350345,0.18879397951514346,500,15
original_pilot_box,2017-2019,ar_harmonic,1,0.15019749208208855,0.10492016159254373,0.18718650715919238,500,30
original_pilot_box,2017-2019,ar_harmonic,1,0.15019749208208855,0.10222281743281678,0.18979006115958652,500,60
original_pilot_box,2017-2019,ar_harmonic_trend,1,0.15448813476823187,0.11683758203391607,0.19314406945666796,500,15
original_pilot_box,2017-2019,ar_harmonic_trend,1,0.15448813476823187,0.11129680810201645,0.19068127595007867,500,30
original_pilot_box,2017-2019,ar_harmonic_trend,1,0.15448813476823187,0.10874724550620701,0.19074535256643455,500,60
original_pilot_box,2017-2019,climatology,1,-4.027267302852813,-4.838525258647896,-3.291647725693031,500,30
original_pilot_box,2017-2019,persistence,1,0.0,0.0,0.0,500,30
original_pilot_box,2017-2019,raw_persistence,1,-0.10361407546247792,-0.1581110428761476,-0.06302514423986809,500,30
original_pilot_box,2017-2019,ridge_harmonic_trend,1,0.1558037900730319,0.12101009014512568,0.19206050200903124,500,15
original_pilot_box,2017-2019,ridge_harmonic_trend,1,0.1558037900730319,0.11609244310124074,0.19039977805853653,500,30
original_pilot_box,2017-2019,ridge_harmonic_trend,1,0.1558037900730319,0.11393764725192491,0.1898658971733815,500,60
original_pilot_box,2017-2019,trend_seasonal,1,-3.295951277730661,-4.0679384615152046,-2.648533128304786,500,30
original_pilot_box,2017-2019,ar_day,7,0.03246747457435584,-0.022571229314214812,0.08307511025243282,500,15
original_pilot_box,2017-2019,ar_day,7,0.03246747457435584,-0.022321148165977123,0.07855914985149282,500,30
original_pilot_box,2017-2019,ar_day,7,0.03246747457435584,-0.016212335891402377,0.07371468347085687,500,60
original_pilot_box,2017-2019,ar_harmonic,7,0.05583166367788017,-0.02871697873786257,0.14138353251606356,500,15
original_pilot_box,2017-2019,ar_harmonic,7,0.05583166367788017,-0.037240406360528576,0.13839000923177575,500,30
original_pilot_box,2017-2019,ar_harmonic,7,0.05583166367788017,-0.016403040177986453,0.13969063402757945,500,60
original_pilot_box,2017-2019,ar_harmonic_trend,7,0.0897426022713097,0.020162088592772298,0.16051138314942853,500,15
original_pilot_box,2017-2019,ar_harmonic_trend,7,0.0897426022713097,0.00814522762555729,0.16132070578339597,500,30
original_pilot_box,2017-2019,ar_harmonic_trend,7,0.0897426022713097,0.0045858881616777,0.16299475492649543,500,60
original_pilot_box,2017-2019,climatology,7,-0.6666268816478946,-0.9383878120578943,-0.44894867873566957,500,30
original_pilot_box,2017-2019,persistence,7,0.0,0.0,0.0,500,30
original_pilot_box,2017-2019,raw_persistence,7,-0.6402732367622654,-0.8393050284021336,-0.4936263157222138,500,30
original_pilot_box,2017-2019,ridge_harmonic_trend,7,0.1094716261285561,0.04539856518654449,0.18007842904336258,500,15
original_pilot_box,2017-2019,ridge_harmonic_trend,7,0.1094716261285561,0.03568875709341452,0.17662214411454544,500,30
original_pilot_box,2017-2019,ridge_harmonic_trend,7,0.1094716261285561,0.03672168015909336,0.17415497270374017,500,60
original_pilot_box,2017-2019,trend_seasonal,7,-0.4241828513181727,-0.6947616497164893,-0.1947290388608224,500,30
original_pilot_box,2017-2019,ar_day,30,-0.056305778863544154,-0.22553445175288467,0.1070393716292661,500,30
original_pilot_box,2017-2019,ar_day,30,-0.056305778863544154,-0.2499847544195327,0.11008214175645925,500,60
original_pilot_box,2017-2019,ar_harmonic,30,-0.10759362903039693,-0.3028109317867929,0.07430004335027904,500,30
original_pilot_box,2017-2019,ar_harmonic,30,-0.10759362903039693,-0.30944087296547973,0.089301134426095,500,60
original_pilot_box,2017-2019,ar_harmonic_trend,30,0.0107829486785328,-0.13981682575205764,0.1385674857414769,500,30
original_pilot_box,2017-2019,ar_harmonic_trend,30,0.0107829486785328,-0.13518125602218015,0.13651413456568334,500,60
original_pilot_box,2017-2019,climatology,30,-0.24110407751582863,-0.46198229186408835,-0.0420011834006913,500,30
original_pilot_box,2017-2019,persistence,30,0.0,0.0,0.0,500,30
original_pilot_box,2017-2019,raw_persistence,30,-3.362607941296459,-4.003517857958574,-2.7660924785842,500,30
original_pilot_box,2017-2019,ridge_harmonic_trend,30,0.048956839264532204,-0.07304344214579382,0.15927984029167386,500,30
original_pilot_box,2017-2019,ridge_harmonic_trend,30,0.048956839264532204,-0.06555836026988324,0.1430850546876626,500,60
original_pilot_box,2017-2019,trend_seasonal,30,-0.06056080299833577,-0.24778006874774414,0.08578831782801459,500,30
original_pilot_box,2020-2022,ar_day,1,0.12118476212866802,0.0983033738803898,0.1418405884614536,500,15
original_pilot_box,2020-2022,ar_day,1,0.12118476212866802,0.09812163229039914,0.1428705960256352,500,30
original_pilot_box,2020-2022,ar_day,1,0.12118476212866802,0.09638250144365729,0.140665769261987,500,60
original_pilot_box,2020-2022,ar_harmonic,1,0.20147910567954497,0.16949551873833152,0.23111529448538137,500,15
original_pilot_box,2020-2022,ar_harmonic,1,0.20147910567954497,0.17350823806541546,0.22885119043593136,500,30
original_pilot_box,2020-2022,ar_harmonic,1,0.20147910567954497,0.17693319647285916,0.22555503532983892,500,60
original_pilot_box,2020-2022,ar_harmonic_trend,1,0.0947906850613629,0.06487700443272412,0.12647737395268205,500,15
original_pilot_box,2020-2022,ar_harmonic_trend,1,0.0947906850613629,0.06064796335320904,0.12913239093893408,500,30
original_pilot_box,2020-2022,ar_harmonic_trend,1,0.0947906850613629,0.06347510721737247,0.13063249965804072,500,60
original_pilot_box,2020-2022,climatology,1,-5.551597370126312,-6.445558018526024,-4.579014809269086,500,30
original_pilot_box,2020-2022,persistence,1,0.0,0.0,0.0,500,30
original_pilot_box,2020-2022,raw_persistence,1,-0.11212713806626384,-0.1927808393307405,-0.05482410086312581,500,30
original_pilot_box,2020-2022,ridge_harmonic_trend,1,0.19919440871448646,0.16645291268664994,0.23172502103089726,500,15
original_pilot_box,2020-2022,ridge_harmonic_trend,1,0.19919440871448646,0.1616473430961926,0.23828206086254033,500,30
original_pilot_box,2020-2022,ridge_harmonic_trend,1,0.19919440871448646,0.16144620915098395,0.2355318026160289,500,60
original_pilot_box,2020-2022,trend_seasonal,1,-4.2930104001467555,-5.371166809992197,-2.962380963910586,500,30
original_pilot_box,2020-2022,ar_day,7,0.04176821205159431,-0.018199954225020024,0.1035036299090072,500,15
original_pilot_box,2020-2022,ar_day,7,0.04176821205159431,-0.013788676442720091,0.09425222727098609,500,30
original_pilot_box,2020-2022,ar_day,7,0.04176821205159431,-0.010078285204808541,0.08633322771659399,500,60
original_pilot_box,2020-2022,ar_harmonic,7,0.07824491599088468,-0.006544022307594899,0.15105029472172643,500,15
original_pilot_box,2020-2022,ar_harmonic,7,0.07824491599088468,0.004280330183642581,0.1441942439510431,500,30
original_pilot_box,2020-2022,ar_harmonic,7,0.07824491599088468,0.019603244214271565,0.1328423163822129,500,60
original_pilot_box,2020-2022,ar_harmonic_trend,7,0.127076375126979,0.06104054248994333,0.18921845279998561,500,15
original_pilot_box,2020-2022,ar_harmonic_trend,7,0.127076375126979,0.052788120922118896,0.19965012955546457,500,30
original_pilot_box,2020-2022,ar_harmonic_trend,7,0.127076375126979,0.05147827697047675,0.1932959961755217,500,60
original_pilot_box,2020-2022,climatology,7,-0.8907560730264827,-1.1934055583250984,-0.6122377450073715,500,30
original_pilot_box,2020-2022,persistence,7,0.0,0.0,0.0,500,30
original_pilot_box,2020-2022,raw_persistence,7,-0.5982623880227429,-0.8181353807019914,-0.4272845681826795,500,30
original_pilot_box,2020-2022,ridge_harmonic_trend,7,0.1091636327243597,0.024775131439774452,0.19290906695833304,500,15
original_pilot_box,2020-2022,ridge_harmonic_trend,7,0.1091636327243597,0.005300398124402326,0.20758947760142776,500,30
original_pilot_box,2020-2022,ridge_harmonic_trend,7,0.1091636327243597,-0.0016010961230099763,0.20945790755808924,500,60
original_pilot_box,2020-2022,trend_seasonal,7,-0.527534583291535,-0.8340909513113131,-0.1409431017311566,500,30
original_pilot_box,2020-2022,ar_day,30,0.07470480158026716,-0.03852690962968037,0.18958398835566026,500,30
original_pilot_box,2020-2022,ar_day,30,0.07470480158026716,-0.042049023876668194,0.1808222105185918,500,60
original_pilot_box,2020-2022,ar_harmonic,30,0.007442502045363786,-0.13840216982782436,0.16095183822884643,500,30
original_pilot_box,2020-2022,ar_harmonic,30,0.007442502045363786,-0.17904698974259975,0.16010647837780578,500,60
original_pilot_box,2020-2022,ar_harmonic_trend,30,0.1684583113236594,-0.020768706264506047,0.364321971280028,500,30
original_pilot_box,2020-2022,ar_harmonic_trend,30,0.1684583113236594,-0.010834672604768216,0.3560573813346828,500,60
original_pilot_box,2020-2022,climatology,30,-0.1693073551970088,-0.3789220575065457,0.04154496835801716,500,30
original_pilot_box,2020-2022,persistence,30,0.0,0.0,0.0,500,30
original_pilot_box,2020-2022,raw_persistence,30,-2.5417788606142926,-3.312166316212058,-1.9275817929757932,500,30
original_pilot_box,2020-2022,ridge_harmonic_trend,30,0.14649979061364826,-0.059690604341423606,0.36318421602746553,500,30
original_pilot_box,2020-2022,ridge_harmonic_trend,30,0.14649979061364826,-0.0503331512192069,0.3518657652674258,500,60
original_pilot_box,2020-2022,trend_seasonal,30,0.055321070210005874,-0.1636493856593342,0.30090111411024967,500,30
original_pilot_box,2023-2025,ar_day,1,0.12001332148139765,0.0884958463388733,0.14918955927092795,500,15
original_pilot_box,2023-2025,ar_day,1,0.12001332148139765,0.08843901485047806,0.14631509397918516,500,30
original_pilot_box,2023-2025,ar_day,1,0.12001332148139765,0.09280565661113249,0.14781341861406067,500,60
original_pilot_box,2023-2025,ar_harmonic,1,0.05232306457946556,0.016086238132065774,0.08851594264241427,500,15
original_pilot_box,2023-2025,ar_harmonic,1,0.05232306457946556,0.018098144309214612,0.08519942012855422,500,30
original_pilot_box,2023-2025,ar_harmonic,1,0.05232306457946556,0.014003972749812627,0.08840468200194908,500,60
original_pilot_box,2023-2025,ar_harmonic_trend,1,0.22372519804223556,0.19375663250906025,0.2527969747093605,500,15
original_pilot_box,2023-2025,ar_harmonic_trend,1,0.22372519804223556,0.19506708172408155,0.2525359392683575,500,30
original_pilot_box,2023-2025,ar_harmonic_trend,1,0.22372519804223556,0.198723903052447,0.2477241505589746,500,60
original_pilot_box,2023-2025,climatology,1,-8.920243368006423,-10.655554212540785,-7.270072417525736,500,30
original_pilot_box,2023-2025,persistence,1,0.0,0.0,0.0,500,30
original_pilot_box,2023-2025,raw_persistence,1,-0.21977723903354307,-0.28521453604646396,-0.14734981069631756,500,30
original_pilot_box,2023-2025,ridge_harmonic_trend,1,0.21624303964024894,0.1872405925181588,0.24485603998892577,500,15
original_pilot_box,2023-2025,ridge_harmonic_trend,1,0.21624303964024894,0.18797849405910658,0.24421974785870332,500,30
original_pilot_box,2023-2025,ridge_harmonic_trend,1,0.21624303964024894,0.19166141957364874,0.23949037822264005,500,60
original_pilot_box,2023-2025,trend_seasonal,1,-4.640897253659063,-5.549812681068764,-3.6794521014556754,500,30
original_pilot_box,2023-2025,ar_day,7,-0.04803108037878312,-0.13878522494526768,0.03860334045093163,500,15
original_pilot_box,2023-2025,ar_day,7,-0.04803108037878312,-0.14628923317209114,0.03732534615269192,500,30
original_pilot_box,2023-2025,ar_day,7,-0.04803108037878312,-0.14053404260966024,0.032559043618697804,500,60
original_pilot_box,2023-2025,ar_harmonic,7,0.0014964520911842083,-0.06803121810079876,0.07802589534067036,500,15
original_pilot_box,2023-2025,ar_harmonic,7,0.0014964520911842083,-0.07310018244382521,0.07560010492999523,500,30
original_pilot_box,2023-2025,ar_harmonic,7,0.0014964520911842083,-0.07339009115648873,0.07891112708327312,500,60
original_pilot_box,2023-2025,ar_harmonic_trend,7,0.072801374801022,0.0017644404231410874,0.13754189751367374,500,15
original_pilot_box,2023-2025,ar_harmonic_trend,7,0.072801374801022,0.006665601106413804,0.13747090160015193,500,30
original_pilot_box,2023-2025,ar_harmonic_trend,7,0.072801374801022,0.0008458504033717076,0.13957730560830148,500,60
original_pilot_box,2023-2025,climatology,7,-1.6326662784957677,-2.1905235798729015,-1.1922817661180227,500,30
original_pilot_box,2023-2025,persistence,7,0.0,0.0,0.0,500,30
original_pilot_box,2023-2025,raw_persistence,7,-0.7804572004577459,-0.9853186073174787,-0.6115741127990606,500,30
original_pilot_box,2023-2025,ridge_harmonic_trend,7,0.07172704547498443,0.00043803311665682244,0.13646640927382328,500,15
original_pilot_box,2023-2025,ridge_harmonic_trend,7,0.07172704547498443,0.00583503058343561,0.13637940300899454,500,30
original_pilot_box,2023-2025,ridge_harmonic_trend,7,0.07172704547498443,-0.0004538384325167219,0.13883916858134687,500,60
original_pilot_box,2023-2025,trend_seasonal,7,-0.49699956233553433,-0.7815833503879336,-0.24132147932538203,500,30
original_pilot_box,2023-2025,ar_day,30,-0.12722618881441905,-0.2978950466528309,0.05061902438419467,500,30
original_pilot_box,2023-2025,ar_day,30,-0.12722618881441905,-0.29056641192954663,0.008969224530632347,500,60
original_pilot_box,2023-2025,ar_harmonic,30,-0.141709386744707,-0.2932519978818418,0.014299608786809175,500,30
original_pilot_box,2023-2025,ar_harmonic,30,-0.141709386744707,-0.3069164469496361,-0.0036855861671318256,500,60
original_pilot_box,2023-2025,ar_harmonic_trend,30,0.1357812973718041,0.01246360460203094,0.2521044605226224,500,30
original_pilot_box,2023-2025,ar_harmonic_trend,30,0.1357812973718041,-0.014005018954105533,0.2640780941805738,500,60
original_pilot_box,2023-2025,climatology,30,-0.6414185304091646,-0.9282808209076933,-0.4002614292523072,500,30
original_pilot_box,2023-2025,persistence,30,0.0,0.0,0.0,500,30
original_pilot_box,2023-2025,raw_persistence,30,-3.090303085221647,-3.9626305189195916,-2.475069401802991,500,30
original_pilot_box,2023-2025,ridge_harmonic_trend,30,0.13514131234982796,0.011799596663703806,0.2516155303218337,500,30
original_pilot_box,2023-2025,ridge_harmonic_trend,30,0.13514131234982796,-0.014869017989021537,0.2631200569851553,500,60
original_pilot_box,2023-2025,trend_seasonal,30,0.06664857536142688,-0.12035683884479349,0.2124212646422024,500,30
iho_interior,2017-2019,ar_day,1,0.0704435796158428,0.047216380910547286,0.09048157796326381,500,15
iho_interior,2017-2019,ar_day,1,0.0704435796158428,0.04565565118825375,0.09187320496851745,500,30
iho_interior,2017-2019,ar_day,1,0.0704435796158428,0.043894077151611345,0.0917153061659253,500,60
iho_interior,2017-2019,ar_harmonic,1,0.14901018340772054,0.11615870659670986,0.18076827661537395,500,15
iho_interior,2017-2019,ar_harmonic,1,0.14901018340772054,0.10787767170142647,0.1829702811473018,500,30
iho_interior,2017-2019,ar_harmonic,1,0.14901018340772054,0.11030187448052484,0.18460186522757496,500,60
iho_interior,2017-2019,ar_harmonic_trend,1,0.13678422175966987,0.10186705414616128,0.1708602954582145,500,15
iho_interior,2017-2019,ar_harmonic_trend,1,0.13678422175966987,0.10093090233623399,0.17090645962030723,500,30
iho_interior,2017-2019,ar_harmonic_trend,1,0.13678422175966987,0.1001175844045656,0.16944757287100973,500,60
iho_interior,2017-2019,climatology,1,-3.9492151330349943,-4.80768458752683,-3.1914606198712083,500,30
iho_interior,2017-2019,persistence,1,0.0,0.0,0.0,500,30
iho_interior,2017-2019,raw_persistence,1,-0.10029910636975559,-0.1502609738555156,-0.0580492670048091,500,30
iho_interior,2017-2019,ridge_harmonic_trend,1,0.1421075028162162,0.11082606571904494,0.17636555735317905,500,15
iho_interior,2017-2019,ridge_harmonic_trend,1,0.1421075028162162,0.10787020292082143,0.17545206629420532,500,30
iho_interior,2017-2019,ridge_harmonic_trend,1,0.1421075028162162,0.10586876724977791,0.17272560025368727,500,60
iho_interior,2017-2019,trend_seasonal,1,-4.155512020134073,-5.118928983129484,-3.311964814664934,500,30
iho_interior,2017-2019,ar_day,7,0.03346287907816681,-0.03388795748091145,0.09091700799736603,500,15
iho_interior,2017-2019,ar_day,7,0.03346287907816681,-0.027496500357415958,0.08439037009221748,500,30
iho_interior,2017-2019,ar_day,7,0.03346287907816681,-0.01179212506734048,0.07968589478971985,500,60
iho_interior,2017-2019,ar_harmonic,7,0.08988960103810073,-0.020827600023722616,0.18250168678603834,500,15
iho_interior,2017-2019,ar_harmonic,7,0.08988960103810073,-0.026687443687327044,0.18415229867537167,500,30
iho_interior,2017-2019,ar_harmonic,7,0.08988960103810073,-0.008014640521972082,0.18238178610760492,500,60
iho_interior,2017-2019,ar_harmonic_trend,7,0.019587009534074995,-0.07356776831878481,0.10209468664010443,500,15
iho_interior,2017-2019,ar_harmonic_trend,7,0.019587009534074995,-0.08925608640815261,0.10196070486527745,500,30
iho_interior,2017-2019,ar_harmonic_trend,7,0.019587009534074995,-0.09821454111901201,0.11684743600394573,500,60
iho_interior,2017-2019,climatology,7,-0.6407581148249271,-0.8894378585141609,-0.4126678238537268,500,30
iho_interior,2017-2019,persistence,7,0.0,0.0,0.0,500,30
iho_interior,2017-2019,raw_persistence,7,-0.6293052766355012,-0.8013447825888542,-0.4936130844737083,500,30
iho_interior,2017-2019,ridge_harmonic_trend,7,0.05702072264791325,-0.034882435173992164,0.13980755164211794,500,15
iho_interior,2017-2019,ridge_harmonic_trend,7,0.05702072264791325,-0.03661466675623208,0.14054269365736155,500,30
iho_interior,2017-2019,ridge_harmonic_trend,7,0.05702072264791325,-0.04169593662977132,0.14948897930060714,500,60
iho_interior,2017-2019,trend_seasonal,7,-0.7091494218246224,-1.0750199434629002,-0.4206485571134557,500,30
iho_interior,2017-2019,ar_day,30,-0.006595995557456602,-0.14698418660622822,0.11835650011097856,500,30
iho_interior,2017-2019,ar_day,30,-0.006595995557456602,-0.1744213171931674,0.12838205489081728,500,60
iho_interior,2017-2019,ar_harmonic,30,0.052329211093148476,-0.0841341917431843,0.21409088329134626,500,30
iho_interior,2017-2019,ar_harmonic,30,0.052329211093148476,-0.07581889140105502,0.2159487503714577,500,60
iho_interior,2017-2019,ar_harmonic_trend,30,-0.10201799203000239,-0.3057393362376551,0.06871393297408479,500,30
iho_interior,2017-2019,ar_harmonic_trend,30,-0.10201799203000239,-0.35448710714244863,0.10598787841070217,500,60
iho_interior,2017-2019,climatology,30,-0.15153561027612583,-0.3423648491419339,-0.0010345153099643545,500,30
iho_interior,2017-2019,persistence,30,0.0,0.0,0.0,500,30
iho_interior,2017-2019,raw_persistence,30,-3.0681504807884226,-3.788243922804967,-2.4989311443736684,500,30
iho_interior,2017-2019,ridge_harmonic_trend,30,-0.02954339362264302,-0.20179370430166604,0.10882278306488025,500,30
iho_interior,2017-2019,ridge_harmonic_trend,30,-0.02954339362264302,-0.23563695842758237,0.13512161323466162,500,60
iho_interior,2017-2019,trend_seasonal,30,-0.19953477891158267,-0.4405539246513813,0.004912133798151606,500,30
iho_interior,2020-2022,ar_day,1,0.10221423643338023,0.07917866704609142,0.1233878571524386,500,15
iho_interior,2020-2022,ar_day,1,0.10221423643338023,0.07910642309357117,0.12377198099899792,500,30
iho_interior,2020-2022,ar_day,1,0.10221423643338023,0.07922444430804451,0.12294554560948251,500,60
iho_interior,2020-2022,ar_harmonic,1,0.19502067519639632,0.16563969611364604,0.22410605921892562,500,15
iho_interior,2020-2022,ar_harmonic,1,0.19502067519639632,0.16712426594937857,0.22327789915850033,500,30
iho_interior,2020-2022,ar_harmonic,1,0.19502067519639632,0.17039117591658418,0.22128077008492086,500,60
iho_interior,2020-2022,ar_harmonic_trend,1,0.09229750976879647,0.06282016224522854,0.12290253965335882,500,15
iho_interior,2020-2022,ar_harmonic_trend,1,0.09229750976879647,0.061772357972156966,0.12659260642810255,500,30
iho_interior,2020-2022,ar_harmonic_trend,1,0.09229750976879647,0.062407059734519,0.1246170367272407,500,60
iho_interior,2020-2022,climatology,1,-4.655122693361681,-5.601475324589169,-3.7014261714385297,500,30
iho_interior,2020-2022,persistence,1,0.0,0.0,0.0,500,30
iho_interior,2020-2022,raw_persistence,1,-0.09026278947059341,-0.1671996988007834,-0.03229172016633889,500,30
iho_interior,2020-2022,ridge_harmonic_trend,1,0.183124381384834,0.1504252316820453,0.21616323717562522,500,15
iho_interior,2020-2022,ridge_harmonic_trend,1,0.183124381384834,0.14828071886880592,0.21948982767711112,500,30
iho_interior,2020-2022,ridge_harmonic_trend,1,0.183124381384834,0.1514535500455636,0.21649142444416014,500,60
iho_interior,2020-2022,trend_seasonal,1,-4.7399242736114156,-5.7518931894635426,-3.53644383192209,500,30
iho_interior,2020-2022,ar_day,7,0.03588862663079884,-0.02536641685737307,0.08986169109465954,500,15
iho_interior,2020-2022,ar_day,7,0.03588862663079884,-0.01618967239690079,0.08752475438254802,500,30
iho_interior,2020-2022,ar_day,7,0.03588862663079884,-0.010767214512486054,0.08102495394172483,500,60
iho_interior,2020-2022,ar_harmonic,7,0.06807208457292147,-0.001499823762801793,0.13719120636644744,500,15
iho_interior,2020-2022,ar_harmonic,7,0.06807208457292147,0.002009186126359078,0.13371730346350827,500,30
iho_interior,2020-2022,ar_harmonic,7,0.06807208457292147,0.014067393956492277,0.12370513392033446,500,60
iho_interior,2020-2022,ar_harmonic_trend,7,0.07695447964240432,0.011663998480747754,0.14692137558556267,500,15
iho_interior,2020-2022,ar_harmonic_trend,7,0.07695447964240432,0.002229809279869603,0.1539235785005861,500,30
iho_interior,2020-2022,ar_harmonic_trend,7,0.07695447964240432,-0.007437221001504257,0.15636329975649643,500,60
iho_interior,2020-2022,climatology,7,-0.7495475805510983,-1.0131641541458274,-0.4908585334420479,500,30
iho_interior,2020-2022,persistence,7,0.0,0.0,0.0,500,30
iho_interior,2020-2022,raw_persistence,7,-0.636681753238673,-0.8652176196496554,-0.47727210260802144,500,30
iho_interior,2020-2022,ridge_harmonic_trend,7,0.032204993641867796,-0.05704746991442762,0.1273218339448693,500,15
iho_interior,2020-2022,ridge_harmonic_trend,7,0.032204993641867796,-0.0811802588540957,0.13868061267452153,500,30
iho_interior,2020-2022,ridge_harmonic_trend,7,0.032204993641867796,-0.07998241954910267,0.13992106402321017,500,60
iho_interior,2020-2022,trend_seasonal,7,-0.7757829794270574,-1.0924075971904086,-0.41538211305340206,500,30
iho_interior,2020-2022,ar_day,30,0.054635505471020585,-0.062763182681311,0.1931250813781353,500,30
iho_interior,2020-2022,ar_day,30,0.054635505471020585,-0.08579658130933986,0.1788925405998092,500,60
iho_interior,2020-2022,ar_harmonic,30,0.030067345014779034,-0.11577773801743825,0.1843909516663655,500,30
iho_interior,2020-2022,ar_harmonic,30,0.030067345014779034,-0.12926852653158932,0.17655548055168915,500,60
iho_interior,2020-2022,ar_harmonic_trend,30,0.05330312633812018,-0.16109615715291553,0.26031449392305955,500,30
iho_interior,2020-2022,ar_harmonic_trend,30,0.05330312633812018,-0.14740213128777338,0.25661590522455135,500,60
iho_interior,2020-2022,climatology,30,-0.09821036957443008,-0.2823790881843099,0.08635465658967603,500,30
iho_interior,2020-2022,persistence,30,0.0,0.0,0.0,500,30
iho_interior,2020-2022,raw_persistence,30,-2.6819697140085608,-3.449865773123947,-2.086773023119149,500,30
iho_interior,2020-2022,ridge_harmonic_trend,30,0.016666006724541105,-0.20947308268137244,0.23999964987928865,500,30
iho_interior,2020-2022,ridge_harmonic_trend,30,0.016666006724541105,-0.19722443716545027,0.23127835660925872,500,60
iho_interior,2020-2022,trend_seasonal,30,-0.1146786196613605,-0.36525688218875646,0.13597625918590908,500,30
iho_interior,2023-2025,ar_day,1,-0.015830951574584695,-0.03661865581989327,0.0025995651665200264,500,15
iho_interior,2023-2025,ar_day,1,-0.015830951574584695,-0.036050901901959004,-0.0007768101351939714,500,30
iho_interior,2023-2025,ar_day,1,-0.015830951574584695,-0.031158943071982935,-0.002526821481057178,500,60
iho_interior,2023-2025,ar_harmonic,1,0.06560137145814682,0.026381911722724277,0.09969815010865367,500,15
iho_interior,2023-2025,ar_harmonic,1,0.06560137145814682,0.03035170874717302,0.10442329736002354,500,30
iho_interior,2023-2025,ar_harmonic,1,0.06560137145814682,0.025924075590598724,0.10621854912974919,500,60
iho_interior,2023-2025,ar_harmonic_trend,1,0.08544272852478318,0.05484243128769077,0.11784600964153358,500,15
iho_interior,2023-2025,ar_harmonic_trend,1,0.08544272852478318,0.05572762037913238,0.1167840258976759,500,30
iho_interior,2023-2025,ar_harmonic_trend,1,0.08544272852478318,0.05135441076498073,0.11911524914315218,500,60
iho_interior,2023-2025,climatology,1,-7.402174919042675,-8.961225415528082,-6.015441939428186,500,30
iho_interior,2023-2025,persistence,1,0.0,0.0,0.0,500,30
iho_interior,2023-2025,raw_persistence,1,-0.1770566270668632,-0.24412375804845052,-0.1113643250298582,500,30
iho_interior,2023-2025,ridge_harmonic_trend,1,0.21620021422629543,0.1878693461435521,0.24405399815668713,500,15
iho_interior,2023-2025,ridge_harmonic_trend,1,0.21620021422629543,0.1918797662088705,0.2422045271845481,500,30
iho_interior,2023-2025,ridge_harmonic_trend,1,0.21620021422629543,0.18817946387588597,0.242638417435201,500,60
iho_interior,2023-2025,trend_seasonal,1,-4.091281530118155,-4.987465690841753,-3.2787871570436615,500,30
iho_interior,2023-2025,ar_day,7,0.0018978904533027974,-0.05360421746279347,0.0521301267035595,500,15
iho_interior,2023-2025,ar_day,7,0.0018978904533027974,-0.057215731133255336,0.045013200295987335,500,30
iho_interior,2023-2025,ar_day,7,0.0018978904533027974,-0.043727395300777426,0.0395312843396359,500,60
iho_interior,2023-2025,ar_harmonic,7,0.024325393819162877,-0.0459396675125335,0.0915434621287676,500,15
iho_interior,2023-2025,ar_harmonic,7,0.024325393819162877,-0.04208602564053379,0.08779534452176986,500,30
iho_interior,2023-2025,ar_harmonic,7,0.024325393819162877,-0.04013342615994938,0.08989089206299807,500,60
iho_interior,2023-2025,ar_harmonic_trend,7,0.09402512653301609,0.04461646173006619,0.14246374819720986,500,15
iho_interior,2023-2025,ar_harmonic_trend,7,0.09402512653301609,0.049854743357846225,0.13969491579254026,500,30
iho_interior,2023-2025,ar_harmonic_trend,7,0.09402512653301609,0.04795527406227337,0.14137364711015177,500,60
iho_interior,2023-2025,climatology,7,-1.2837433209261517,-1.7750591504070512,-0.9083277592461787,500,30
iho_interior,2023-2025,persistence,7,0.0,0.0,0.0,500,30
iho_interior,2023-2025,raw_persistence,7,-0.71616859826022,-0.923740480133728,-0.5536316870216728,500,30
iho_interior,2023-2025,ridge_harmonic_trend,7,0.08800444635221838,0.021977954014617232,0.14901612607782203,500,15
iho_interior,2023-2025,ridge_harmonic_trend,7,0.08800444635221838,0.02571791701532467,0.14288917425303266,500,30
iho_interior,2023-2025,ridge_harmonic_trend,7,0.08800444635221838,0.02712814775562142,0.14421255044318743,500,60
iho_interior,2023-2025,trend_seasonal,7,-0.38382981804034966,-0.6374184716370505,-0.16522167820033767,500,30
iho_interior,2023-2025,ar_day,30,-0.08637820311422373,-0.23929866951044693,0.04903655348362979,500,30
iho_interior,2023-2025,ar_day,30,-0.08637820311422373,-0.23609999822396294,0.03302585026527632,500,60
iho_interior,2023-2025,ar_harmonic,30,-0.11718029425693133,-0.2609075847321679,0.016188886369628383,500,30
iho_interior,2023-2025,ar_harmonic,30,-0.11718029425693133,-0.27232645253085275,0.01820385375709499,500,60
iho_interior,2023-2025,ar_harmonic_trend,30,0.14334630167739015,0.021077100157581685,0.24920993729664437,500,30
iho_interior,2023-2025,ar_harmonic_trend,30,0.14334630167739015,-0.002753885488565388,0.2587417009910148,500,60
iho_interior,2023-2025,climatology,30,-0.49822826639073026,-0.7759598945055455,-0.27031398389258904,500,30
iho_interior,2023-2025,persistence,30,0.0,0.0,0.0,500,30
iho_interior,2023-2025,raw_persistence,30,-3.092384714021561,-3.913450576093488,-2.427064018070519,500,30
iho_interior,2023-2025,ridge_harmonic_trend,30,0.1381877219340346,4.470167504569194e-05,0.25118743377878255,500,30
iho_interior,2023-2025,ridge_harmonic_trend,30,0.1381877219340346,-0.03383477592056889,0.2550156130095323,500,60
iho_interior,2023-2025,trend_seasonal,30,0.09215149957325897,-0.09544900845000132,0.23853900676922013,500,30
