model,horizon_days,n,mae,rmse,bias_celsius,coverage_calibrated,width_calibrated_celsius,n_calibration,coverage_gaussian,width_gaussian_celsius,domain,fold,rmse_skill_vs_persistence,skill_ci_lower,skill_ci_upper,bootstrap_replicates_valid
climatology,1,1095,0.8467547116214282,1.0378497165237037,-0.6815963762535896,0.891324200913242,3.085592269897461,366,,,iho_yellow_sea,2017-2019,-4.068539810004807,-4.9324934221483945,-3.3056442750506654,500
persistence,1,1095,0.15402643691459203,0.20476305907178413,-0.00028419233348271617,0.9680365296803652,0.9787235260009766,366,,,iho_yellow_sea,2017-2019,0.0,0.0,0.0,500
raw_persistence,1,1095,0.17749784243161276,0.23017121208303537,-0.0002841923269443214,0.9671232876712329,1.0194854736328125,366,,,iho_yellow_sea,2017-2019,-0.12408562914829213,-0.17598114368628262,-0.08022060773994796,500
trend_seasonal,1,1095,0.939314744482971,1.111527404486547,0.7439640464375374,0.8858447488584474,3.3604082463774034,366,,,iho_yellow_sea,2017-2019,-4.428359048381266,-5.5002869767966445,-3.5313196686382917,500
ar_day,1,1095,0.14169588195118024,0.1885197377039774,-0.02123526692134365,0.9726027397260274,0.9098012847350319,366,0.9242009132420091,0.641499412296468,iho_yellow_sea,2017-2019,0.07932740134592475,0.05151284421539204,0.10265920716384389,500
ar_harmonic,1,1095,0.12821572183293292,0.17309074674292713,-0.019425553078404496,0.9762557077625571,0.8809956799186693,366,0.9561643835616438,0.7097959393709551,iho_yellow_sea,2017-2019,0.15467786265956107,0.11321550389740599,0.18915221245890596,500
ar_harmonic_trend,1,1095,0.12910548550021175,0.17590731747143903,0.03143933460915214,0.9789954337899544,0.9431252386989186,366,0.9552511415525115,0.7070673595307201,iho_yellow_sea,2017-2019,0.14092259478419444,0.10280968800112836,0.1744260643678449,500
ridge_harmonic_trend,1,1095,0.12836430283095,0.17483875755313633,0.0279673522413988,0.9780821917808219,0.9186199143643847,366,,,iho_yellow_sea,2017-2019,0.14614111380391714,0.11055094753095429,0.17984163216523705,500
climatology,7,1095,0.8467547116214282,1.0378497165237037,-0.6815963762535896,0.891324200913242,3.085592269897461,366,,,iho_yellow_sea,2017-2019,-0.6483072290244987,-0.9029829941833786,-0.42013127638900194,500
persistence,7,1095,0.4815983036337378,0.6296457955462126,-0.004736655596728739,0.9662100456621004,2.862621307373047,366,,,iho_yellow_sea,2017-2019,0.0,0.0,0.0,500
raw_persistence,7,1095,0.9010297322382121,1.0607574422619663,-0.004736634902656078,0.9662100456621004,4.063053131103516,366,,,iho_yellow_sea,2017-2019,-0.6846891534339048,-0.8722511333538052,-0.5333149731962659,500
trend_seasonal,7,1095,0.939314744482971,1.111527404486547,0.7439640464375374,0.8858447488584474,3.3604082463774034,366,,,iho_yellow_sea,2017-2019,-0.7653217290561054,-1.16254599948727,-0.45764070091066666,500
ar_day,7,1095,0.47871465079927966,0.6075090301850057,-0.1903397752157324,0.9808219178082191,2.891561371046528,366,0.919634703196347,2.1683844377185117,iho_yellow_sea,2017-2019,0.035157489365911676,-0.026035384885306132,0.08418517044445754,500
ar_harmonic,7,1095,0.43677924231152354,0.5714832710390902,-0.16622915326904453,0.9726027397260274,2.6561441096531233,366,0.9561643835616438,2.2956498314165033,iho_yellow_sea,2017-2019,0.09237340250428727,-0.027053073843923445,0.18693621505884345,500
ar_harmonic_trend,7,1095,0.4880647337389198,0.6212019069729646,0.26580689261930984,0.9561643835616438,2.5601351344845042,366,0.9315068493150684,2.2997998337422643,iho_yellow_sea,2017-2019,0.013410537532332789,-0.09760183706476325,0.0968768453062839,500
ridge_harmonic_trend,7,1095,0.46434595990953453,0.5980279538255572,0.22566909298940033,0.9643835616438357,2.5897659715654555,366,,,iho_yellow_sea,2017-2019,0.050215282853159016,-0.04839104725991841,0.1333264431096325,500
climatology,30,1095,0.8467547116214282,1.0378497165237037,-0.6815963762535896,0.891324200913242,3.085592269897461,366,,,iho_yellow_sea,2017-2019,-0.15612695716459157,-0.34615411123526635,-0.0051091609270586934,500
persistence,30,1095,0.6865452674970235,0.8976952834566168,-0.010977275621945455,0.9735159817351599,4.314557075500488,366,,,iho_yellow_sea,2017-2019,0.0,0.0,0.0,500
raw_persistence,30,1095,3.5183265755709994,3.8353953368961555,-0.010977298021316528,0.9671232876712329,11.606616973876953,366,,,iho_yellow_sea,2017-2019,-3.2724913537785234,-4.0428481188507766,-2.6603388920640385,500
trend_seasonal,30,1095,0.939314744482971,1.111527404486547,0.7439640464375374,0.8858447488584474,3.3604082463774034,366,,,iho_yellow_sea,2017-2019,-0.23820123038472474,-0.49323561236886504,-0.023014545617761645,500
ar_day,30,1095,0.7080443068691736,0.9016392814843954,-0.515212709832991,0.9351598173515981,3.2971479460745723,366,0.9242009132420091,3.0665085567164025,iho_yellow_sea,2017-2019,-0.004393470814051836,-0.1461682968925597,0.12157224914735457,500
ar_harmonic,30,1095,0.6462608303331574,0.855214471497292,-0.43104616244429467,0.9598173515981735,3.4631270894003876,366,0.9515981735159817,3.1084854560644075,iho_yellow_sea,2017-2019,0.047322084388981445,-0.08875728239496403,0.21289459324332954,500
ar_harmonic_trend,30,1095,0.8498774310563502,1.0151671395412005,0.6395244186895338,0.9178082191780822,3.380302765380762,366,0.8684931506849315,2.9935151377844322,iho_yellow_sea,2017-2019,-0.13085938875856962,-0.3328772274555722,0.0465860722101624,500
ridge_harmonic_trend,30,1095,0.7847491715049024,0.9492856892945575,0.5560931837649445,0.9415525114155251,3.4102112520700913,366,,,iho_yellow_sea,2017-2019,-0.05746984170317737,-0.23070906451538623,0.0938549538194362,500
climatology,1,1096,0.8803101912902219,1.027698643655291,-0.6631104663340714,0.7417883211678832,2.3695945739746094,365,,,iho_yellow_sea,2020-2022,-4.778719364286366,-5.700630067517716,-3.873802893524322,500
persistence,1,1096,0.13275491495202058,0.17784193674582519,0.0006282259948062201,0.9562043795620438,0.7605094909667969,365,,,iho_yellow_sea,2020-2022,0.0,0.0,0.0,500
raw_persistence,1,1096,0.15388757469010178,0.199745934352115,0.0006282259710133076,0.9662408759124088,0.8787765502929688,365,,,iho_yellow_sea,2020-2022,-0.12316553680808906,-0.20337040812419785,-0.06170423370075489,500
trend_seasonal,1,1096,0.7843916492663239,1.0235440571038332,0.6768116984485547,0.8822992700729927,3.1753946587829915,365,,,iho_yellow_sea,2020-2022,-4.755358245826463,-5.769107612565881,-3.541362942652393,500
ar_day,1,1096,0.1189417664615157,0.1575191694979077,-0.019321837376179395,0.9698905109489051,0.727979069243224,365,0.958941605839416,0.6709049007058345,iho_yellow_sea,2020-2022,0.11427432482903699,0.09052786818832556,0.13639391052048133,500
ar_harmonic,1,1096,0.10658516751255355,0.14229465388520676,-0.022235324740345647,0.9653284671532847,0.6415818139063632,365,0.9762773722627737,0.7128847081657046,iho_yellow_sea,2020-2022,0.19988133007921094,0.172145738529836,0.2290473309599411,500
ar_harmonic_trend,1,1096,0.11847664076167183,0.16201569433427504,0.02609982248709749,0.9644160583941606,0.7510264823273722,365,0.968978102189781,0.781597616786675,iho_yellow_sea,2020-2022,0.08899049741102016,0.05917217289240869,0.12073433514942669,500
ridge_harmonic_trend,1,1096,0.1041778732819284,0.14429235232180102,0.028418136199713936,0.9662408759124088,0.6538056712515932,365,,,iho_yellow_sea,2020-2022,0.18864833029778472,0.15558663677629367,0.22508781388451043,500
climatology,7,1096,0.8803101912902219,1.027698643655291,-0.6631104663340714,0.7417883211678832,2.3695945739746094,365,,,iho_yellow_sea,2020-2022,-0.748295092429768,-1.0013700528716354,-0.49748654738502784,500
persistence,7,1096,0.4620787253345016,0.5878290502017042,0.004436341515422737,0.9507299270072993,2.4200096130371094,365,,,iho_yellow_sea,2020-2022,0.0,0.0,0.0,500
raw_persistence,7,1096,0.8401860651308602,0.9979934838404948,0.00443635368719697,0.9406934306569343,3.5300865173339844,365,,,iho_yellow_sea,2020-2022,-0.697761421450759,-0.924232988273813,-0.5381509103207006,500
trend_seasonal,7,1096,0.7843916492663239,1.0235440571038332,0.6768116984485547,0.8822992700729927,3.1753946587829915,365,,,iho_yellow_sea,2020-2022,-0.7412274142501472,-1.0542031950268098,-0.37795399746695874,500
ar_day,7,1096,0.4459371045949145,0.5654412458112962,-0.1632488696889066,0.9133211678832117,2.0462119723885692,365,0.9306569343065694,2.1550754237922103,iho_yellow_sea,2020-2022,0.038085569916501916,-0.013759651373308656,0.08860169049472448,500
ar_harmonic,7,1096,0.42587308920899264,0.5437724706357699,-0.19085839517374756,0.9288321167883211,2.0525580755040806,365,0.9552919708029197,2.323620471962351,iho_yellow_sea,2020-2022,0.07494794541170924,0.009196484043342423,0.14060587597957078,500
ar_harmonic_trend,7,1096,0.41096973064765074,0.5377852962933967,0.16282566895600248,0.9562043795620438,2.2528684642545684,365,0.9206204379562044,1.8563321471953709,iho_yellow_sea,2020-2022,0.08513317586317959,0.014407108331933574,0.15705991615018078,500
ridge_harmonic_trend,7,1096,0.4299769563862053,0.5628165836692295,0.2271725234834864,0.9470802919708029,2.212463255682856,365,,,iho_yellow_sea,2020-2022,0.042550579158842305,-0.06423696210481607,0.1417700218422707,500
climatology,30,1096,0.8803101912902219,1.027698643655291,-0.6631104663340714,0.7417883211678832,2.3695945739746094,365,,,iho_yellow_sea,2020-2022,-0.09088720117370674,-0.27520423965114504,0.08656419595317649,500
persistence,30,1096,0.7398162070852127,0.9420759933287053,-0.006485519618013479,0.8704379562043796,2.919696807861328,365,,,iho_yellow_sea,2020-2022,0.0,0.0,0.0,500
raw_persistence,30,1096,3.2763081397453364,3.625819085860085,-0.006485486403107643,0.927007299270073,10.744100570678711,365,,,iho_yellow_sea,2020-2022,-2.848754359028634,-3.6189588657090606,-2.2516142076764236,500
trend_seasonal,30,1096,0.7843916492663239,1.0235440571038332,0.6768116984485547,0.8822992700729927,3.1753946587829915,365,,,iho_yellow_sea,2020-2022,-0.08647716782090042,-0.3294345847626253,0.15811386337166183,500
ar_day,30,1096,0.7326909448359837,0.8837764737254307,-0.4611419047752999,0.833941605839416,2.357139506562227,365,0.9215328467153284,3.037393711433571,iho_yellow_sea,2020-2022,0.06188409429400776,-0.05911038108609332,0.1870469211678914,500
ar_harmonic,30,1096,0.7651491591725436,0.9011615042156681,-0.5170710328417476,0.833029197080292,2.3969487566438517,365,0.9361313868613139,3.222081796181678,iho_yellow_sea,2020-2022,0.04343013663735462,-0.09833624605751741,0.18920991809857396,500
ar_harmonic_trend,30,1096,0.6604083228940262,0.8677866407324852,0.4597048432348318,0.8905109489051095,2.8357552820213243,365,0.8795620437956204,2.7402670066233945,iho_yellow_sea,2020-2022,0.07885707004774445,-0.12234328358328592,0.27715223159641,500
ridge_harmonic_trend,30,1096,0.6860226863738665,0.9050537000918424,0.5237582466283092,0.8932481751824818,2.901790423643426,365,,,iho_yellow_sea,2020-2022,0.03929862717979837,-0.17621688914684966,0.25907161868138734,500
climatology,1,1096,1.2110843005841665,1.4321845886247948,-1.1746866937971463,0.7627737226277372,3.3100051879882812,365,,,iho_yellow_sea,2023-2025,-7.714577418048524,-9.157011648138187,-6.322854466093864,500
persistence,1,1096,0.12442776321494667,0.16434354988443112,-0.0012331191640700737,0.9516423357664233,0.6514968872070312,365,,,iho_yellow_sea,2023-2025,0.0,0.0,0.0,500
raw_persistence,1,1096,0.15445444618698453,0.19851304323280325,-0.0012331174220889807,0.9379562043795621,0.74822998046875,365,,,iho_yellow_sea,2023-2025,-0.20791502539893192,-0.2818645338993474,-0.1406145379294967,500
trend_seasonal,1,1096,0.6511114818264168,0.8328989357845609,0.013707934854324321,0.9863138686131386,4.0028126715140715,365,,,iho_yellow_sea,2023-2025,-4.068035443862981,-4.913441248144073,-3.3022995829834114,500
ar_day,1,1096,0.12803887790806426,0.16687234990683691,-0.03327358475449267,0.9461678832116789,0.6578844656331668,365,0.9653284671532847,0.7327337802660899,iho_yellow_sea,2023-2025,-0.015387278808228766,-0.03520924505032323,0.00020565212989244594,500
ar_harmonic,1,1096,0.11774854837287,0.15399155852625376,-0.034198834741683115,0.927007299270073,0.5543681160769882,365,0.9771897810218978,0.7731958624442374,iho_yellow_sea,2023-2025,0.06298994615521591,0.030839981744221215,0.09864487039936548,500
ar_harmonic_trend,1,1096,0.11290676913844452,0.15060421426345028,-0.00025541988468638784,0.9288321167883211,0.5715037508019876,365,0.9790145985401459,0.7719480748798447,iho_yellow_sea,2023-2025,0.08360130732628424,0.05516806425964851,0.1134281340466649,500
ridge_harmonic_trend,1,1096,0.09519299329556541,0.1278775848193042,7.449149575467021e-05,0.9543795620437956,0.5287970454031452,365,,,iho_yellow_sea,2023-2025,0.2218886295858301,0.19858407893037827,0.2463081770847394,500
climatology,7,1096,1.2110843005841665,1.4321845886247948,-1.1746866937971463,0.7627737226277372,3.3100051879882812,365,,,iho_yellow_sea,2023-2025,-1.339673341961166,-1.8015013200439078,-0.9829984538771268,500
persistence,7,1096,0.46684395483810537,0.6121301478027296,-0.0063762360245642,0.9233576642335767,2.089031219482422,365,,,iho_yellow_sea,2023-2025,0.0,0.0,0.0,500
raw_persistence,7,1096,0.911251686785343,1.0845372126650203,-0.006376238539814949,0.9178832116788321,3.551097869873047,365,,,iho_yellow_sea,2023-2025,-0.7717428500426236,-0.9856997792305245,-0.6026596075856689,500
trend_seasonal,7,1096,0.6511114818264168,0.8328989357845609,0.013707934854324321,0.9863138686131386,4.0028126715140715,365,,,iho_yellow_sea,2023-2025,-0.3606566165288403,-0.6029181694417247,-0.15476188346959519,500
ar_day,7,1096,0.46319916622117224,0.610763430758654,-0.21195903128349927,0.9224452554744526,2.1255896136811288,365,0.8768248175182481,1.7877255951699023,iho_yellow_sea,2023-2025,0.0022327229739973475,-0.054406997194457435,0.04461854783438617,500
ar_harmonic,7,1096,0.45375228141447504,0.5979169160140926,-0.21738352431280952,0.927007299270073,2.0983393330303954,365,0.8932481751824818,1.8820606597035314,iho_yellow_sea,2023-2025,0.02321929713747317,-0.038848707483822735,0.08746680382272716,500
ar_harmonic_trend,7,1096,0.41677989737956844,0.5548348478513471,0.0007079128817918998,0.9343065693430657,2.038799727542809,365,0.9087591240875912,1.8454220856601014,iho_yellow_sea,2023-2025,0.09359986623277206,0.05051981089239852,0.13969438192351408,500
ridge_harmonic_trend,7,1096,0.4187023196004606,0.5546466715828183,0.0028267235346808948,0.9224452554744526,1.9436334188731763,365,,,iho_yellow_sea,2023-2025,0.09390727842151048,0.03518148904043692,0.1466467786258888,500
climatology,30,1096,1.2110843005841665,1.4321845886247948,-1.1746866937971463,0.7627737226277372,3.3100051879882812,365,,,iho_yellow_sea,2023-2025,-0.5500426204288542,-0.8109828355852818,-0.3243092080722737,500
persistence,30,1096,0.7148862964045393,0.9239646508742764,-0.00911961854809392,0.9461678832116789,3.646322250366211,365,,,iho_yellow_sea,2023-2025,0.0,0.0,0.0,500
raw_persistence,30,1096,3.5778128944174217,3.98129947414705,-0.00911963265389204,0.8622262773722628,10.976388931274414,365,,,iho_yellow_sea,2023-2025,-3.308930509819671,-4.164522240667609,-2.659934717589772,500
trend_seasonal,30,1096,0.6511114818264168,0.8328989357845609,0.013707934854324321,0.9863138686131386,4.0028126715140715,365,,,iho_yellow_sea,2023-2025,0.0985597392752493,-0.07914915056769012,0.2296258660224145,500
ar_day,30,1096,0.7935766573614547,1.011468826758746,-0.6635717872286901,0.8604014598540146,2.9108005002889286,365,0.8585766423357665,2.830333362046483,iho_yellow_sea,2023-2025,-0.09470511215085042,-0.2383645698104205,0.052937733489047734,500
ar_harmonic,30,1096,0.8160906912191401,1.0391145955624834,-0.6755021320155468,0.8759124087591241,3.069887203641734,365,0.864963503649635,2.960606487079945,iho_yellow_sea,2023-2025,-0.12462592002762185,-0.270063806852114,0.017958083803050175,500
ar_harmonic_trend,30,1096,0.5984593603621601,0.7873413888889349,0.01175253802312143,0.9625912408759124,3.363295565074033,365,0.9078467153284672,2.7684862636911465,iho_yellow_sea,2023-2025,0.14786633001172222,0.03498363989324715,0.24528235275719773,500
ridge_harmonic_trend,30,1096,0.606315313743949,0.7905363122159256,0.013969460892663705,0.9735401459854015,3.4637776150708177,365,,,iho_yellow_sea,2023-2025,0.14440848849801546,0.016918452208624087,0.24674988125843048,500
climatology,1,1095,0.8319816693867723,1.0063659132585412,-0.7042672527435163,0.9351598173515981,3.6536197662353516,366,,,original_pilot_box,2017-2019,-4.027267302852813,-4.838525258647896,-3.291647725693031,500
persistence,1,1095,0.14594069877171625,0.2001815007305183,-0.0003868320761205943,0.9570776255707762,0.8941268920898438,366,,,original_pilot_box,2017-2019,0.0,0.0,0.0,500
raw_persistence,1,1095,0.16811374943005986,0.2209231218534023,-0.000386831205105409,0.9552511415525115,0.95574951171875,366,,,original_pilot_box,2017-2019,-0.10361407546247792,-0.1581110428761476,-0.06302514423986809,500
trend_seasonal,1,1095,0.6947521607762994,0.8599699738413114,0.3887284499034616,0.9205479452054794,2.974920563883728,366,,,original_pilot_box,2017-2019,-3.295951277730661,-4.0679384615152046,-2.648533128304786,500
ar_day,1,1095,0.13529710571525144,0.18290955341061801,-0.021392983726964326,0.9698630136986301,0.8743723372927406,366,0.9031963470319635,0.5987266963331921,original_pilot_box,2017-2019,0.08628143588128823,0.04725112010350366,0.1160944476682847,500
ar_harmonic,1,1095,0.1251104638874935,0.17011474135956567,-0.024051450059369622,0.9689497716894977,0.8091988805311416,366,0.9488584474885845,0.6642006982050682,original_pilot_box,2017-2019,0.15019749208208855,0.10492016159254373,0.18718650715919238,500
ar_harmonic_trend,1,1095,0.12220779820418953,0.16925583406755507,0.014971306050853993,0.9726027397260274,0.8216063697221969,366,0.9452054794520548,0.6631946032675403,original_pilot_box,2017-2019,0.15448813476823187,0.11129680810201645,0.19068127595007867,500
ridge_harmonic_trend,1,1095,0.12199379886113604,0.16899246421419614,0.0130294811286221,0.9707762557077626,0.8131212865946651,366,,,original_pilot_box,2017-2019,0.1558037900730319,0.11609244310124074,0.19039977805853653,500
climatology,7,1095,0.8319816693867723,1.0063659132585412,-0.7042672527435163,0.9351598173515981,3.6536197662353516,366,,,original_pilot_box,2017-2019,-0.6666268816478946,-0.9383878120578943,-0.44894867873566957,500
persistence,7,1095,0.4703591211745728,0.6038339620824347,-0.004734372003982057,0.9461187214611873,2.4191856384277344,366,,,original_pilot_box,2017-2019,0.0,0.0,0.0,500
raw_persistence,7,1095,0.8357083020144946,0.9904526874519383,-0.004734363406896591,0.9625570776255707,3.772686004638672,366,,,original_pilot_box,2017-2019,-0.6402732367622654,-0.8393050284021336,-0.4936263157222138,500
trend_seasonal,7,1095,0.6947521607762994,0.8599699738413114,0.3887284499034616,0.9205479452054794,2.974920563883728,366,,,original_pilot_box,2017-2019,-0.4241828513181727,-0.6947616497164893,-0.1947290388608224,500
ar_day,7,1095,0.4610569396220066,0.5842289982713907,-0.1923233931243605,0.9634703196347032,2.4827613887365487,366,0.9168949771689497,2.0375440907449707,original_pilot_box,2017-2019,0.03246747457435584,-0.022321148165977123,0.07855914985149282,500
ar_harmonic,7,1095,0.44557477909858206,0.5701209073941663,-0.21360694288058452,0.9634703196347032,2.4926023864688567,366,0.9461187214611873,2.2358072787455865,original_pilot_box,2017-2019,0.05583166367788017,-0.037240406360528576,0.13839000923177575,500
ar_harmonic_trend,7,1095,0.42208921665667654,0.5496443309853617,0.1291958315269174,0.9552511415525115,2.2820395199944485,366,0.94337899543379,2.20701843930927,original_pilot_box,2017-2019,0.0897426022713097,0.00814522762555729,0.16132070578339597,500
ridge_harmonic_trend,7,1095,0.4094834327188489,0.5377312763416218,0.10553484660526459,0.9707762557077626,2.4020100438353964,366,,,original_pilot_box,2017-2019,0.1094716261285561,0.03568875709341452,0.17662214411454544,500
climatology,30,1095,0.8319816693867723,1.0063659132585412,-0.7042672527435163,0.9351598173515981,3.6536197662353516,366,,,original_pilot_box,2017-2019,-0.24110407751582863,-0.46198229186408835,-0.0420011834006913,500
persistence,30,1095,0.620066566118911,0.8108634332044617,-0.01086478908312375,0.9954337899543378,4.831829071044922,366,,,original_pilot_box,2017-2019,0.0,0.0,0.0,500
raw_persistence,30,1095,3.251646443371359,3.5374792530046957,-0.010864815674722195,0.9488584474885845,10.473249435424805,366,,,original_pilot_box,2017-2019,-3.362607941296459,-4.003517857958574,-2.7660924785842,500
trend_seasonal,30,1095,0.6947521607762994,0.8599699738413114,0.3887284499034616,0.9205479452054794,2.974920563883728,366,,,original_pilot_box,2017-2019,-0.06056080299833577,-0.24778006874774414,0.08578831782801459,500
ar_day,30,1095,0.689858641009689,0.8565197303630063,-0.5270491137159411,0.960730593607306,3.5777500500142345,366,0.91324200913242,2.9053875500031463,original_pilot_box,2017-2019,-0.056305778863544154,-0.22553445175288467,0.1070393716292661,500
ar_harmonic,30,1095,0.707876990660648,0.8981071726309766,-0.5566597849153105,0.9579908675799087,3.936282081582867,366,0.9278538812785389,3.0812768237329906,original_pilot_box,2017-2019,-0.10759362903039693,-0.3028109317867929,0.07430004335027904,500
ar_harmonic_trend,30,1095,0.639439223878296,0.802119934418919,0.3250634936400504,0.9406392694063926,3.0626447401648065,366,0.9315068493150684,2.941089155453575,original_pilot_box,2017-2019,0.0107829486785328,-0.13981682575205764,0.1385674857414769,500
ridge_harmonic_trend,30,1095,0.6080194102671371,0.771166122439584,0.2749403153276778,0.9497716894977168,3.1222865294673454,366,,,original_pilot_box,2017-2019,0.048956839264532204,-0.07304344214579382,0.15927984029167386,500
climatology,1,1096,0.9611944564937676,1.1091280143161033,-0.7803560273490683,0.6058394160583942,2.2055511474609375,365,,,original_pilot_box,2020-2022,-5.551597370126312,-6.445558018526024,-4.579014809269086,500
persistence,1,1096,0.12748043380514548,0.16929123565704096,0.0006797557329609446,0.9744525547445255,0.7612113952636719,365,,,original_pilot_box,2020-2022,0.0,0.0,0.0,500
raw_persistence,1,1096,0.145530595396557,0.1882733774109664,0.0006797566311433911,0.9790145985401459,0.8860321044921875,365,,,original_pilot_box,2020-2022,-0.11212713806626384,-0.1927808393307405,-0.05482410086312581,500
trend_seasonal,1,1096,0.6462232222034336,0.896060270986413,0.4867262560383132,0.9197080291970803,3.4012215547602125,365,,,original_pilot_box,2020-2022,-4.2930104001467555,-5.371166809992197,-2.962380963910586,500
ar_day,1,1096,0.11302452325143289,0.14877571753347416,-0.01768791483202893,0.9762773722627737,0.7144723009204874,365,0.9635036496350365,0.6255105501044887,original_pilot_box,2020-2022,0.12118476212866802,0.09812163229039914,0.1428705960256352,500
ar_harmonic,1,1096,0.10166215170599527,0.13518258889747525,-0.0244968186410675,0.9781021897810219,0.6626182313072988,365,0.9799270072992701,0.6711544239331924,original_pilot_box,2020-2022,0.20147910567954497,0.17350823806541546,0.22885119043593136,500
ar_harmonic_trend,1,1096,0.11228430804174679,0.1532440034542254,0.01747717474992446,0.9662408759124088,0.7036192366235632,365,0.9726277372262774,0.736442600664877,original_pilot_box,2020-2022,0.0947906850613629,0.06064796335320904,0.12913239093893408,500
ridge_harmonic_trend,1,1096,0.0988605121569506,0.1355693680697919,0.019018920937499323,0.9744525547445255,0.6502725231790976,365,,,original_pilot_box,2020-2022,0.19919440871448646,0.1616473430961926,0.23828206086254033,500
climatology,7,1096,0.9611944564937676,1.1091280143161033,-0.7803560273490683,0.6058394160583942,2.2055511474609375,365,,,original_pilot_box,2020-2022,-0.8907560730264827,-1.1934055583250984,-0.6122377450073715,500
persistence,7,1096,0.45463549829747557,0.5866055543276673,0.004353014222026741,0.9416058394160584,2.3483123779296875,365,,,original_pilot_box,2020-2022,0.0,0.0,0.0,500
raw_persistence,7,1096,0.7878424486104589,0.9375495940871423,0.004353029187768698,0.9543795620437956,3.4755287170410156,365,,,original_pilot_box,2020-2022,-0.5982623880227429,-0.8181353807019914,-0.4272845681826795,500
trend_seasonal,7,1096,0.6462232222034336,0.896060270986413,0.4867262560383132,0.9197080291970803,3.4012215547602125,365,,,original_pilot_box,2020-2022,-0.527534583291535,-0.8340909513113131,-0.1409431017311566,500
ar_day,7,1096,0.43962081635080796,0.5621040891438661,-0.14902066304370315,0.9133211678832117,1.9759377339638462,365,0.916058394160584,1.996191828709521,original_pilot_box,2020-2022,0.04176821205159431,-0.013788676442720091,0.09425222727098609,500
ar_harmonic,7,1096,0.42908894081763177,0.5407066520095125,-0.2138296246953572,0.9343065693430657,2.0959015328920856,365,0.9534671532846716,2.2203965290993213,original_pilot_box,2020-2022,0.07824491599088468,0.004280330183642581,0.1441942439510431,500
ar_harmonic_trend,7,1096,0.38996727027771666,0.5120618468543551,0.10956542354785495,0.9543795620437956,2.1859900002717367,365,0.916970802919708,1.7653959112704998,original_pilot_box,2020-2022,0.127076375126979,0.052788120922118896,0.19965012955546457,500
ridge_harmonic_trend,7,1096,0.3929690109368953,0.5225695610409723,0.1530663662083223,0.9425182481751825,2.0421747014776486,365,,,original_pilot_box,2020-2022,0.1091636327243597,0.005300398124402326,0.20758947760142776,500
climatology,30,1096,0.9611944564937676,1.1091280143161033,-0.7803560273490683,0.6058394160583942,2.2055511474609375,365,,,original_pilot_box,2020-2022,-0.1693073551970088,-0.3789220575065457,0.04154496835801716,500
persistence,30,1096,0.7245424620426484,0.9485341979476676,-0.00791061968698989,0.8138686131386861,2.6002578735351562,365,,,original_pilot_box,2020-2022,0.0,0.0,0.0,500
raw_persistence,30,1096,3.0201206703255647,3.359498370860782,-0.007910624146461487,0.8959854014598541,9.702892303466797,365,,,original_pilot_box,2020-2022,-2.5417788606142926,-3.312166316212058,-1.9275817929757932,500
trend_seasonal,30,1096,0.6462232222034336,0.896060270986413,0.4867262560383132,0.9197080291970803,3.4012215547602125,365,,,original_pilot_box,2020-2022,0.055321070210005874,-0.1636493856593342,0.30090111411024967,500
ar_day,30,1096,0.7053775326672237,0.8776741388978893,-0.4244471716716973,0.75,1.9643984470800433,365,0.8950729927007299,2.7905259451730084,original_pilot_box,2020-2022,0.07470480158026716,-0.03852690962968037,0.18958398835566026,500
ar_harmonic,30,1096,0.8009960238936892,0.9414747302393446,-0.5945463432807886,0.7317518248175182,2.183390625618948,365,0.9297445255474452,3.1364867912075476,original_pilot_box,2020-2022,0.007442502045363786,-0.13840216982782436,0.16095183822884643,500
ar_harmonic_trend,30,1096,0.5718836617284814,0.7887457287286618,0.3135631789073884,0.9215328467153284,2.943682180302943,365,0.9078467153284672,2.6669484367739376,original_pilot_box,2020-2022,0.1684583113236594,-0.020768706264506047,0.364321971280028,500
ridge_harmonic_trend,30,1096,0.5851521438539196,0.8095741365584495,0.3645423960264763,0.916058394160584,2.8770066407241472,365,,,original_pilot_box,2020-2022,0.14649979061364826,-0.059690604341423606,0.36318421602746553,500
climatology,1,1096,1.2623135243019048,1.4914020074827274,-1.2319572163324286,0.8093065693430657,3.7783336639404297,365,,,original_pilot_box,2023-2025,-8.920243368006423,-10.655554212540785,-7.270072417525736,500
persistence,1,1096,0.11366036599569947,0.1503392560199297,-0.0013772666889385586,0.9452554744525548,0.6231040954589844,365,,,original_pilot_box,2023-2025,0.0,0.0,0.0,500
raw_persistence,1,1096,0.14281543937042682,0.18338040262634683,-0.001377268461510539,0.9333941605839416,0.6845245361328125,365,,,original_pilot_box,2023-2025,-0.21977723903354307,-0.28521453604646396,-0.14734981069631756,500
trend_seasonal,1,1096,0.656671632712578,0.8480482963999683,-0.07608097880004021,0.9753649635036497,3.665554465956639,365,,,original_pilot_box,2023-2025,-4.640897253659063,-5.549812681068764,-3.6794521014556754,500
ar_day,1,1096,0.10158441014437611,0.13229654255593573,-0.03134818534107837,0.9516423357664233,0.5409510868159302,365,0.9735401459854015,0.6274040625992079,original_pilot_box,2023-2025,0.12001332148139765,0.08843901485047806,0.14631509397918516,500
ar_harmonic,1,1096,0.10951699098001902,0.1424730454183701,-0.034595349820976666,0.9525547445255474,0.5780488498894094,365,0.9817518248175182,0.7344352824442479,original_pilot_box,2023-2025,0.05232306457946556,0.018098144309214612,0.08519942012855422,500
ar_harmonic_trend,1,1096,0.08785163359905439,0.11670457619334858,-0.003305601338164529,0.9352189781021898,0.43983512237334565,365,0.9863138686131386,0.6615354644247587,original_pilot_box,2023-2025,0.22372519804223556,0.19506708172408155,0.2525359392683575,500
ridge_harmonic_trend,1,1096,0.0888814980925044,0.11782943832092653,-0.0034181124228646912,0.9379562043795621,0.45385042227024286,365,,,original_pilot_box,2023-2025,0.21624303964024894,0.18797849405910658,0.24421974785870332,500
climatology,7,1096,1.2623135243019048,1.4914020074827274,-1.2319572163324286,0.8093065693430657,3.7783336639404297,365,,,original_pilot_box,2023-2025,-1.6326662784957677,-2.1905235798729015,-1.1922817661180227,500
persistence,7,1096,0.43217679792947145,0.5664986936114338,-0.00738643903801911,0.958941605839416,2.3670120239257812,365,,,original_pilot_box,2023-2025,0.0,0.0,0.0,500
raw_persistence,7,1096,0.8459137721653402,1.0086266780903836,-0.00738642318174243,0.9197080291970803,3.3140792846679688,365,,,original_pilot_box,2023-2025,-0.7804572004577459,-0.9853186073174787,-0.6115741127990606,500
trend_seasonal,7,1096,0.656671632712578,0.8480482963999683,-0.07608097880004021,0.9753649635036497,3.665554465956639,365,,,original_pilot_box,2023-2025,-0.49699956233553433,-0.7815833503879336,-0.24132147932538203,500
ar_day,7,1096,0.4475377796368924,0.59370823789876,-0.2581956633214706,0.9233576642335767,2.1237910487536773,365,0.9041970802919708,1.9942853875737472,original_pilot_box,2023-2025,-0.04803108037878312,-0.14628923317209114,0.03732534615269192,500
ar_harmonic,7,1096,0.43018689721232256,0.5656509554567257,-0.22060589462663116,0.9352189781021898,2.156632757474547,365,0.9014598540145985,1.7934118403399482,original_pilot_box,2023-2025,0.0014964520911842083,-0.07310018244382521,0.07560010492999523,500
ar_harmonic_trend,7,1096,0.4007865370486061,0.5252568098935384,-0.025369452877535184,0.9552919708029197,2.179994529614291,365,0.9525547445255474,2.117390329936951,original_pilot_box,2023-2025,0.072801374801022,0.006665601106413804,0.13747090160015193,500
ridge_harmonic_trend,7,1096,0.40128594734865075,0.5258654160532472,-0.025526121777001063,0.9552919708029197,2.1787665268233383,365,,,original_pilot_box,2023-2025,0.07172704547498443,0.00583503058343561,0.13637940300899454,500
climatology,30,1096,1.2623135243019048,1.4914020074827274,-1.2319572163324286,0.8093065693430657,3.7783336639404297,365,,,original_pilot_box,2023-2025,-0.6414185304091646,-0.9282808209076933,-0.4002614292523072,500
persistence,30,1096,0.6920958069989281,0.9086055627207756,-0.010789583199215632,0.9370437956204379,3.5947227478027344,365,,,original_pilot_box,2023-2025,0.0,0.0,0.0,500
raw_persistence,30,1096,3.3322469361507108,3.7164721364463387,-0.010789522901177406,0.8905109489051095,10.574079513549805,365,,,original_pilot_box,2023-2025,-3.090303085221647,-3.9626305189195916,-2.475069401802991,500
trend_seasonal,30,1096,0.656671632712578,0.8480482963999683,-0.07608097880004021,0.9753649635036497,3.665554465956639,365,,,original_pilot_box,2023-2025,0.06664857536142688,-0.12035683884479349,0.2124212646422024,500
ar_day,30,1096,0.7870240260651549,1.0242039856013205,-0.6872177466977156,0.9023722627737226,3.5521953609476107,365,0.8549270072992701,2.7531967526195458,original_pilot_box,2023-2025,-0.12722618881441905,-0.2978950466528309,0.05061902438419467,500
ar_harmonic,30,1096,0.8046173319531906,1.037363499806766,-0.691253515909768,0.8786496350364964,3.2506914976426557,365,0.8375912408759124,2.8461056928559345,original_pilot_box,2023-2025,-0.141709386744707,-0.2932519978818418,0.014299608786809175,500
ar_harmonic_trend,30,1096,0.6081412831604978,0.7852339206153105,-0.054059051839368384,0.9543795620437956,3.2166810691432914,365,0.9105839416058394,2.778249884896762,original_pilot_box,2023-2025,0.1357812973718041,0.01246360460203094,0.2521044605226224,500
ridge_harmonic_trend,30,1096,0.60867563523259,0.785815414566336,-0.05438409119167886,0.9543795620437956,3.2163501961112786,365,,,original_pilot_box,2023-2025,0.13514131234982796,0.011799596663703806,0.2516155303218337,500
climatology,1,1095,0.8771024754058281,1.0786775071313903,-0.7225291101899866,0.8712328767123287,3.0423736572265625,366,,,iho_interior,2017-2019,-3.9492151330349943,-4.80768458752683,-3.1914606198712083,500
persistence,1,1095,0.16315477493146782,0.2179492057096972,-0.0003115266425424515,0.9771689497716894,1.0931777954101562,366,,,iho_interior,2017-2019,0.0,0.0,0.0,500
raw_persistence,1,1095,0.182530654402084,0.23980931627637783,-0.0003115266445092857,0.971689497716895,1.0993690490722656,366,,,iho_interior,2017-2019,-0.10029910636975559,-0.1502609738555156,-0.0580492670048091,500
trend_seasonal,1,1095,0.9494558679868121,1.1236397498150175,0.7391511027926556,0.8904109589041096,3.50047239154172,366,,,iho_interior,2017-2019,-4.155512020134073,-5.118928983129484,-3.311964814664934,500
ar_day,1,1095,0.15147317499993407,0.20259608348507643,-0.02361507679469735,0.9771689497716894,1.0249356050806142,366,0.9232876712328767,0.6901902064342302,iho_interior,2017-2019,0.0704435796158428,0.04565565118825375,0.09187320496851745,500
ar_harmonic,1,1095,0.13655944849525614,0.1854725545933282,-0.021265518839827236,0.9780821917808219,0.9357424425221907,366,0.9570776255707762,0.7633904171624637,iho_interior,2017-2019,0.14901018340772054,0.10787767170142647,0.1829702811473018,500
ar_harmonic_trend,1,1095,0.13721648198722572,0.18813719322355804,0.03242188417505242,0.9780821917808219,0.9983705770126861,366,0.9561643835616438,0.760841502814575,iho_interior,2017-2019,0.13678422175966987,0.10093090233623399,0.17090645962030723,500
ridge_harmonic_trend,1,1095,0.13648095286020887,0.18697698834551432,0.028463493713576163,0.9771689497716894,0.9739371342950136,366,,,iho_interior,2017-2019,0.1421075028162162,0.10787020292082143,0.17545206629420532,500
climatology,7,1095,0.8771024754058281,1.0786775071313903,-0.7225291101899866,0.8712328767123287,3.0423736572265625,366,,,iho_interior,2017-2019,-0.6407581148249271,-0.8894378585141609,-0.4126678238537268,500
persistence,7,1095,0.5028269497771242,0.6574262820248113,-0.005031249512276148,0.965296803652968,3.032512664794922,366,,,iho_interior,2017-2019,0.0,0.0,0.0,500
raw_persistence,7,1095,0.9011582844877897,1.0711481103018843,-0.005031261593103409,0.965296803652968,4.129743576049805,366,,,iho_interior,2017-2019,-0.6293052766355012,-0.8013447825888542,-0.4936130844737083,500
trend_seasonal,7,1095,0.9494558679868121,1.1236397498150175,0.7391511027926556,0.8904109589041096,3.50047239154172,366,,,iho_interior,2017-2019,-0.7091494218246224,-1.0750199434629002,-0.4206485571134557,500
ar_day,7,1095,0.5001021018039387,0.6354269058466063,-0.20736299136790526,0.9835616438356164,3.0859360465259655,366,0.9242009132420091,2.286469653743268,iho_interior,2017-2019,0.03346287907816681,-0.027496500357415958,0.08439037009221748,500
ar_harmonic,7,1095,0.45560745744903586,0.5983304958216391,-0.17686654914068364,0.9762557077625571,2.8672540282401684,366,0.9534246575342465,2.402229217601822,iho_interior,2017-2019,0.08988960103810073,-0.026687443687327044,0.18415229867537167,500
ar_harmonic_trend,7,1095,0.5047003860778463,0.6445492671708399,0.26787898159852097,0.9643835616438357,2.740890157512915,366,0.9324200913242009,2.418074635666391,iho_interior,2017-2019,0.019587009534074995,-0.08925608640815261,0.10196070486527745,500
ridge_harmonic_trend,7,1095,0.47803213085668556,0.6199393603360258,0.22394151519269406,0.9662100456621004,2.718331069934372,366,,,iho_interior,2017-2019,0.05702072264791325,-0.03661466675623208,0.14054269365736155,500
climatology,30,1095,0.8771024754058281,1.0786775071313903,-0.7225291101899866,0.8712328767123287,3.0423736572265625,366,,,iho_interior,2017-2019,-0.15153561027612583,-0.3423648491419339,-0.0010345153099643545,500
persistence,30,1095,0.7144172751195899,0.9367296134877975,-0.011808141943526595,0.9707762557077626,4.471103668212891,366,,,iho_interior,2017-2019,0.0,0.0,0.0,500
raw_persistence,30,1095,3.477965404998222,3.8107570274791365,-0.011808212846517563,0.9680365296803652,11.858026504516602,366,,,iho_interior,2017-2019,-3.0681504807884226,-3.788243922804967,-2.4989311443736684,500
trend_seasonal,30,1095,0.9494558679868121,1.1236397498150175,0.7391511027926556,0.8904109589041096,3.50047239154172,366,,,iho_interior,2017-2019,-0.19953477891158267,-0.4405539246513813,0.004912133798151606,500
ar_day,30,1095,0.7389238700495684,0.942908277856901,-0.5537729895771527,0.9214611872146119,3.2139973830606063,366,0.919634703196347,3.20396959097261,iho_interior,2017-2019,-0.006595995557456602,-0.14698418660622822,0.11835650011097856,500
ar_harmonic,30,1095,0.6668000249349907,0.8877112918063912,-0.45641506240429797,0.9616438356164384,3.749255634579441,366,0.947945205479452,3.23967690662464,iho_interior,2017-2019,0.052329211093148476,-0.0841341917431843,0.21409088329134626,500
ar_harmonic_trend,30,1095,0.8641835727983977,1.0322928877308628,0.6389747906810633,0.9278538812785389,3.5849287756182733,366,0.8821917808219178,3.130688147358234,iho_interior,2017-2019,-0.10201799203000239,-0.3057393362376551,0.06871393297408479,500
ridge_harmonic_trend,30,1095,0.7956055370538588,0.9644037851770537,0.5510476162972469,0.9488584474885845,3.545573563026956,366,,,iho_interior,2017-2019,-0.02954339362264302,-0.20179370430166604,0.10882278306488025,500
climatology,1,1096,0.9089269368317876,1.068255923208007,-0.6691624996435903,0.7472627737226277,2.5388641357421875,365,,,iho_interior,2020-2022,-4.655122693361681,-5.601475324589169,-3.7014261714385297,500
persistence,1,1096,0.14070800795172253,0.18890057406923977,0.0004301123375440166,0.9552919708029197,0.8168964385986328,365,,,iho_interior,2020-2022,0.0,0.0,0.0,500
raw_persistence,1,1096,0.15724758597186012,0.20595126681732576,0.00043011060915887356,0.968978102189781,0.9416885375976562,365,,,iho_interior,2020-2022,-0.09026278947059341,-0.1671996988007834,-0.03229172016633889,500
trend_seasonal,1,1096,0.828945383878576,1.0842749903991604,0.7136473575588351,0.8822992700729927,3.328146030534157,365,,,iho_interior,2020-2022,-4.7399242736114156,-5.7518931894635426,-3.53644383192209,500
ar_day,1,1096,0.12795854678780463,0.16959224612892523,-0.02051676412956454,0.9698905109489051,0.7812857715582968,365,0.9571167883211679,0.7220265759202832,iho_interior,2020-2022,0.10221423643338023,0.07910642309357117,0.12377198099899792,500
ar_harmonic,1,1096,0.11396888357747499,0.15206105656926974,-0.023685032718701548,0.9644160583941606,0.6654829130005222,365,0.9771897810218978,0.7672166514401833,iho_interior,2020-2022,0.19502067519639632,0.16712426594937857,0.22327789915850033,500
ar_harmonic_trend,1,1096,0.1252143508683258,0.17146552148875285,0.028777311312874483,0.9698905109489051,0.8473092123991002,365,0.968065693430657,0.8343303618198146,iho_interior,2020-2022,0.09229750976879647,0.061772357972156966,0.12659260642810255,500
ridge_harmonic_trend,1,1096,0.11109348919457594,0.1543082732995702,0.0309519601479092,0.9662408759124088,0.6985823192829628,365,,,iho_interior,2020-2022,0.183124381384834,0.14828071886880592,0.21948982767711112,500
climatology,7,1096,0.9089269368317876,1.068255923208007,-0.6691624996435903,0.7472627737226277,2.5388641357421875,365,,,iho_interior,2020-2022,-0.7495475805510983,-1.0131641541458274,-0.4908585334420479,500
persistence,7,1096,0.47760291517215925,0.6105898090931097,0.003019446004046141,0.958029197080292,2.6209030151367188,365,,,iho_interior,2020-2022,0.0,0.0,0.0,500
raw_persistence,7,1096,0.8363930361114279,0.9993411992561774,0.0030194581486284733,0.9525547445255474,3.7609500885009766,365,,,iho_interior,2020-2022,-0.636681753238673,-0.8652176196496554,-0.47727210260802144,500
trend_seasonal,7,1096,0.828945383878576,1.0842749903991604,0.7136473575588351,0.8822992700729927,3.328146030534157,365,,,iho_interior,2020-2022,-0.7757829794270574,-1.0924075971904086,-0.41538211305340206,500
ar_day,7,1096,0.4631642866127232,0.5886765794099963,-0.16837046433741257,0.9306569343065694,2.2406526860649407,365,0.9315693430656934,2.2553816967005353,iho_interior,2020-2022,0.03588862663079884,-0.01618967239690079,0.08752475438254802,500
ar_harmonic,7,1096,0.4474440363205463,0.5690256879691595,-0.1982077075753126,0.9470802919708029,2.294039566333602,365,0.958941605839416,2.4395789183226158,iho_interior,2020-2022,0.06807208457292147,0.002009186126359078,0.13371730346350827,500
ar_harmonic_trend,7,1096,0.42880438754181804,0.5636021880593943,0.17858965864576382,0.9562043795620438,2.342074744258497,365,0.9197080291970803,1.9703225888585072,iho_interior,2020-2022,0.07695447964240432,0.002229809279869603,0.1539235785005861,500
ridge_harmonic_trend,7,1096,0.44892104365581287,0.5909257681734769,0.24117958182091787,0.9434306569343066,2.290735908659059,365,,,iho_interior,2020-2022,0.032204993641867796,-0.0811802588540957,0.13868061267452153,500
climatology,30,1096,0.9089269368317876,1.068255923208007,-0.6691624996435903,0.7472627737226277,2.5388641357421875,365,,,iho_interior,2020-2022,-0.09821036957443008,-0.2823790881843099,0.08635465658967603,500
persistence,30,1096,0.7646943313361955,0.9727243092978344,-0.011014584207186734,0.8813868613138686,3.050018310546875,365,,,iho_interior,2020-2022,0.0,0.0,0.0,500
raw_persistence,30,1096,3.2161114372476174,3.581541446914522,-0.01101461797952652,0.9397810218978102,10.834478378295898,365,,,iho_interior,2020-2022,-2.6819697140085608,-3.449865773123947,-2.086773023119149,500
trend_seasonal,30,1096,0.828945383878576,1.0842749903991604,0.7136473575588351,0.8822992700729927,3.328146030534157,365,,,iho_interior,2020-2022,-0.1146786196613605,-0.36525688218875646,0.13597625918590908,500
ar_day,30,1096,0.7579119498739516,0.9195790249753979,-0.46973331020662695,0.8275547445255474,2.434440037938394,365,0.9224452554744526,3.159794699910219,iho_interior,2020-2022,0.054635505471020585,-0.062763182681311,0.1931250813781353,500
ar_harmonic,30,1096,0.7957102991978234,0.9434770718859138,-0.5278012742355203,0.801094890510949,2.452951938762059,365,0.9343065693430657,3.352977686041373,iho_interior,2020-2022,0.030067345014779034,-0.11577773801743825,0.1843909516663655,500
ar_harmonic_trend,30,1096,0.6994301487532879,0.9208750625471712,0.4980681681706073,0.8868613138686131,2.9283781308805032,365,0.8822992700729927,2.869118536373862,iho_interior,2020-2022,0.05330312633812018,-0.16109615715291553,0.26031449392305955,500
ridge_harmonic_trend,30,1096,0.7252278869465613,0.9565128794179522,0.5544890295125646,0.8914233576642335,3.061105973616236,365,,,iho_interior,2020-2022,0.016666006724541105,-0.20947308268137244,0.23999964987928865,500
climatology,1,1096,1.2242010601245574,1.4498100731224361,-1.167294676721531,0.781934306569343,3.466777801513672,365,,,iho_interior,2023-2025,-7.402174919042675,-8.961225415528082,-6.015441939428186,500
persistence,1,1096,0.1298631621103217,0.17255176035868866,-0.0011815763738033545,0.9498175182481752,0.6994094848632812,365,,,iho_interior,2023-2025,0.0,0.0,0.0,500
raw_persistence,1,1096,0.15637784456684642,0.20310319304224772,-0.001181578147225082,0.9370437956204379,0.7768096923828125,365,,,iho_interior,2023-2025,-0.1770566270668632,-0.24412375804845052,-0.1113643250298582,500
trend_seasonal,1,1096,0.6892392660944627,0.8785095905035657,0.07661474114066319,0.9790145985401459,4.023264303597784,365,,,iho_interior,2023-2025,-4.091281530118155,-4.987465690841753,-3.2787871570436615,500
ar_day,1,1096,0.13401315549983395,0.1752834189210364,-0.034806060395724966,0.9516423357664233,0.7166090538663781,365,0.9662408759124088,0.7815316670812631,iho_interior,2023-2025,-0.015830951574584695,-0.036050901901959004,-0.0007768101351939714,500
ar_harmonic,1,1096,0.12281507243523802,0.16123212823164118,-0.035793198750786175,0.948905109489051,0.6440140568731749,365,0.9771897810218978,0.8250698152113621,iho_interior,2023-2025,0.06560137145814682,0.03035170874717302,0.10442329736002354,500
ar_harmonic_trend,1,1096,0.11738062040573226,0.1578084671418878,0.0021682943334544627,0.9352189781021898,0.6227047971740802,365,0.9771897810218978,0.8236367868898511,iho_interior,2023-2025,0.08544272852478318,0.05572762037913238,0.1167840258976759,500
ridge_harmonic_trend,1,1096,0.10021919943740919,0.1352460328040158,0.002736118642636794,0.9644160583941606,0.6017721902521274,365,,,iho_interior,2023-2025,0.21620021422629543,0.1918797662088705,0.2422045271845481,500
climatology,7,1096,1.2242010601245574,1.4498100731224361,-1.167294676721531,0.781934306569343,3.466777801513672,365,,,iho_interior,2023-2025,-1.2837433209261517,-1.7750591504070512,-0.9083277592461787,500
persistence,7,1096,0.4819110553630077,0.6348393270984931,-0.0059233207772247986,0.9233576642335767,2.1363067626953125,365,,,iho_interior,2023-2025,0.0,0.0,0.0,500
raw_persistence,7,1096,0.9085468715124757,1.0894913181070822,-0.005923327058553696,0.9142335766423357,3.590036392211914,365,,,iho_interior,2023-2025,-0.71616859826022,-0.923740480133728,-0.5536316870216728,500
trend_seasonal,7,1096,0.6892392660944627,0.8785095905035657,0.07661474114066319,0.9790145985401459,4.023264303597784,365,,,iho_interior,2023-2025,-0.38382981804034966,-0.6374184716370505,-0.16522167820033767,500
ar_day,7,1096,0.4827193927640695,0.6336344716002117,-0.2207502906864737,0.9151459854014599,2.1400261641395417,365,0.8832116788321168,1.8983912253642838,iho_interior,2023-2025,0.0018978904533027974,-0.057215731133255336,0.045013200295987335,500
ar_harmonic,7,1096,0.4728133980242214,0.6193966104549299,-0.22648291088671338,0.9215328467153284,2.1446452129865925,365,0.9014598540145985,1.9991649346678728,iho_interior,2023-2025,0.024325393819162877,-0.04208602564053379,0.08779534452176986,500
ar_harmonic_trend,7,1096,0.4296575639415739,0.5751484790399225,0.015942527200788915,0.9379562043795621,2.137092373382856,365,0.9206204379562044,1.9574234268916495,iho_interior,2023-2025,0.09402512653301609,0.049854743357846225,0.13969491579254026,500
ridge_harmonic_trend,7,1096,0.43636985600078015,0.5789706435945753,0.023822930087784668,0.9361313868613139,2.1343440579066026,365,,,iho_interior,2023-2025,0.08800444635221838,0.02571791701532467,0.14288917425303266,500
climatology,30,1096,1.2242010601245574,1.4498100731224361,-1.167294676721531,0.781934306569343,3.466777801513672,365,,,iho_interior,2023-2025,-0.49822826639073026,-0.7759598945055455,-0.27031398389258904,500
persistence,30,1096,0.7516530804390454,0.9676830331168863,-0.008250800362468636,0.9443430656934306,3.7466697692871094,365,,,iho_interior,2023-2025,0.0,0.0,0.0,500
raw_persistence,30,1096,3.5324877892097417,3.9601312527455654,-0.00825082790106535,0.8695255474452555,11.051483154296875,365,,,iho_interior,2023-2025,-3.092384714021561,-3.913450576093488,-2.427064018070519,500
trend_seasonal,30,1096,0.6892392660944627,0.8785095905035657,0.07661474114066319,0.9790145985401459,4.023264303597784,365,,,iho_interior,2023-2025,0.09215149957325897,-0.09544900845000132,0.23853900676922013,500
ar_day,30,1096,0.8312148615181619,1.0512697547016447,-0.6821201598481955,0.8667883211678832,3.0510135818182498,365,0.8631386861313869,2.969344838841047,iho_interior,2023-2025,-0.08637820311422373,-0.23929866951044693,0.04903655348362979,500
ar_harmonic,30,1096,0.8594026310236021,1.081076415684963,-0.6942628087546997,0.8759124087591241,3.1929315922082395,365,0.8658759124087592,3.1060042373807435,iho_interior,2023-2025,-0.11718029425693133,-0.2609075847321679,0.016188886369628383,500
ar_harmonic_trend,30,1096,0.6322961235891402,0.8289692491236212,0.055042837688109504,0.9671532846715328,3.588933288427768,365,0.9005474452554745,2.8939803849021946,iho_interior,2023-2025,0.14334630167739015,0.021077100157581685,0.24920993729664437,500
ridge_harmonic_trend,30,1096,0.6399340247140992,0.8339611192162468,0.06361978287482557,0.9644160583941606,3.5978336555914012,365,,,iho_interior,2023-2025,0.1381877219340346,4.470167504569194e-05,0.25118743377878255,500
