lag_days,n_pairs,correlation,model,std_celsius,skewness,excess_kurtosis,domain,fold
1,1822,-0.005277239884594133,ar_day,0.1635160318838772,-0.4946873846752841,3.912106087391709,iho_yellow_sea,2017-2019
7,1816,-0.03876910739867544,ar_day,0.1635160318838772,-0.4946873846752841,3.912106087391709,iho_yellow_sea,2017-2019
30,1793,-0.0013120253747081587,ar_day,0.1635160318838772,-0.4946873846752841,3.912106087391709,iho_yellow_sea,2017-2019
1,1811,0.0007570746468114335,ar_harmonic,0.1803724636469671,-0.9592992051415636,6.233600944771247,iho_yellow_sea,2017-2019
7,1805,-0.0033167085120029026,ar_harmonic,0.1803724636469671,-0.9592992051415636,6.233600944771247,iho_yellow_sea,2017-2019
30,1782,-0.015276225699906654,ar_harmonic,0.1803724636469671,-0.9592992051415636,6.233600944771247,iho_yellow_sea,2017-2019
1,1822,-0.0020444459021678562,ar_harmonic_trend,0.1802290800098846,-0.9413385765108131,6.198879833573297,iho_yellow_sea,2017-2019
7,1816,-0.020541716673958436,ar_harmonic_trend,0.1802290800098846,-0.9413385765108131,6.198879833573297,iho_yellow_sea,2017-2019
30,1793,-0.011857907113634786,ar_harmonic_trend,0.1802290800098846,-0.9413385765108131,6.198879833573297,iho_yellow_sea,2017-2019
1,1811,0.04121096029194536,ridge_harmonic_trend,0.18023669304903317,-0.9765285474227526,6.349151316443294,iho_yellow_sea,2017-2019
7,1805,-0.0036410666758020845,ridge_harmonic_trend,0.18023669304903317,-0.9765285474227526,6.349151316443294,iho_yellow_sea,2017-2019
30,1782,-0.0156964449459389,ridge_harmonic_trend,0.18023669304903317,-0.9765285474227526,6.349151316443294,iho_yellow_sea,2017-2019
1,2914,6.170004943534234e-05,ar_day,0.17094665994894653,-0.6341862328804764,4.342863989237874,iho_yellow_sea,2020-2022
7,2908,-0.02571269277740783,ar_day,0.17094665994894653,-0.6341862328804764,4.342863989237874,iho_yellow_sea,2020-2022
30,2885,0.0006082613041634016,ar_day,0.17094665994894653,-0.6341862328804764,4.342863989237874,iho_yellow_sea,2020-2022
1,2918,-0.0017674261195060241,ar_harmonic,0.1817681754999079,-0.8124682144349704,5.196992286012466,iho_yellow_sea,2020-2022
7,2912,-0.01901114965475399,ar_harmonic,0.1817681754999079,-0.8124682144349704,5.196992286012466,iho_yellow_sea,2020-2022
30,2889,-0.00794141588333561,ar_harmonic,0.1817681754999079,-0.8124682144349704,5.196992286012466,iho_yellow_sea,2020-2022
1,2920,0.3875270945235127,ar_harmonic_trend,0.1993566658066045,-0.8303402538337789,4.609957240539963,iho_yellow_sea,2020-2022
7,2914,-0.05114408228614517,ar_harmonic_trend,0.1993566658066045,-0.8303402538337789,4.609957240539963,iho_yellow_sea,2020-2022
30,2891,-0.009699556926900747,ar_harmonic_trend,0.1993566658066045,-0.8303402538337789,4.609957240539963,iho_yellow_sea,2020-2022
1,2907,0.03576435967274496,ridge_harmonic_trend,0.180713646866568,-0.8327272398291605,5.186337670147273,iho_yellow_sea,2020-2022
7,2901,-0.0035870673495411692,ridge_harmonic_trend,0.180713646866568,-0.8327272398291605,5.186337670147273,iho_yellow_sea,2020-2022
30,2878,-0.014225971801464508,ridge_harmonic_trend,0.180713646866568,-0.8327272398291605,5.186337670147273,iho_yellow_sea,2020-2022
1,3650,0.38500747425689597,ar_day,0.18689970955554658,-0.6439019746875461,3.548038038058895,iho_yellow_sea,2023-2025
7,3644,-0.056242545643728555,ar_day,0.18689970955554658,-0.6439019746875461,3.548038038058895,iho_yellow_sea,2023-2025
30,3621,-0.0020945735384063713,ar_day,0.18689970955554658,-0.6439019746875461,3.548038038058895,iho_yellow_sea,2023-2025
1,3650,0.39039680002160987,ar_harmonic,0.19722044487685544,-0.783902854827403,4.2049979925856835,iho_yellow_sea,2023-2025
7,3644,-0.04637789905039394,ar_harmonic,0.19722044487685544,-0.783902854827403,4.2049979925856835,iho_yellow_sea,2023-2025
30,3621,-0.011074829790687095,ar_harmonic,0.19722044487685544,-0.783902854827403,4.2049979925856835,iho_yellow_sea,2023-2025
1,3650,0.3922211770546608,ar_harmonic_trend,0.19690216948181732,-0.7719275053067909,4.183418500754156,iho_yellow_sea,2023-2025
7,3644,-0.04489086048704576,ar_harmonic_trend,0.19690216948181732,-0.7719275053067909,4.183418500754156,iho_yellow_sea,2023-2025
30,3621,-0.011908478787691003,ar_harmonic_trend,0.19690216948181732,-0.7719275053067909,4.183418500754156,iho_yellow_sea,2023-2025
1,3637,0.038802197169624936,ridge_harmonic_trend,0.17811580069658542,-0.7652261808431774,4.7067032085036615,iho_yellow_sea,2023-2025
7,3631,-0.0028781788690391765,ridge_harmonic_trend,0.17811580069658542,-0.7652261808431774,4.7067032085036615,iho_yellow_sea,2023-2025
30,3608,-0.011465587234893639,ridge_harmonic_trend,0.17811580069658542,-0.7652261808431774,4.7067032085036615,iho_yellow_sea,2023-2025
1,1822,-0.009774899805260256,ar_day,0.15261341115945048,-0.5614901330724165,3.2650949297867,original_pilot_box,2017-2019
7,1816,-0.04165140116750883,ar_day,0.15261341115945048,-0.5614901330724165,3.2650949297867,original_pilot_box,2017-2019
30,1793,0.017834600286471696,ar_day,0.15261341115945048,-0.5614901330724165,3.2650949297867,original_pilot_box,2017-2019
1,1822,-0.006923049701536157,ar_harmonic,0.1693025129301298,-0.8902696682073569,5.166533779749969,original_pilot_box,2017-2019
7,1816,-0.02498656014219552,ar_harmonic,0.1693025129301298,-0.8902696682073569,5.166533779749969,original_pilot_box,2017-2019
30,1793,0.005680886778762054,ar_harmonic,0.1693025129301298,-0.8902696682073569,5.166533779749969,original_pilot_box,2017-2019
1,1822,-0.006295508648409898,ar_harmonic_trend,0.16904606273122144,-0.8827354837310483,5.202446443229727,original_pilot_box,2017-2019
7,1816,-0.02265902653816468,ar_harmonic_trend,0.16904606273122144,-0.8827354837310483,5.202446443229727,original_pilot_box,2017-2019
30,1793,0.005199345911104028,ar_harmonic_trend,0.16904606273122144,-0.8827354837310483,5.202446443229727,original_pilot_box,2017-2019
1,1811,0.04533231361700112,ridge_harmonic_trend,0.16874939152142834,-0.9412921613075368,5.378376773071647,original_pilot_box,2017-2019
7,1805,-0.003561359525940789,ridge_harmonic_trend,0.16874939152142834,-0.9412921613075368,5.378376773071647,original_pilot_box,2017-2019
30,1782,0.001889043607915179,ridge_harmonic_trend,0.16874939152142834,-0.9412921613075368,5.378376773071647,original_pilot_box,2017-2019
1,2907,-0.0005045293352186399,ar_day,0.1591872401279944,-0.5867139729612317,3.5932781750988103,original_pilot_box,2020-2022
7,2901,-0.0054173478299778775,ar_day,0.1591872401279944,-0.5867139729612317,3.5932781750988103,original_pilot_box,2020-2022
30,2878,0.017930363747233908,ar_day,0.1591872401279944,-0.5867139729612317,3.5932781750988103,original_pilot_box,2020-2022
1,2918,-0.0030394160652230354,ar_harmonic,0.17112797303637967,-0.7321021504939514,4.630647686214977,original_pilot_box,2020-2022
7,2912,-0.010653432129205125,ar_harmonic,0.17112797303637967,-0.7321021504939514,4.630647686214977,original_pilot_box,2020-2022
30,2889,0.006561960962562617,ar_harmonic,0.17112797303637967,-0.7321021504939514,4.630647686214977,original_pilot_box,2020-2022
1,2920,0.39046841354768036,ar_harmonic_trend,0.1878392900301862,-0.8892931460900293,4.868219812846064,original_pilot_box,2020-2022
7,2914,-0.03920297860109165,ar_harmonic_trend,0.1878392900301862,-0.8892931460900293,4.868219812846064,original_pilot_box,2020-2022
30,2891,0.007387824568987421,ar_harmonic_trend,0.1878392900301862,-0.8892931460900293,4.868219812846064,original_pilot_box,2020-2022
1,2907,0.03941324640477603,ridge_harmonic_trend,0.17016673721768535,-0.7745325579232967,4.700781190712654,original_pilot_box,2020-2022
7,2901,-0.003363508579151396,ridge_harmonic_trend,0.17016673721768535,-0.7745325579232967,4.700781190712654,original_pilot_box,2020-2022
30,2878,0.004453313808666459,ridge_harmonic_trend,0.17016673721768535,-0.7745325579232967,4.700781190712654,original_pilot_box,2020-2022
1,3637,-0.0007536824950133183,ar_day,0.15974664885184656,-0.6208560216680173,3.630702391383161,original_pilot_box,2023-2025
7,3631,-0.005566203561696703,ar_day,0.15974664885184656,-0.6208560216680173,3.630702391383161,original_pilot_box,2023-2025
30,3608,0.010128554989620914,ar_day,0.15974664885184656,-0.6208560216680173,3.630702391383161,original_pilot_box,2023-2025
1,3650,0.3965012447648576,ar_harmonic,0.18733371474470323,-0.8862504709787148,4.504703264816513,original_pilot_box,2023-2025
7,3644,-0.033794158318576656,ar_harmonic,0.18733371474470323,-0.8862504709787148,4.504703264816513,original_pilot_box,2023-2025
30,3621,-0.00022898803111342204,ar_harmonic,0.18733371474470323,-0.8862504709787148,4.504703264816513,original_pilot_box,2023-2025
1,3637,0.0005285643548582416,ar_harmonic_trend,0.16843702461967222,-0.7173393486791442,4.166920292761502,original_pilot_box,2023-2025
7,3631,-0.0037904755524494323,ar_harmonic_trend,0.16843702461967222,-0.7173393486791442,4.166920292761502,original_pilot_box,2023-2025
30,3608,0.0014685451253711004,ar_harmonic_trend,0.16843702461967222,-0.7173393486791442,4.166920292761502,original_pilot_box,2023-2025
1,3637,0.04087173521591743,ridge_harmonic_trend,0.16859840931549472,-0.752652219383051,4.292222980416969,original_pilot_box,2023-2025
7,3631,-0.00286460183488246,ridge_harmonic_trend,0.16859840931549472,-0.752652219383051,4.292222980416969,original_pilot_box,2023-2025
30,3608,0.0022041274666866188,ridge_harmonic_trend,0.16859840931549472,-0.752652219383051,4.292222980416969,original_pilot_box,2023-2025
1,1822,-0.00666185503323504,ar_day,0.1759271507314844,-0.5793574714818983,4.696142491411031,iho_interior,2017-2019
7,1816,-0.04081262632814509,ar_day,0.1759271507314844,-0.5793574714818983,4.696142491411031,iho_interior,2017-2019
30,1793,-0.006511667415648782,ar_day,0.1759271507314844,-0.5793574714818983,4.696142491411031,iho_interior,2017-2019
1,1811,0.0005329931446723105,ar_harmonic,0.19399182586210492,-1.0826523494760243,7.507462292161955,iho_interior,2017-2019
7,1805,-0.003100388023319278,ar_harmonic,0.19399182586210492,-1.0826523494760243,7.507462292161955,iho_interior,2017-2019
30,1782,-0.023169606437368026,ar_harmonic,0.19399182586210492,-1.0826523494760243,7.507462292161955,iho_interior,2017-2019
1,1822,-0.0029084144167909414,ar_harmonic_trend,0.19393592737277413,-1.066346316764132,7.440355640630608,iho_interior,2017-2019
7,1816,-0.02671339308166468,ar_harmonic_trend,0.19393592737277413,-1.066346316764132,7.440355640630608,iho_interior,2017-2019
30,1793,-0.019417926586060296,ar_harmonic_trend,0.19393592737277413,-1.066346316764132,7.440355640630608,iho_interior,2017-2019
1,1811,0.03774570804521984,ridge_harmonic_trend,0.19382827222888852,-1.1007962959736672,7.630774275716906,iho_interior,2017-2019
7,1805,-0.003910693030766516,ridge_harmonic_trend,0.19382827222888852,-1.1007962959736672,7.630774275716906,iho_interior,2017-2019
30,1782,-0.023741017479534398,ridge_harmonic_trend,0.19382827222888852,-1.1007962959736672,7.630774275716906,iho_interior,2017-2019
1,2914,5.052496346707854e-05,ar_day,0.18397246974659556,-0.7243547589044367,5.084935876186477,iho_interior,2020-2022
7,2908,-0.03469128179588297,ar_day,0.18397246974659556,-0.7243547589044367,5.084935876186477,iho_interior,2020-2022
30,2885,-0.004581605198077574,ar_day,0.18397246974659556,-0.7243547589044367,5.084935876186477,iho_interior,2020-2022
1,2918,-0.0023341338186748752,ar_harmonic,0.19562149299605333,-0.8972281314888892,6.02169992891558,iho_interior,2020-2022
7,2912,-0.02736449849539549,ar_harmonic,0.19562149299605333,-0.8972281314888892,6.02169992891558,iho_interior,2020-2022
30,2889,-0.014513988503368115,ar_harmonic,0.19562149299605333,-0.8972281314888892,6.02169992891558,iho_interior,2020-2022
1,2920,0.3711407032489777,ar_harmonic_trend,0.21280684017107643,-0.9232374806270907,5.404577218679956,iho_interior,2020-2022
7,2914,-0.05484200461642959,ar_harmonic_trend,0.21280684017107643,-0.9232374806270907,5.404577218679956,iho_interior,2020-2022
30,2891,-0.016208130384072914,ar_harmonic_trend,0.21280684017107643,-0.9232374806270907,5.404577218679956,iho_interior,2020-2022
1,2907,0.03246442312542839,ridge_harmonic_trend,0.19440949198517046,-0.9186875908211058,6.012115750946734,iho_interior,2020-2022
7,2901,-0.00464268471578718,ridge_harmonic_trend,0.19440949198517046,-0.9186875908211058,6.012115750946734,iho_interior,2020-2022
30,2878,-0.02059694134476259,ridge_harmonic_trend,0.19440949198517046,-0.9186875908211058,6.012115750946734,iho_interior,2020-2022
1,3650,0.36895502282404663,ar_day,0.19934667340286405,-0.7255380348474711,4.185017554983718,iho_interior,2023-2025
7,3644,-0.05875022487202599,ar_day,0.19934667340286405,-0.7255380348474711,4.185017554983718,iho_interior,2023-2025
30,3621,-0.009541973111471185,ar_day,0.19934667340286405,-0.7255380348474711,4.185017554983718,iho_interior,2023-2025
1,3650,0.37461637024432104,ar_harmonic,0.21045202634175386,-0.8701616325225733,4.930567169692964,iho_interior,2023-2025
7,3644,-0.050102860189126915,ar_harmonic,0.21045202634175386,-0.8701616325225733,4.930567169692964,iho_interior,2023-2025
30,3621,-0.018785968277185514,ar_harmonic,0.21045202634175386,-0.8701616325225733,4.930567169692964,iho_interior,2023-2025
1,3650,0.3766331706897134,ar_harmonic_trend,0.21008650125707987,-0.8579027524946805,4.901608163713917,iho_interior,2023-2025
7,3644,-0.04852728849904366,ar_harmonic_trend,0.21008650125707987,-0.8579027524946805,4.901608163713917,iho_interior,2023-2025
30,3621,-0.01969476427300711,ar_harmonic_trend,0.21008650125707987,-0.8579027524946805,4.901608163713917,iho_interior,2023-2025
1,3637,0.03506656577867191,ridge_harmonic_trend,0.1915227148112231,-0.8438854802436299,5.466438011472977,iho_interior,2023-2025
7,3631,-0.003751248530142678,ridge_harmonic_trend,0.1915227148112231,-0.8438854802436299,5.466438011472977,iho_interior,2023-2025
30,3608,-0.01818997850680742,ridge_harmonic_trend,0.1915227148112231,-0.8438854802436299,5.466438011472977,iho_interior,2023-2025
