model,horizon_days,year,n,mae,rmse,bias_celsius,coverage_calibrated,domain,fold
climatology,1,2017,365,0.9926662745541089,1.2066105307146417,-0.8770149113380745,0.7835616438356164,iho_yellow_sea,2017-2019
climatology,1,2018,365,0.7861242516400063,1.0342545054333852,-0.4948412006848479,0.9178082191780822,iho_yellow_sea,2017-2019
climatology,1,2019,365,0.7614736086701693,0.8401218646269547,-0.6729330167378464,0.9726027397260274,iho_yellow_sea,2017-2019
persistence,1,2017,365,0.16232110637508027,0.21698717562725442,0.0011257119374732448,0.9643835616438357,iho_yellow_sea,2017-2019
persistence,1,2018,365,0.15284219637309035,0.2029101795726346,-4.1496590392230307e-05,0.9698630136986301,iho_yellow_sea,2017-2019
persistence,1,2019,365,0.14691600799560547,0.19372081901647303,-0.0019367923475291631,0.9698630136986301,iho_yellow_sea,2017-2019
raw_persistence,1,2017,365,0.17902561344512521,0.23746557252387038,0.0011257145088165998,0.9643835616438357,iho_yellow_sea,2017-2019
raw_persistence,1,2018,365,0.18038252085855563,0.22990314518363408,-4.1496590711176395e-05,0.9643835616438357,iho_yellow_sea,2017-2019
raw_persistence,1,2019,365,0.17308539299115744,0.22291479609013007,-0.0019367897184565663,0.9726027397260274,iho_yellow_sea,2017-2019
trend_seasonal,1,2017,365,0.6808434275859407,0.8473466909042158,0.3111192937010551,0.9780821917808219,iho_yellow_sea,2017-2019
trend_seasonal,1,2018,365,1.1311018340710453,1.3218237375175974,0.9307192220062791,0.7753424657534247,iho_yellow_sea,2017-2019
trend_seasonal,1,2019,365,1.0059989717919275,1.1141207767214854,0.9900536236052777,0.9041095890410958,iho_yellow_sea,2017-2019
ar_day,1,2017,365,0.1474046554852978,0.19924501660349211,-0.026459498079715312,0.9671232876712329,iho_yellow_sea,2017-2019
ar_day,1,2018,365,0.14417671706114463,0.18761274629464703,-0.015138490212840935,0.9753424657534246,iho_yellow_sea,2017-2019
ar_day,1,2019,365,0.13350627330709833,0.1781065840961077,-0.0221078124714747,0.9753424657534246,iho_yellow_sea,2017-2019
ar_harmonic,1,2017,365,0.13169123978140007,0.18240400321222214,-0.023799720295435964,0.9726027397260274,iho_yellow_sea,2017-2019
ar_harmonic,1,2018,365,0.12686448913729215,0.171035028330988,-0.014147904601463467,0.9780821917808219,iho_yellow_sea,2017-2019
ar_harmonic,1,2019,365,0.12609143658010655,0.1653995723091393,-0.020329034338314053,0.9780821917808219,iho_yellow_sea,2017-2019
ar_harmonic_trend,1,2017,365,0.13148034528786232,0.18435563314525183,0.01416514406259577,0.9726027397260274,iho_yellow_sea,2017-2019
ar_harmonic_trend,1,2018,365,0.1322098190887709,0.17431456401269593,0.0395082603815609,0.9808219178082191,iho_yellow_sea,2017-2019
ar_harmonic_trend,1,2019,365,0.12362629212400209,0.16869376491343702,0.04064459938329974,0.9835616438356164,iho_yellow_sea,2017-2019
ridge_harmonic_trend,1,2017,365,0.12980432177375278,0.18194884879308287,0.01304482647591289,0.9726027397260274,iho_yellow_sea,2017-2019
ridge_harmonic_trend,1,2018,365,0.13161103545505864,0.1742110140150329,0.03488213334710959,0.9780821917808219,iho_yellow_sea,2017-2019
ridge_harmonic_trend,1,2019,365,0.12367755126403851,0.16808007748361803,0.03597509690117393,0.9835616438356164,iho_yellow_sea,2017-2019
climatology,7,2017,365,0.9926662745541089,1.2066105307146417,-0.8770149113380745,0.7835616438356164,iho_yellow_sea,2017-2019
climatology,7,2018,365,0.7861242516400063,1.0342545054333852,-0.4948412006848479,0.9178082191780822,iho_yellow_sea,2017-2019
climatology,7,2019,365,0.7614736086701693,0.8401218646269547,-0.6729330167378464,0.9726027397260274,iho_yellow_sea,2017-2019
persistence,7,2017,365,0.503403755083476,0.6578785573474764,0.007316625934757599,0.9561643835616438,iho_yellow_sea,2017-2019
persistence,7,2018,365,0.514933348355228,0.662680111735477,-0.010141511159400417,0.9643835616438357,iho_yellow_sea,2017-2019
persistence,7,2019,365,0.4264578074625094,0.5633936073827319,-0.011385081565543397,0.9780821917808219,iho_yellow_sea,2017-2019
raw_persistence,7,2017,365,0.8892217087419065,1.053462938130643,0.007316631264984608,0.9671232876712329,iho_yellow_sea,2017-2019
raw_persistence,7,2018,365,0.9583361743247673,1.1252838902689062,-0.010141472332179546,0.9534246575342465,iho_yellow_sea,2017-2019
raw_persistence,7,2019,365,0.8555313136479626,0.999785506110624,-0.011385084129869938,0.9780821917808219,iho_yellow_sea,2017-2019
trend_seasonal,7,2017,365,0.6808434275859407,0.8473466909042158,0.3111192937010551,0.9780821917808219,iho_yellow_sea,2017-2019
trend_seasonal,7,2018,365,1.1311018340710453,1.3218237375175974,0.9307192220062791,0.7753424657534247,iho_yellow_sea,2017-2019
trend_seasonal,7,2019,365,1.0059989717919275,1.1141207767214854,0.9900536236052777,0.9041095890410958,iho_yellow_sea,2017-2019
ar_day,7,2017,365,0.5069886966976775,0.6495111523728382,-0.23649031082541608,0.9753424657534246,iho_yellow_sea,2017-2019
ar_day,7,2018,365,0.4996605482404556,0.6314903584278019,-0.14177316409569776,0.9753424657534246,iho_yellow_sea,2017-2019
ar_day,7,2019,365,0.4294947074597061,0.5353100554118266,-0.19275585072608342,0.9917808219178083,iho_yellow_sea,2017-2019
ar_harmonic,7,2017,365,0.42457437394724484,0.558543857073339,-0.20278639063406612,0.9753424657534246,iho_yellow_sea,2017-2019
ar_harmonic,7,2018,365,0.481601228242668,0.6416108580176033,-0.1277689931133072,0.9534246575342465,iho_yellow_sea,2017-2019
ar_harmonic,7,2019,365,0.4041621247446577,0.5061063661249157,-0.1681320760597603,0.989041095890411,iho_yellow_sea,2017-2019
ar_harmonic_trend,7,2017,365,0.44626736536676825,0.5645523858569117,0.11825824927361495,0.9726027397260274,iho_yellow_sea,2017-2019
ar_harmonic_trend,7,2018,365,0.5567531164031898,0.7011894717051792,0.3295854740582766,0.9452054794520548,iho_yellow_sea,2017-2019
ar_harmonic_trend,7,2019,365,0.4611737194468016,0.5893126131974639,0.3495769545260379,0.9506849315068493,iho_yellow_sea,2017-2019
ridge_harmonic_trend,7,2017,365,0.4264098185913141,0.5393057275634184,0.10427050349549255,0.9726027397260274,iho_yellow_sea,2017-2019
ridge_harmonic_trend,7,2018,365,0.5362075157202253,0.6868743059779129,0.2762609656872194,0.947945205479452,iho_yellow_sea,2017-2019
ridge_harmonic_trend,7,2019,365,0.43042054541706454,0.5570146503234908,0.29647580978548915,0.9726027397260274,iho_yellow_sea,2017-2019
climatology,30,2017,365,0.9926662745541089,1.2066105307146417,-0.8770149113380745,0.7835616438356164,iho_yellow_sea,2017-2019
climatology,30,2018,365,0.7861242516400063,1.0342545054333852,-0.4948412006848479,0.9178082191780822,iho_yellow_sea,2017-2019
climatology,30,2019,365,0.7614736086701693,0.8401218646269547,-0.6729330167378464,0.9726027397260274,iho_yellow_sea,2017-2019
persistence,30,2017,365,0.6500816162318399,0.8272915892309174,0.04373440677172517,0.9945205479452055,iho_yellow_sea,2017-2019
persistence,30,2018,365,0.8853801622782668,1.0975938333427244,-0.09285189484896725,0.947945205479452,iho_yellow_sea,2017-2019
persistence,30,2019,365,0.5241740239809637,0.7269435117095228,0.016185661211405716,0.9780821917808219,iho_yellow_sea,2017-2019
raw_persistence,30,2017,365,3.4544995111961887,3.787488275806451,0.04373444989323616,0.9808219178082191,iho_yellow_sea,2017-2019
raw_persistence,30,2018,365,3.724792433438236,4.014602780677863,-0.09285198897123337,0.9205479452054794,iho_yellow_sea,2017-2019
raw_persistence,30,2019,365,3.375687782078573,3.6971163418070256,0.016185645014047623,1.0,iho_yellow_sea,2017-2019
trend_seasonal,30,2017,365,0.6808434275859407,0.8473466909042158,0.3111192937010551,0.9780821917808219,iho_yellow_sea,2017-2019
trend_seasonal,30,2018,365,1.1311018340710453,1.3218237375175974,0.9307192220062791,0.7753424657534247,iho_yellow_sea,2017-2019
trend_seasonal,30,2019,365,1.0059989717919275,1.1141207767214854,0.9900536236052777,0.9041095890410958,iho_yellow_sea,2017-2019
ar_day,30,2017,365,0.7898498765498747,1.0005427150672979,-0.6515290845657637,0.8821917808219178,iho_yellow_sea,2017-2019
ar_day,30,2018,365,0.708672347292758,0.9555841312304733,-0.39171860358997307,0.936986301369863,iho_yellow_sea,2017-2019
ar_day,30,2019,365,0.6256106967648881,0.7243158325021978,-0.5023904413432361,0.9863013698630136,iho_yellow_sea,2017-2019
ar_harmonic,30,2017,365,0.6907693103021186,0.8628322645800928,-0.5379021860015045,0.9561643835616438,iho_yellow_sea,2017-2019
ar_harmonic,30,2018,365,0.686673326123986,0.984549445870913,-0.34038599946634557,0.9424657534246575,iho_yellow_sea,2017-2019
ar_harmonic,30,2019,365,0.5613398545733672,0.6930788184687544,-0.41485030186503385,0.9808219178082191,iho_yellow_sea,2017-2019
ar_harmonic_trend,30,2017,365,0.6416017632137008,0.7852002980130822,0.27533732832916036,0.9945205479452055,iho_yellow_sea,2017-2019
ar_harmonic_trend,30,2018,365,1.0215885520093422,1.2125186550230926,0.7885926646330521,0.8273972602739726,iho_yellow_sea,2017-2019
ar_harmonic_trend,30,2019,365,0.8864419779460072,1.0024729257361251,0.8546432631063888,0.9315068493150684,iho_yellow_sea,2017-2019
ridge_harmonic_trend,30,2017,365,0.6153326804689222,0.7453982675764431,0.2472232534835775,0.9945205479452055,iho_yellow_sea,2017-2019
ridge_harmonic_trend,30,2018,365,0.9450876262207122,1.1401933314314614,0.6740396118820355,0.8767123287671232,iho_yellow_sea,2017-2019
ridge_harmonic_trend,30,2019,365,0.7938272078250729,0.9207445624882029,0.7470166859292209,0.9534246575342465,iho_yellow_sea,2017-2019
climatology,1,2020,366,0.8449131699859119,0.9846813520394353,-0.4658747292607208,0.7978142076502732,iho_yellow_sea,2020-2022
climatology,1,2021,365,0.9263726913765685,1.1060434413080482,-0.8457119863327235,0.6794520547945205,iho_yellow_sea,2020-2022
climatology,1,2022,365,0.8697416906487452,0.9878265119122338,-0.6782850552911628,0.7479452054794521,iho_yellow_sea,2020-2022
persistence,1,2020,366,0.135948118616323,0.18911740020472856,0.0011141391399779605,0.9453551912568307,iho_yellow_sea,2020-2022
persistence,1,2021,365,0.13672056851321704,0.17855077611793782,-0.0025423049926757814,0.9616438356164384,iho_yellow_sea,2020-2022
persistence,1,2022,365,0.1255873092233318,0.16500350509408718,0.0033115125682255993,0.9616438356164384,iho_yellow_sea,2020-2022
raw_persistence,1,2020,366,0.1582488518595044,0.20489093462221492,0.001114139100536704,0.9699453551912568,iho_yellow_sea,2020-2022
raw_persistence,1,2021,365,0.15531151915249758,0.20497899784690005,-0.00254230503924191,0.9561643835616438,iho_yellow_sea,2020-2022
raw_persistence,1,2022,365,0.14809040435372967,0.18892571689596246,0.003311512526124716,0.9726027397260274,iho_yellow_sea,2020-2022
trend_seasonal,1,2020,366,0.7979312472084986,1.1001434182364467,0.6955045127367051,0.8469945355191257,iho_yellow_sea,2020-2022
trend_seasonal,1,2021,365,0.6834646838186004,0.8413935451367849,0.49444712211935155,0.9424657534246575,iho_yellow_sea,2020-2022
trend_seasonal,1,2022,365,0.87174192198299,1.106446109069173,0.8404322472997771,0.8575342465753425,iho_yellow_sea,2020-2022
ar_day,1,2020,366,0.12500849549602763,0.17129251001774004,-0.012999013185080123,0.9590163934426229,iho_yellow_sea,2020-2022
ar_day,1,2021,365,0.12257230843543479,0.15760981276531405,-0.027041376668245923,0.9698630136986301,iho_yellow_sea,2020-2022
ar_day,1,2022,365,0.10922787427764764,0.1422760747353064,-0.01794244508121515,0.9808219178082191,iho_yellow_sea,2020-2022
ar_harmonic,1,2020,366,0.11213510188768974,0.15439314704386395,-0.015113975131548142,0.9590163934426229,iho_yellow_sea,2020-2022
ar_harmonic,1,2021,365,0.11194525695151705,0.14519422433561724,-0.030581793815530365,0.9643835616438357,iho_yellow_sea,2020-2022
ar_harmonic,1,2022,365,0.095659938398796,0.1257571658372471,-0.021029715820831855,0.9726027397260274,iho_yellow_sea,2020-2022
ar_harmonic_trend,1,2020,366,0.12088569287840681,0.17247362196897176,0.027262664549477122,0.9672131147540983,iho_yellow_sea,2020-2022
ar_harmonic_trend,1,2021,365,0.12469521653741511,0.16457085241987632,0.016266892987606016,0.9561643835616438,iho_yellow_sea,2020-2022
ar_harmonic_trend,1,2022,365,0.109842412726408,0.14800998665849732,0.034766724055545276,0.9698630136986301,iho_yellow_sea,2020-2022
ridge_harmonic_trend,1,2020,366,0.11131188014797844,0.1580458456709987,0.029506486047161384,0.9644808743169399,iho_yellow_sea,2020-2022
ridge_harmonic_trend,1,2021,365,0.10586778495903702,0.142973698465682,0.018611677471000475,0.9643835616438357,iho_yellow_sea,2020-2022
ridge_harmonic_trend,1,2022,365,0.09533440951447918,0.130497083042384,0.03713326330057598,0.9698630136986301,iho_yellow_sea,2020-2022
climatology,7,2020,366,0.8449131699859119,0.9846813520394353,-0.4658747292607208,0.7978142076502732,iho_yellow_sea,2020-2022
climatology,7,2021,365,0.9263726913765685,1.1060434413080482,-0.8457119863327235,0.6794520547945205,iho_yellow_sea,2020-2022
climatology,7,2022,365,0.8697416906487452,0.9878265119122338,-0.6782850552911628,0.7479452054794521,iho_yellow_sea,2020-2022
persistence,7,2020,366,0.4398724785267981,0.5840954316859692,0.005721131309134061,0.9453551912568307,iho_yellow_sea,2020-2022
persistence,7,2021,365,0.5064884708352285,0.6199686440541382,-0.0099639892578125,0.9452054794520548,iho_yellow_sea,2020-2022
persistence,7,2022,365,0.43993606567382815,0.5577744809324853,0.017548362522909085,0.9616438356164384,iho_yellow_sea,2020-2022
raw_persistence,7,2020,366,0.8156986887989148,0.9585928848051766,0.005721149500459433,0.9508196721311475,iho_yellow_sea,2020-2022
raw_persistence,7,2021,365,0.8366426598535825,1.0394317156615118,-0.0099639892578125,0.9205479452054794,iho_yellow_sea,2020-2022
raw_persistence,7,2022,365,0.8682839354423627,0.9944172053875859,0.01754838041961193,0.9506849315068493,iho_yellow_sea,2020-2022
trend_seasonal,7,2020,366,0.7979312472084986,1.1001434182364467,0.6955045127367051,0.8469945355191257,iho_yellow_sea,2020-2022
trend_seasonal,7,2021,365,0.6834646838186004,0.8413935451367849,0.49444712211935155,0.9424657534246575,iho_yellow_sea,2020-2022
trend_seasonal,7,2022,365,0.87174192198299,1.106446109069173,0.8404322472997771,0.8575342465753425,iho_yellow_sea,2020-2022
ar_day,7,2020,366,0.4361258572252458,0.5604636238414306,-0.11195040430977281,0.9180327868852459,iho_yellow_sea,2020-2022
ar_day,7,2021,365,0.48008765640806333,0.6018129487125968,-0.22098309659021237,0.8958904109589041,iho_yellow_sea,2020-2022
ar_day,7,2022,365,0.42162468028121436,0.5318726001889867,-0.15695365190749933,0.9260273972602739,iho_yellow_sea,2020-2022
ar_harmonic,7,2020,366,0.414514298212059,0.530039563681566,-0.13182894280705332,0.9262295081967213,iho_yellow_sea,2020-2022
ar_harmonic,7,2021,365,0.4589487109202423,0.5858887802946153,-0.25441051374514456,0.9178082191780822,iho_yellow_sea,2020-2022
ar_harmonic,7,2022,365,0.40418737847001074,0.5127360910424018,-0.18649745349607694,0.9424657534246575,iho_yellow_sea,2020-2022
ar_harmonic_trend,7,2020,366,0.3914633910948947,0.5387228524550606,0.16816588303155824,0.9426229508196722,iho_yellow_sea,2020-2022
ar_harmonic_trend,7,2021,365,0.44065644930720776,0.5477796508711914,0.10929589646311906,0.9643835616438357,iho_yellow_sea,2020-2022
ar_harmonic_trend,7,2022,365,0.40084279356702174,0.5266416731448449,0.2110005966498354,0.9616438356164384,iho_yellow_sea,2020-2022
ridge_harmonic_trend,7,2020,366,0.4212686561743752,0.5782718078939918,0.23375802940903406,0.9316939890710383,iho_yellow_sea,2020-2022
ridge_harmonic_trend,7,2021,365,0.43759985353118463,0.5481645503346987,0.15609585383090208,0.9561643835616438,iho_yellow_sea,2020-2022
ridge_harmonic_trend,7,2022,365,0.4310862178098007,0.5615661539957261,0.29164564472853527,0.9534246575342465,iho_yellow_sea,2020-2022
climatology,30,2020,366,0.8449131699859119,0.9846813520394353,-0.4658747292607208,0.7978142076502732,iho_yellow_sea,2020-2022
climatology,30,2021,365,0.9263726913765685,1.1060434413080482,-0.8457119863327235,0.6794520547945205,iho_yellow_sea,2020-2022
climatology,30,2022,365,0.8697416906487452,0.9878265119122338,-0.6782850552911628,0.7479452054794521,iho_yellow_sea,2020-2022
persistence,30,2020,366,0.7976718001026925,1.027520468381974,-0.014774319904098094,0.8442622950819673,iho_yellow_sea,2020-2022
persistence,30,2021,365,0.766713312227432,0.9211110348591359,-0.06097003205181801,0.8958904109589041,iho_yellow_sea,2020-2022
persistence,30,2022,365,0.6549050004514929,0.8705266271234096,0.05631050214375535,0.8712328767123287,iho_yellow_sea,2020-2022
raw_persistence,30,2020,366,3.125732682441753,3.463449675224827,-0.014774218201637268,0.9262295081967213,iho_yellow_sea,2020-2022
raw_persistence,30,2021,365,3.334641819784086,3.7256515106739134,-0.06097014993429184,0.9260273972602739,iho_yellow_sea,2020-2022
raw_persistence,30,2022,365,3.3689624525096318,3.6833249847475713,0.056310493499040604,0.9287671232876712,iho_yellow_sea,2020-2022
trend_seasonal,30,2020,366,0.7979312472084986,1.1001434182364467,0.6955045127367051,0.8469945355191257,iho_yellow_sea,2020-2022
trend_seasonal,30,2021,365,0.6834646838186004,0.8413935451367849,0.49444712211935155,0.9424657534246575,iho_yellow_sea,2020-2022
trend_seasonal,30,2022,365,0.87174192198299,1.106446109069173,0.8404322472997771,0.8575342465753425,iho_yellow_sea,2020-2022
ar_day,30,2020,366,0.7452266147338751,0.8896126503707049,-0.3242860395374317,0.855191256830601,iho_yellow_sea,2020-2022
ar_day,30,2021,365,0.7762342185193382,0.9373498218861364,-0.6061280934523154,0.8027397260273973,iho_yellow_sea,2020-2022
ar_day,30,2022,365,0.6765776569536478,0.8204382088812515,-0.4533865289121469,0.8438356164383561,iho_yellow_sea,2020-2022
ar_harmonic,30,2020,366,0.761102080455538,0.8903405784292856,-0.3635907090850489,0.8415300546448088,iho_yellow_sea,2020-2022
ar_harmonic,30,2021,365,0.785615624665894,0.9548602742787043,-0.6723890116618281,0.7726027397260274,iho_yellow_sea,2020-2022
ar_harmonic,30,2022,365,0.7487408602830948,0.8554909658111834,-0.5156538718160553,0.8849315068493151,iho_yellow_sea,2020-2022
ar_harmonic_trend,30,2020,366,0.6755949760688652,0.9339698886357186,0.4697395345517543,0.8688524590163934,iho_yellow_sea,2020-2022
ar_harmonic_trend,30,2021,365,0.61583145326038,0.754040458057298,0.3183756658706745,0.9315068493150684,iho_yellow_sea,2020-2022
ar_harmonic_trend,30,2022,365,0.6897569320838615,0.9044100257043924,0.5909718369770885,0.8712328767123287,iho_yellow_sea,2020-2022
ridge_harmonic_trend,30,2020,366,0.6961518509339475,0.9727777704820406,0.5358771118215446,0.8661202185792349,iho_yellow_sea,2020-2022
ridge_harmonic_trend,30,2021,365,0.6285398968111894,0.7704008532604341,0.37056072725202704,0.947945205479452,iho_yellow_sea,2020-2022
ridge_harmonic_trend,30,2022,365,0.7333485602406817,0.9577077381504162,0.6648036984409634,0.8657534246575342,iho_yellow_sea,2020-2022
climatology,1,2023,365,1.005067125085282,1.134065170103997,-0.997193401806975,0.8821917808219178,iho_yellow_sea,2023-2025
climatology,1,2024,366,1.4588628114898348,1.662913807058412,-1.4554644060916588,0.674863387978142,iho_yellow_sea,2023-2025
climatology,1,2025,365,1.168644119942025,1.4491775006499101,-1.0706330194865188,0.7315068493150685,iho_yellow_sea,2023-2025
persistence,1,2023,365,0.12356521136140171,0.16092802323884808,-0.00032617490585536173,0.9534246575342465,iho_yellow_sea,2023-2025
persistence,1,2024,366,0.13477058619097934,0.17473843325864635,-0.0031199559487931714,0.9453551912568307,iho_yellow_sea,2023-2025
persistence,1,2025,365,0.11491915559115475,0.15679732677524416,-0.0002480572217131314,0.9561643835616438,iho_yellow_sea,2023-2025
raw_persistence,1,2023,365,0.15483940333536225,0.20103593880621762,-0.00032617489341646433,0.9260273972602739,iho_yellow_sea,2023-2025
raw_persistence,1,2024,366,0.15838372121091748,0.1992259945287307,-0.0031199611257761717,0.9426229508196722,iho_yellow_sea,2023-2025
raw_persistence,1,2025,365,0.150129448877622,0.19523079294213896,-0.000248057214776054,0.9452054794520548,iho_yellow_sea,2023-2025
trend_seasonal,1,2023,365,0.4731196267523134,0.6081643260775687,0.06608564648239518,1.0,iho_yellow_sea,2023-2025
trend_seasonal,1,2024,366,0.679584768816873,0.8784166684722355,-0.26719410085112005,0.9726775956284153,iho_yellow_sea,2023-2025
trend_seasonal,1,2025,365,0.8005520409046106,0.9692619920362248,0.2430018535500689,0.9863013698630136,iho_yellow_sea,2023-2025
ar_day,1,2023,365,0.12509619460969323,0.16168717845793829,-0.02748029189067818,0.947945205479452,iho_yellow_sea,2023-2025
ar_day,1,2024,366,0.13877379088093417,0.17855145157970143,-0.042877654825734086,0.9344262295081968,iho_yellow_sea,2023-2025
ar_day,1,2025,365,0.1202172375130917,0.15970199197217616,-0.02943649502632262,0.9561643835616438,iho_yellow_sea,2023-2025
ar_harmonic,1,2023,365,0.11973149898251452,0.15640175091986172,-0.028258355176442467,0.9068493150684932,iho_yellow_sea,2023-2025
ar_harmonic,1,2024,366,0.12227053781400914,0.15918577904368636,-0.04403667484790124,0.9262295081967213,iho_yellow_sea,2023-2025
ar_harmonic,1,2025,365,0.11123121930991882,0.1460620539560741,-0.030274521214113274,0.947945205479452,iho_yellow_sea,2023-2025
ar_harmonic_trend,1,2023,365,0.11688314035863165,0.15390084630699713,0.0024455781859690985,0.915068493150685,iho_yellow_sea,2023-2025
ar_harmonic_trend,1,2024,366,0.1149825829297699,0.1537856362977007,-0.011867549431331576,0.9234972677595629,iho_yellow_sea,2023-2025
ar_harmonic_trend,1,2025,365,0.10684889696585989,0.14389837561934318,0.008687525644855766,0.947945205479452,iho_yellow_sea,2023-2025
ridge_harmonic_trend,1,2023,365,0.09509095568354074,0.12730983309652444,0.002842870164186852,0.9534246575342465,iho_yellow_sea,2023-2025
ridge_harmonic_trend,1,2024,366,0.09776356605401045,0.13026072074184847,-0.012378897163508302,0.953551912568306,iho_yellow_sea,2023-2025
ridge_harmonic_trend,1,2025,365,0.09271741548405342,0.12601863237392086,0.009793620359624538,0.9561643835616438,iho_yellow_sea,2023-2025
climatology,7,2023,365,1.005067125085282,1.134065170103997,-0.997193401806975,0.8821917808219178,iho_yellow_sea,2023-2025
climatology,7,2024,366,1.4588628114898348,1.662913807058412,-1.4554644060916588,0.674863387978142,iho_yellow_sea,2023-2025
climatology,7,2025,365,1.168644119942025,1.4491775006499101,-1.0706330194865188,0.7315068493150685,iho_yellow_sea,2023-2025
persistence,7,2023,365,0.4642954264601616,0.5767732525109424,0.0034855280836967573,0.9424657534246575,iho_yellow_sea,2023-2025
persistence,7,2024,366,0.5009328732725049,0.6374940310831848,-0.02491746704435088,0.912568306010929,iho_yellow_sea,2023-2025
persistence,7,2025,365,0.43521017048456895,0.620449105543802,0.002354028780166417,0.915068493150685,iho_yellow_sea,2023-2025
raw_persistence,7,2023,365,0.9167605778942369,1.0758545870199738,0.003485504537820816,0.9260273972602739,iho_yellow_sea,2023-2025
raw_persistence,7,2024,366,0.912610155637147,1.0768235885654385,-0.024917498230934143,0.9180327868852459,iho_yellow_sea,2023-2025
raw_persistence,7,2025,365,0.9043806049921741,1.100770839080038,0.002354054944589734,0.9095890410958904,iho_yellow_sea,2023-2025
trend_seasonal,7,2023,365,0.4731196267523134,0.6081643260775687,0.06608564648239518,1.0,iho_yellow_sea,2023-2025
trend_seasonal,7,2024,366,0.679584768816873,0.8784166684722355,-0.26719410085112005,0.9726775956284153,iho_yellow_sea,2023-2025
trend_seasonal,7,2025,365,0.8005520409046106,0.9692619920362248,0.2430018535500689,0.9863013698630136,iho_yellow_sea,2023-2025
ar_day,7,2023,365,0.4264291062927153,0.5597161002869063,-0.1722018716989364,0.936986301369863,iho_yellow_sea,2023-2025
ar_day,7,2024,366,0.5190998746631859,0.6514273057494692,-0.2772674988433267,0.8989071038251366,iho_yellow_sea,2023-2025
ar_day,7,2025,365,0.4439153650817471,0.6175076027628489,-0.1862287959998516,0.9315068493150684,iho_yellow_sea,2023-2025
ar_harmonic,7,2023,365,0.437746548505341,0.5727941276949902,-0.1767993234461095,0.9260273972602739,iho_yellow_sea,2023-2025
ar_harmonic,7,2024,366,0.49368277346883455,0.638398931990708,-0.28399451977942525,0.9153005464480874,iho_yellow_sea,2023-2025
ar_harmonic,7,2025,365,0.42971812366088163,0.5802848325968263,-0.1911742338349031,0.9397260273972603,iho_yellow_sea,2023-2025
ar_harmonic_trend,7,2023,365,0.426776734928559,0.5395277821726477,0.019919299129063157,0.9315068493150684,iho_yellow_sea,2023-2025
ar_harmonic_trend,7,2024,366,0.4325955177064376,0.5729796899782019,-0.07552871318369243,0.9344262295081968,iho_yellow_sea,2023-2025
ar_harmonic_trend,7,2025,365,0.3909241090370599,0.5514282423921988,0.057942020168677534,0.936986301369863,iho_yellow_sea,2023-2025
ridge_harmonic_trend,7,2023,365,0.4096928716404635,0.5199036825744748,0.02659160071977969,0.9232876712328767,iho_yellow_sea,2023-2025
ridge_harmonic_trend,7,2024,366,0.43671135283742235,0.5801575746272405,-0.09958774292042169,0.9180327868852459,iho_yellow_sea,2023-2025
ridge_harmonic_trend,7,2025,365,0.4096533945064086,0.5620825789855929,0.08175690038401372,0.9260273972602739,iho_yellow_sea,2023-2025
climatology,30,2023,365,1.005067125085282,1.134065170103997,-0.997193401806975,0.8821917808219178,iho_yellow_sea,2023-2025
climatology,30,2024,366,1.4588628114898348,1.662913807058412,-1.4554644060916588,0.674863387978142,iho_yellow_sea,2023-2025
climatology,30,2025,365,1.168644119942025,1.4491775006499101,-1.0706330194865188,0.7315068493150685,iho_yellow_sea,2023-2025
persistence,30,2023,365,0.546058667849188,0.6753611412493972,0.01863728875983251,1.0,iho_yellow_sea,2023-2025
persistence,30,2024,366,0.8205558120227251,1.0334478088123338,-0.06979061866718564,0.9207650273224044,iho_yellow_sea,2023-2025
persistence,30,2025,365,0.777754903819463,1.0180460943047869,0.023960696181205852,0.9178082191780822,iho_yellow_sea,2023-2025
raw_persistence,30,2023,365,3.57715596760789,3.9086741845567348,0.018637169152498245,0.9095890410958904,iho_yellow_sea,2023-2025
raw_persistence,30,2024,366,3.526477816326371,3.9472729546208747,-0.06979069858789444,0.8907103825136612,iho_yellow_sea,2023-2025
raw_persistence,30,2025,365,3.629945543367569,4.085863186309786,0.023960813879966736,0.7863013698630137,iho_yellow_sea,2023-2025
trend_seasonal,30,2023,365,0.4731196267523134,0.6081643260775687,0.06608564648239518,1.0,iho_yellow_sea,2023-2025
trend_seasonal,30,2024,366,0.679584768816873,0.8784166684722355,-0.26719410085112005,0.9726775956284153,iho_yellow_sea,2023-2025
trend_seasonal,30,2025,365,0.8005520409046106,0.9692619920362248,0.2430018535500689,0.9863013698630136,iho_yellow_sea,2023-2025
ar_day,30,2023,365,0.6339876015283173,0.7735546108128624,-0.5506026616312213,0.9397260273972603,iho_yellow_sea,2023-2025
ar_day,30,2024,366,0.9356736131542388,1.1697563255982741,-0.8495014627504703,0.8005464480874317,iho_yellow_sea,2023-2025
ar_day,30,2025,365,0.810679450673608,1.0495451613308295,-0.5901018409330862,0.8410958904109589,iho_yellow_sea,2023-2025
ar_harmonic,30,2023,365,0.667175556312976,0.860145485524656,-0.5608645611446625,0.9123287671232877,iho_yellow_sea,2023-2025
ar_harmonic,30,2024,366,0.9893586723916057,1.2261077528262627,-0.8639180797842675,0.8497267759562842,iho_yellow_sea,2023-2025
ar_harmonic,30,2025,365,0.7912631381551061,0.997460001312059,-0.6012075470416315,0.8657534246575342,iho_yellow_sea,2023-2025
ar_harmonic_trend,30,2023,365,0.4928552719498523,0.6421794879189141,0.055637102615538524,0.9808219178082191,iho_yellow_sea,2023-2025
ar_harmonic_trend,30,2024,366,0.6525873786086503,0.8742104867182825,-0.1931790077370021,0.9289617486338798,iho_yellow_sea,2023-2025
ar_harmonic_trend,30,2025,365,0.6497871345875763,0.8262478277981248,0.17336097548058166,0.9780821917808219,iho_yellow_sea,2023-2025
ridge_harmonic_trend,30,2023,365,0.47742777237736683,0.6209045508509204,0.06098865108919182,0.989041095890411,iho_yellow_sea,2023-2025
ridge_harmonic_trend,30,2024,366,0.6484429421783363,0.8623134538268665,-0.21674808444807822,0.953551912568306,iho_yellow_sea,2023-2025
ridge_harmonic_trend,30,2025,365,0.6929598085160493,0.8633718761124867,0.19829991890082474,0.9780821917808219,iho_yellow_sea,2023-2025
climatology,1,2017,365,0.9836803906584439,1.2057283193198427,-0.9159566278327002,0.852054794520548,original_pilot_box,2017-2019
climatology,1,2018,365,0.7541813014304801,0.9435414310910496,-0.514543184515548,0.9534246575342465,original_pilot_box,2017-2019
climatology,1,2019,365,0.7580833160713928,0.8332261649221623,-0.6823019458823008,1.0,original_pilot_box,2017-2019
persistence,1,2017,365,0.15201012859605764,0.20303301338000226,0.0008461965273504388,0.9643835616438357,original_pilot_box,2017-2019
persistence,1,2018,365,0.14798083370679047,0.2065957282194255,-0.00027289978445392766,0.947945205479452,original_pilot_box,2017-2019
persistence,1,2019,365,0.13783113401230068,0.19056153930814207,-0.0017337929712582941,0.958904109589041,original_pilot_box,2017-2019
raw_persistence,1,2017,365,0.16702077421423506,0.22598360849314672,0.0008461965480819345,0.9534246575342465,original_pilot_box,2017-2019
raw_persistence,1,2018,365,0.17368354013521378,0.22486999951724154,-0.0002728997787926346,0.9506849315068493,original_pilot_box,2017-2019
raw_persistence,1,2019,365,0.16363693394073067,0.21162695791862554,-0.0017337929457426071,0.9616438356164384,original_pilot_box,2017-2019
trend_seasonal,1,2017,365,0.6393934393303458,0.7781008698829975,-0.005000934755197547,0.958904109589041,original_pilot_box,2017-2019
trend_seasonal,1,2018,365,0.8165486292769704,1.0009662979037093,0.5784525181314298,0.8712328767123287,original_pilot_box,2017-2019
trend_seasonal,1,2019,365,0.6283144137215818,0.7818379464276097,0.5927337663341524,0.9315068493150684,original_pilot_box,2017-2019
ar_day,1,2017,365,0.1405314403561953,0.192348155046634,-0.027002359509390565,0.9671232876712329,original_pilot_box,2017-2019
ar_day,1,2018,365,0.13915155876684143,0.18364590008614154,-0.01550470738245421,0.9726027397260274,original_pilot_box,2017-2019
ar_day,1,2019,365,0.1262083180227176,0.17217457657366883,-0.021671884289048204,0.9698630136986301,original_pilot_box,2017-2019
ar_harmonic,1,2017,365,0.13148737637633084,0.18296045354969598,-0.030492960128543214,0.9671232876712329,original_pilot_box,2017-2019
ar_harmonic,1,2018,365,0.12426655710625602,0.16614717705107598,-0.01742681039416606,0.9780821917808219,original_pilot_box,2017-2019
ar_harmonic,1,2019,365,0.11957745817989361,0.160429622197223,-0.024234579655399588,0.9616438356164384,original_pilot_box,2017-2019
ar_harmonic_trend,1,2017,365,0.12759711858489525,0.18046725825903784,0.0006578791349451101,0.9726027397260274,original_pilot_box,2017-2019
ar_harmonic_trend,1,2018,365,0.12289924859038613,0.1668180539358425,0.022379665416475385,0.9780821917808219,original_pilot_box,2017-2019
ar_harmonic_trend,1,2019,365,0.11612702743728723,0.15983090337990113,0.021876373601141485,0.9671232876712329,original_pilot_box,2017-2019
ridge_harmonic_trend,1,2017,365,0.12656408342086425,0.1779833095423351,0.0010063987200550168,0.9726027397260274,original_pilot_box,2017-2019
ridge_harmonic_trend,1,2018,365,0.12289282850713447,0.16746257232959957,0.01924132209798741,0.9753424657534246,original_pilot_box,2017-2019
ridge_harmonic_trend,1,2019,365,0.11652448465540932,0.16110117093513024,0.018840722567823872,0.9643835616438357,original_pilot_box,2017-2019
climatology,7,2017,365,0.9836803906584439,1.2057283193198427,-0.9159566278327002,0.852054794520548,original_pilot_box,2017-2019
climatology,7,2018,365,0.7541813014304801,0.9435414310910496,-0.514543184515548,0.9534246575342465,original_pilot_box,2017-2019
climatology,7,2019,365,0.7580833160713928,0.8332261649221623,-0.6823019458823008,1.0,original_pilot_box,2017-2019
persistence,7,2017,365,0.46364109091562766,0.6010312029878159,0.006360035726468857,0.9452054794520548,original_pilot_box,2017-2019
persistence,7,2018,365,0.5265744143969392,0.6612107197574068,-0.010789474069255673,0.9287671232876712,original_pilot_box,2017-2019
persistence,7,2019,365,0.4208618582111515,0.5435147085456148,-0.009773677669159354,0.9643835616438357,original_pilot_box,2017-2019
raw_persistence,7,2017,365,0.8168610481366719,0.9873935944028137,0.006360009778290987,0.958904109589041,original_pilot_box,2017-2019
raw_persistence,7,2018,365,0.9057185212226763,1.051771062795837,-0.010789468884468079,0.958904109589041,original_pilot_box,2017-2019
raw_persistence,7,2019,365,0.7845453366841355,0.9283432013215307,-0.009773693047463894,0.9698630136986301,original_pilot_box,2017-2019
trend_seasonal,7,2017,365,0.6393934393303458,0.7781008698829975,-0.005000934755197547,0.958904109589041,original_pilot_box,2017-2019
trend_seasonal,7,2018,365,0.8165486292769704,1.0009662979037093,0.5784525181314298,0.8712328767123287,original_pilot_box,2017-2019
trend_seasonal,7,2019,365,0.6283144137215818,0.7818379464276097,0.5927337663341524,0.9315068493150684,original_pilot_box,2017-2019
ar_day,7,2017,365,0.47261794735379525,0.6064153133454905,-0.24212439213834908,0.958904109589041,original_pilot_box,2017-2019
ar_day,7,2018,365,0.49128415603791953,0.6205436059244669,-0.14479296334540714,0.9506849315068493,original_pilot_box,2017-2019
ar_day,7,2019,365,0.4192687154743051,0.520727057247776,-0.19005282388932526,0.9808219178082191,original_pilot_box,2017-2019
ar_harmonic,7,2017,365,0.4476578132384414,0.589476759197364,-0.2703802800009261,0.9534246575342465,original_pilot_box,2017-2019
ar_harmonic,7,2018,365,0.46736030581918525,0.6027105063289241,-0.1599417643703174,0.9534246575342465,original_pilot_box,2017-2019
ar_harmonic,7,2019,365,0.4217062182381196,0.5141699554337532,-0.21049878427051,0.9835616438356164,original_pilot_box,2017-2019
ar_harmonic_trend,7,2017,365,0.40578738946840426,0.5274012380732066,0.004196236376138578,0.9616438356164384,original_pilot_box,2017-2019
ar_harmonic_trend,7,2018,365,0.48037151736838113,0.6121294632069872,0.1892150193759288,0.936986301369863,original_pilot_box,2017-2019
ar_harmonic_trend,7,2019,365,0.38010874313324433,0.5034601534439563,0.19417623882868487,0.9671232876712329,original_pilot_box,2017-2019
ridge_harmonic_trend,7,2017,365,0.3897627895685589,0.5103349267719198,0.007614388964891563,0.9698630136986301,original_pilot_box,2017-2019
ridge_harmonic_trend,7,2018,365,0.46835427740317737,0.6078470370762145,0.15072114623624713,0.958904109589041,original_pilot_box,2017-2019
ridge_harmonic_trend,7,2019,365,0.3703332311848105,0.4873859032659182,0.1582690046146551,0.9835616438356164,original_pilot_box,2017-2019
climatology,30,2017,365,0.9836803906584439,1.2057283193198427,-0.9159566278327002,0.852054794520548,original_pilot_box,2017-2019
climatology,30,2018,365,0.7541813014304801,0.9435414310910496,-0.514543184515548,0.9534246575342465,original_pilot_box,2017-2019
climatology,30,2019,365,0.7580833160713928,0.8332261649221623,-0.6823019458823008,1.0,original_pilot_box,2017-2019
persistence,30,2017,365,0.5862615428558767,0.7649684069789826,0.04349701502551771,1.0,original_pilot_box,2017-2019
persistence,30,2018,365,0.8241158707501137,0.99623020657949,-0.09084917094609508,0.9863013698630136,original_pilot_box,2017-2019
persistence,30,2019,365,0.44982228475074243,0.6283687084403583,0.014757788671206121,1.0,original_pilot_box,2017-2019
raw_persistence,30,2017,365,3.243758705870746,3.5524604871562118,0.04349703714251518,0.9561643835616438,original_pilot_box,2017-2019
raw_persistence,30,2018,365,3.4052186965942384,3.675373008027851,-0.09084911644458771,0.9095890410958904,original_pilot_box,2017-2019
raw_persistence,30,2019,365,3.105961927649093,3.3783037363993995,0.014757798984646797,0.9808219178082191,original_pilot_box,2017-2019
trend_seasonal,30,2017,365,0.6393934393303458,0.7781008698829975,-0.005000934755197547,0.958904109589041,original_pilot_box,2017-2019
trend_seasonal,30,2018,365,0.8165486292769704,1.0009662979037093,0.5784525181314298,0.8712328767123287,original_pilot_box,2017-2019
trend_seasonal,30,2019,365,0.6283144137215818,0.7818379464276097,0.5927337663341524,0.9315068493150684,original_pilot_box,2017-2019
ar_day,30,2017,365,0.76867810291523,0.9791434146517045,-0.6730646654699949,0.9178082191780822,original_pilot_box,2017-2019
ar_day,30,2018,365,0.6913629327159961,0.8719339560421132,-0.4036743861038168,0.9643835616438357,original_pilot_box,2017-2019
ar_day,30,2019,365,0.6095348873978409,0.694181168966936,-0.504408289574012,1.0,original_pilot_box,2017-2019
ar_harmonic,30,2017,365,0.8005490613939105,1.0094008791394355,-0.7144556607724188,0.9397260273972603,original_pilot_box,2017-2019
ar_harmonic,30,2018,365,0.6782196851237896,0.9167322673182573,-0.42137151492855307,0.9452054794520548,original_pilot_box,2017-2019
ar_harmonic,30,2019,365,0.6448622254642438,0.7486663448050026,-0.5341521790449597,0.989041095890411,original_pilot_box,2017-2019
ar_harmonic_trend,30,2017,365,0.5957237550147784,0.727714929235017,0.004612628063106788,0.9698630136986301,original_pilot_box,2017-2019
ar_harmonic_trend,30,2018,365,0.761255452541208,0.9391413447910181,0.4708548538842167,0.9068493150684932,original_pilot_box,2017-2019
ar_harmonic_trend,30,2019,365,0.5613384640789015,0.7201622621668157,0.4997229989728277,0.9452054794520548,original_pilot_box,2017-2019
ridge_harmonic_trend,30,2017,365,0.573963297293024,0.7033195906628351,0.013648919893836091,0.9780821917808219,original_pilot_box,2017-2019
ridge_harmonic_trend,30,2018,365,0.7294913347020604,0.9082489011184957,0.38453944150557556,0.9095890410958904,original_pilot_box,2017-2019
ridge_harmonic_trend,30,2019,365,0.5206035988063269,0.6815548783498052,0.4266325845836217,0.9616438356164384,original_pilot_box,2017-2019
climatology,1,2020,366,0.8648392411529041,1.0165096582049404,-0.5020871501151329,0.6857923497267759,original_pilot_box,2020-2022
climatology,1,2021,365,1.0155843003155434,1.1765143882549371,-0.9898466502150444,0.5424657534246575,original_pilot_box,2020-2022
climatology,1,2022,365,1.0034238149041999,1.1285194919420123,-0.8498966622026,0.589041095890411,original_pilot_box,2020-2022
persistence,1,2020,366,0.13309444625520966,0.18056502716397316,0.0010805182118233435,0.9644808743169399,original_pilot_box,2020-2022
persistence,1,2021,365,0.12918631409945552,0.16558019430034207,-0.0025665988660838507,0.9780821917808219,original_pilot_box,2020-2022
persistence,1,2022,365,0.12014516020474368,0.16108144395372145,0.0035242498737491973,0.9808219178082191,original_pilot_box,2020-2022
raw_persistence,1,2020,366,0.15322411386041693,0.19531351047920514,0.0010805182391777635,0.9754098360655737,original_pilot_box,2020-2022
raw_persistence,1,2021,365,0.14556686976184582,0.1883593908733306,-0.0025665988214313984,0.9780821917808219,original_pilot_box,2020-2022
raw_persistence,1,2022,365,0.13777972443463052,0.18084957224634654,0.0035242498852312565,0.9835616438356164,original_pilot_box,2020-2022
trend_seasonal,1,2020,366,0.7477882675807077,1.0556814584331617,0.5961522672119709,0.8770491803278688,original_pilot_box,2020-2022
trend_seasonal,1,2021,365,0.5037206272891193,0.6371658233288444,0.2774625389882415,0.9972602739726028,original_pilot_box,2020-2022
trend_seasonal,1,2022,365,0.6868825113421799,0.9420588448739273,0.5862641646238405,0.8849315068493151,original_pilot_box,2020-2022
ar_day,1,2020,366,0.12397538722559867,0.1622994491414846,-0.010749117749638501,0.9644808743169399,original_pilot_box,2020-2022
ar_day,1,2021,365,0.11072116890260121,0.14291016711516247,-0.02531441381130203,0.9808219178082191,original_pilot_box,2020-2022
ar_day,1,2022,365,0.10434701125904627,0.14009528750427816,-0.01701922333811171,0.9835616438356164,original_pilot_box,2020-2022
ar_harmonic,1,2020,366,0.10837078210855519,0.1456704434164536,-0.015225591101481115,0.9754098360655737,original_pilot_box,2020-2022
ar_harmonic,1,2021,365,0.10489059782710777,0.13463116473044276,-0.03336587933290382,0.9753424657534246,original_pilot_box,2020-2022
ar_harmonic,1,2022,365,0.09170669537300082,0.12437643841543904,-0.024924386112213707,0.9835616438356164,original_pilot_box,2020-2022
ar_harmonic_trend,1,2020,366,0.11835155137903078,0.1666796088759203,0.021571597257917033,0.9590163934426229,original_pilot_box,2020-2022
ar_harmonic_trend,1,2021,365,0.11603669486683867,0.15037635247800846,0.007251169967990356,0.9726027397260274,original_pilot_box,2020-2022
ar_harmonic_trend,1,2022,365,0.10244805529488518,0.14157774555105435,0.02359753942795368,0.9671232876712329,original_pilot_box,2020-2022
ridge_harmonic_trend,1,2020,366,0.10815547580085894,0.149509135977722,0.023448592300133995,0.9699453551912568,original_pilot_box,2020-2022
ridge_harmonic_trend,1,2021,365,0.09862485423220209,0.13006099151535422,0.008749357639269461,0.9726027397260274,original_pilot_box,2020-2022
ridge_harmonic_trend,1,2022,365,0.08977574078397181,0.12592628775317324,0.024846676787169487,0.9808219178082191,original_pilot_box,2020-2022
climatology,7,2020,366,0.8648392411529041,1.0165096582049404,-0.5020871501151329,0.6857923497267759,original_pilot_box,2020-2022
climatology,7,2021,365,1.0155843003155434,1.1765143882549371,-0.9898466502150444,0.5424657534246575,original_pilot_box,2020-2022
climatology,7,2022,365,1.0034238149041999,1.1285194919420123,-0.8498966622026,0.589041095890411,original_pilot_box,2020-2022
persistence,7,2020,366,0.44419674795182024,0.5944927341565308,0.004806349186297974,0.9207650273224044,original_pilot_box,2020-2022
persistence,7,2021,365,0.48706286704703555,0.6069721794447374,-0.010978586379795858,0.9452054794520548,original_pilot_box,2020-2022
persistence,7,2022,365,0.4326754792095864,0.5571856687916631,0.019230037845977366,0.958904109589041,original_pilot_box,2020-2022
raw_persistence,7,2020,366,0.7757008036629098,0.9131849278904857,0.004806330893188715,0.953551912568306,original_pilot_box,2020-2022
raw_persistence,7,2021,365,0.7706032687670564,0.9598815209195204,-0.010978594422340393,0.9424657534246575,original_pilot_box,2020-2022
raw_persistence,7,2022,365,0.8172565381820888,0.939064437919302,0.01923002488911152,0.9671232876712329,original_pilot_box,2020-2022
trend_seasonal,7,2020,366,0.7477882675807077,1.0556814584331617,0.5961522672119709,0.8770491803278688,original_pilot_box,2020-2022
trend_seasonal,7,2021,365,0.5037206272891193,0.6371658233288444,0.2774625389882415,0.9972602739726028,original_pilot_box,2020-2022
trend_seasonal,7,2022,365,0.6868825113421799,0.9420588448739273,0.5862641646238405,0.8849315068493151,original_pilot_box,2020-2022
ar_day,7,2020,366,0.42595260041435823,0.5703464210545915,-0.09324355944610911,0.9016393442622951,original_pilot_box,2020-2022
ar_day,7,2021,365,0.46389403011769553,0.580384059657004,-0.20597483352524815,0.9260273972602739,original_pilot_box,2020-2022
ar_day,7,2022,365,0.4290532656873192,0.5345247905288874,-0.14799641014221135,0.9123287671232877,original_pilot_box,2020-2022
ar_harmonic,7,2020,366,0.42254810730283604,0.5442353082683217,-0.13575582258155033,0.9262295081967213,original_pilot_box,2020-2022
ar_harmonic,7,2021,365,0.4597034418029648,0.5629382453283384,-0.28284452843152935,0.936986301369863,original_pilot_box,2020-2022
ar_harmonic,7,2022,365,0.4050331934389158,0.51379862108669,-0.2231024239007009,0.9397260273972603,original_pilot_box,2020-2022
ar_harmonic_trend,7,2020,366,0.40063126351545886,0.5446638782222465,0.13337868301846958,0.9398907103825137,original_pilot_box,2020-2022
ar_harmonic_trend,7,2021,365,0.4033531659568528,0.5020468426705864,0.05266157055056192,0.9643835616438357,original_pilot_box,2020-2022
ar_harmonic_trend,7,2022,365,0.3658881649410089,0.48766571042515416,0.14259077526776454,0.958904109589041,original_pilot_box,2020-2022
ridge_harmonic_trend,7,2020,366,0.4133695477995238,0.5694418884530239,0.18668675001261045,0.9262295081967213,original_pilot_box,2020-2022
ridge_harmonic_trend,7,2021,365,0.3843729653275192,0.4870311639042041,0.07728523942644971,0.947945205479452,original_pilot_box,2020-2022
ridge_harmonic_trend,7,2022,365,0.38110862780182747,0.5075757935917453,0.19513499854534708,0.9534246575342465,original_pilot_box,2020-2022
climatology,30,2020,366,0.8648392411529041,1.0165096582049404,-0.5020871501151329,0.6857923497267759,original_pilot_box,2020-2022
climatology,30,2021,365,1.0155843003155434,1.1765143882549371,-0.9898466502150444,0.5424657534246575,original_pilot_box,2020-2022
climatology,30,2022,365,1.0034238149041999,1.1285194919420123,-0.8498966622026,0.589041095890411,original_pilot_box,2020-2022
persistence,30,2020,366,0.7890509334418292,1.0692260144908128,-0.005652987891859044,0.7978142076502732,original_pilot_box,2020-2022
persistence,30,2021,365,0.7219977104500549,0.8824493004230654,-0.06458701826121709,0.8191780821917808,original_pilot_box,2020-2022
persistence,30,2022,365,0.6624020066979813,0.8812055029838463,0.04650196179951707,0.8246575342465754,original_pilot_box,2020-2022
raw_persistence,30,2020,366,2.9010539654174137,3.2065958132976196,-0.00565300602465868,0.9234972677595629,original_pilot_box,2020-2022
raw_persistence,30,2021,365,3.0094779811493337,3.416032245473562,-0.06458702683448792,0.8684931506849315,original_pilot_box,2020-2022
raw_persistence,30,2022,365,3.1501562745603797,3.451073095331687,0.04650193452835083,0.8958904109589041,original_pilot_box,2020-2022
trend_seasonal,30,2020,366,0.7477882675807077,1.0556814584331617,0.5961522672119709,0.8770491803278688,original_pilot_box,2020-2022
trend_seasonal,30,2021,365,0.5037206272891193,0.6371658233288444,0.2774625389882415,0.9972602739726028,original_pilot_box,2020-2022
trend_seasonal,30,2022,365,0.6868825113421799,0.9420588448739273,0.5862641646238405,0.8849315068493151,original_pilot_box,2020-2022
ar_day,30,2020,366,0.7295589528095122,0.905691124221504,-0.27213894111850667,0.7486338797814208,original_pilot_box,2020-2022
ar_day,30,2021,365,0.7216092226019784,0.886725372115782,-0.564041384481503,0.7041095890410959,original_pilot_box,2020-2022
ar_day,30,2022,365,0.6648981721240375,0.8391903807429244,-0.43757847223851587,0.7972602739726027,original_pilot_box,2020-2022
ar_harmonic,30,2020,366,0.7492585514974341,0.9171139207407365,-0.38069884842206264,0.7431693989071039,original_pilot_box,2020-2022
ar_harmonic,30,2021,365,0.8143116189466763,0.965131631656209,-0.7683920471977312,0.7123287671232876,original_pilot_box,2020-2022
ar_harmonic,30,2022,365,0.839559647736673,0.9416321143723103,-0.6351340177701299,0.7397260273972602,original_pilot_box,2020-2022
ar_harmonic_trend,30,2020,366,0.6552048995349511,0.918074233325578,0.3848814567208048,0.8879781420765027,original_pilot_box,2020-2022
ar_harmonic_trend,30,2021,365,0.48282581268332214,0.615346187517814,0.15855760106173206,0.9698630136986301,original_pilot_box,2020-2022
ar_harmonic_trend,30,2022,365,0.5773919956033179,0.8026477913468915,0.39705508639767373,0.9068493150684932,original_pilot_box,2020-2022
ridge_harmonic_trend,30,2020,366,0.6719665615082997,0.9448938200233644,0.446704787939838,0.8852459016393442,original_pilot_box,2020-2022
ridge_harmonic_trend,30,2021,365,0.4815232349667653,0.6118629329067354,0.1937609890255543,0.9698630136986301,original_pilot_box,2020-2022
ridge_harmonic_trend,30,2022,365,0.6017287873670928,0.8356912219961748,0.4529363086704384,0.8931506849315068,original_pilot_box,2020-2022
climatology,1,2023,365,1.036535184677333,1.150418712725197,-1.0356958519922543,0.9424657534246575,original_pilot_box,2023-2025
climatology,1,2024,366,1.5226252261406736,1.731854426843639,-1.5225299942037447,0.73224043715847,original_pilot_box,2023-2025
climatology,1,2025,365,1.227066979342944,1.53229679783992,-1.1368497129988997,0.7534246575342466,original_pilot_box,2023-2025
persistence,1,2023,365,0.1120724717231646,0.14467596263741098,-0.0006987166731324914,0.958904109589041,original_pilot_box,2023-2025
persistence,1,2024,366,0.12212360882368244,0.15850687885508255,-0.001951762235881201,0.9371584699453552,original_pilot_box,2023-2025
persistence,1,2025,365,0.10676183047359937,0.14745575549087658,-0.0014797471973994007,0.9397260273972603,original_pilot_box,2023-2025
raw_persistence,1,2023,365,0.1407506472443881,0.18391508958915373,-0.0006987166707403958,0.9315068493150684,original_pilot_box,2023-2025
raw_persistence,1,2024,366,0.14691841406900374,0.18417911819781668,-0.0019517596811056137,0.9344262295081968,original_pilot_box,2023-2025
raw_persistence,1,2025,365,0.14076601577131714,0.18203737013871146,-0.0014797472395002842,0.9342465753424658,original_pilot_box,2023-2025
trend_seasonal,1,2023,365,0.4413270163905674,0.5663196445910607,-0.0015346202066694916,1.0,original_pilot_box,2023-2025
trend_seasonal,1,2024,366,0.7138635530761808,0.9329354466152496,-0.3667267846587176,0.9344262295081968,original_pilot_box,2023-2025
trend_seasonal,1,2025,365,0.814667638478209,0.9828820136115158,0.14081475834433138,0.9917808219178083,original_pilot_box,2023-2025
ar_day,1,2023,365,0.09418149827763804,0.1222654424957868,-0.025746226188199738,0.9643835616438357,original_pilot_box,2023-2025
ar_day,1,2024,366,0.10965752178775377,0.1394130546172495,-0.03921211435121693,0.9398907103825137,original_pilot_box,2023-2025
ar_day,1,2025,365,0.10089209225364505,0.13459936734118486,-0.029064670472831736,0.9506849315068493,original_pilot_box,2023-2025
ar_harmonic,1,2023,365,0.10947281241483119,0.143210628517769,-0.028561139975218933,0.9452054794520548,original_pilot_box,2023-2025
ar_harmonic,1,2024,366,0.11344394112598524,0.14664002586845176,-0.0431120658111822,0.9508196721311475,original_pilot_box,2023-2025
ar_harmonic,1,2025,365,0.10562346063171746,0.13740387214023203,-0.03208951020806255,0.9616438356164384,original_pilot_box,2023-2025
ar_harmonic_trend,1,2023,365,0.08656294174637885,0.11509305864577854,-7.966009588921571e-05,0.9315068493150684,original_pilot_box,2023-2025
ar_harmonic_trend,1,2024,366,0.0913760203484535,0.11942184319460293,-0.01423314102471699,0.9262295081967213,original_pilot_box,2023-2025
ar_harmonic_trend,1,2025,365,0.0856062828482229,0.1155427525809855,0.004425935571007284,0.947945205479452,original_pilot_box,2023-2025
ridge_harmonic_trend,1,2023,365,0.08756870863612604,0.11620047199730768,-8.150204021343879e-05,0.9315068493150684,original_pilot_box,2023-2025
ridge_harmonic_trend,1,2024,366,0.09239802009323687,0.12071853550158211,-0.014721319875398004,0.9344262295081968,original_pilot_box,2023-2025
ridge_harmonic_trend,1,2025,365,0.08666813124129896,0.11650719682477365,0.004579452338668145,0.947945205479452,original_pilot_box,2023-2025
climatology,7,2023,365,1.036535184677333,1.150418712725197,-1.0356958519922543,0.9424657534246575,original_pilot_box,2023-2025
climatology,7,2024,366,1.5226252261406736,1.731854426843639,-1.5225299942037447,0.73224043715847,original_pilot_box,2023-2025
climatology,7,2025,365,1.227066979342944,1.53229679783992,-1.1368497129988997,0.7534246575342466,original_pilot_box,2023-2025
persistence,7,2023,365,0.4267181500996629,0.5284105272285374,0.0005994509344231593,0.9863013698630136,original_pilot_box,2023-2025
persistence,7,2024,366,0.45812381681848746,0.5808107235081288,-0.015769122076816248,0.9590163934426229,original_pilot_box,2023-2025
persistence,7,2025,365,0.4116173391472803,0.5883523948842451,-0.006966679716763431,0.9315068493150684,original_pilot_box,2023-2025
raw_persistence,7,2023,365,0.8448415024639809,0.9951761094515031,0.0005994195817038417,0.9232876712328767,original_pilot_box,2023-2025
raw_persistence,7,2024,366,0.8562249902819024,1.0085816642335175,-0.015769124031066895,0.9207650273224044,original_pilot_box,2023-2025
raw_persistence,7,2025,365,0.8366465738374893,1.0219447704202735,-0.006966703105717897,0.915068493150685,original_pilot_box,2023-2025
trend_seasonal,7,2023,365,0.4413270163905674,0.5663196445910607,-0.0015346202066694916,1.0,original_pilot_box,2023-2025
trend_seasonal,7,2024,366,0.7138635530761808,0.9329354466152496,-0.3667267846587176,0.9344262295081968,original_pilot_box,2023-2025
trend_seasonal,7,2025,365,0.814667638478209,0.9828820136115158,0.14081475834433138,0.9917808219178083,original_pilot_box,2023-2025
ar_day,7,2023,365,0.3830255075554529,0.5104867743478072,-0.21040965746445428,0.9452054794520548,original_pilot_box,2023-2025
ar_day,7,2024,366,0.506250714362621,0.6364577285778238,-0.32552020224188744,0.9234972677595629,original_pilot_box,2023-2025
ar_day,7,2025,365,0.4531762596371903,0.6258187827400824,-0.23847267946650733,0.9013698630136986,original_pilot_box,2023-2025
ar_harmonic,7,2023,365,0.41981716301576577,0.5425260923577485,-0.17936237628988952,0.9452054794520548,original_pilot_box,2023-2025
ar_harmonic,7,2024,366,0.4554742817474122,0.6037989145405486,-0.27884294530841536,0.9153005464480874,original_pilot_box,2023-2025
ar_harmonic,7,2025,365,0.4151999663682142,0.5485007704058762,-0.20345280871807686,0.9452054794520548,original_pilot_box,2023-2025
ar_harmonic_trend,7,2023,365,0.38332138496816137,0.48693123580874054,0.0028774902450321017,0.9726027397260274,original_pilot_box,2023-2025
ar_harmonic_trend,7,2024,366,0.4226926892102068,0.5569002224328136,-0.11898763635481839,0.9398907103825137,original_pilot_box,2023-2025
ar_harmonic_trend,7,2025,365,0.39628552011221285,0.5294812990473748,0.04025827565109112,0.9534246575342465,original_pilot_box,2023-2025
ridge_harmonic_trend,7,2023,365,0.38388129277631067,0.48746288831076073,0.0028772794846746662,0.9726027397260274,original_pilot_box,2023-2025
ridge_harmonic_trend,7,2024,366,0.4228404737898868,0.5572953798064618,-0.11971805614166947,0.9398907103825137,original_pilot_box,2023-2025
ridge_harmonic_trend,7,2025,365,0.39707702198265565,0.5303883757636795,0.040520471420141355,0.9534246575342465,original_pilot_box,2023-2025
climatology,30,2023,365,1.036535184677333,1.150418712725197,-1.0356958519922543,0.9424657534246575,original_pilot_box,2023-2025
climatology,30,2024,366,1.5226252261406736,1.731854426843639,-1.5225299942037447,0.73224043715847,original_pilot_box,2023-2025
climatology,30,2025,365,1.227066979342944,1.53229679783992,-1.1368497129988997,0.7534246575342466,original_pilot_box,2023-2025
persistence,30,2023,365,0.5179635975458851,0.6377950175168735,0.009969520568847656,1.0,original_pilot_box,2023-2025
persistence,30,2024,366,0.7998427198232849,1.0170023845660605,-0.02821512691310195,0.9234972677595629,original_pilot_box,2023-2025
persistence,30,2025,365,0.7581859066061778,1.017371126395698,-0.01407540203773812,0.8876712328767123,original_pilot_box,2023-2025
raw_persistence,30,2023,365,3.292381694218884,3.601033067474056,0.009969465434551239,0.9534246575342465,original_pilot_box,2023-2025
raw_persistence,30,2024,366,3.322802241382703,3.7333242639375723,-0.02821512706577778,0.9153005464480874,original_pilot_box,2023-2025
raw_persistence,30,2025,365,3.381582748726623,3.8119551743846602,-0.014075376093387604,0.8027397260273973,original_pilot_box,2023-2025
trend_seasonal,30,2023,365,0.4413270163905674,0.5663196445910607,-0.0015346202066694916,1.0,original_pilot_box,2023-2025
trend_seasonal,30,2024,366,0.7138635530761808,0.9329354466152496,-0.3667267846587176,0.9344262295081968,original_pilot_box,2023-2025
trend_seasonal,30,2025,365,0.814667638478209,0.9828820136115158,0.14081475834433138,0.9917808219178083,original_pilot_box,2023-2025
ar_day,30,2023,365,0.619607532004649,0.7537496587960285,-0.5666190244398254,0.9835616438356164,original_pilot_box,2023-2025
ar_day,30,2024,366,0.9245046624198271,1.181472304237168,-0.8601456213129889,0.8524590163934426,original_pilot_box,2023-2025
ar_day,30,2025,365,0.8165832244933043,1.0872054516798777,-0.6344148193413863,0.8712328767123287,original_pilot_box,2023-2025
ar_harmonic,30,2023,365,0.6587360698198678,0.8424756338939997,-0.571274644735095,0.9342465753424658,original_pilot_box,2023-2025
ar_harmonic,30,2024,366,0.9721360100070856,1.2263171759578424,-0.8631229258920267,0.8497267759562842,original_pilot_box,2023-2025
ar_harmonic,30,2025,365,0.7825209607502794,1.006766217785667,-0.6388921020063406,0.852054794520548,original_pilot_box,2023-2025
ar_harmonic_trend,30,2023,365,0.44818312716014047,0.5828566657569053,0.007331745388646475,0.9863013698630136,original_pilot_box,2023-2025
ar_harmonic_trend,30,2024,366,0.6746357027329989,0.8893876080094621,-0.27672909660602796,0.9016393442622951,original_pilot_box,2023-2025
ar_harmonic_trend,30,2025,365,0.7014228430963746,0.8476832324652084,0.1078302506164453,0.9753424657534246,original_pilot_box,2023-2025
ridge_harmonic_trend,30,2023,365,0.44799691804490266,0.5825545697925701,0.007192865568685031,0.9863013698630136,original_pilot_box,2023-2025
ridge_harmonic_trend,30,2024,366,0.6749820979320675,0.889601646276716,-0.27804660189069785,0.9016393442622951,original_pilot_box,2023-2025
ridge_harmonic_trend,30,2025,365,0.7028662281791574,0.8492822166946127,0.10831423674889132,0.9753424657534246,original_pilot_box,2023-2025
climatology,1,2017,365,1.0186469966418124,1.2500185488985247,-0.9214128037021585,0.7506849315068493,iho_interior,2017-2019
climatology,1,2018,365,0.8186746251093198,1.078064962111698,-0.547422592607263,0.8986301369863013,iho_interior,2017-2019
climatology,1,2019,365,0.793985804466352,0.875137165277708,-0.6987519342605382,0.9643835616438357,iho_interior,2017-2019
persistence,1,2017,365,0.1716597230467078,0.230585946251771,0.0008474402231712864,0.9726027397260274,iho_interior,2017-2019
persistence,1,2018,365,0.16418186997714107,0.21930011554116352,-7.425595636237158e-06,0.9808219178082191,iho_interior,2017-2019
persistence,1,2019,365,0.15362273177055463,0.20308409470776237,-0.0017745945551624037,0.9780821917808219,iho_interior,2017-2019
raw_persistence,1,2017,365,0.1839870766417621,0.24705259430139279,0.0008474375936202705,0.9671232876712329,iho_interior,2017-2019
raw_persistence,1,2018,365,0.18756666967313584,0.2420974814278968,-7.425595413224073e-06,0.9698630136986301,iho_interior,2017-2019
raw_persistence,1,2019,365,0.17603821689135407,0.22995510356165622,-0.0017745945369824767,0.9780821917808219,iho_interior,2017-2019
trend_seasonal,1,2017,365,0.690848845416621,0.8513566703292432,0.296827874791403,0.989041095890411,iho_interior,2017-2019
trend_seasonal,1,2018,365,1.1298014740656122,1.329066386263564,0.9142576203753793,0.7835616438356164,iho_interior,2017-2019
trend_seasonal,1,2019,365,1.0277172844782034,1.1386277806567342,1.006367813211185,0.8986301369863013,iho_interior,2017-2019
ar_day,1,2017,365,0.15795474973440882,0.2139762286386143,-0.029420663732333794,0.9698630136986301,iho_interior,2017-2019
ar_day,1,2018,365,0.15542845370858507,0.20424501255789787,-0.01756681595168919,0.9808219178082191,iho_interior,2017-2019
ar_day,1,2019,365,0.1410363215568083,0.18876882039493648,-0.02385775070006907,0.9808219178082191,iho_interior,2017-2019
ar_harmonic,1,2017,365,0.1399875126948281,0.19485221972427794,-0.026126687743764115,0.9726027397260274,iho_interior,2017-2019
ar_harmonic,1,2018,365,0.1377201905069381,0.186446125025192,-0.016076532570670706,0.9808219178082191,iho_interior,2017-2019
ar_harmonic,1,2019,365,0.13197064228400224,0.17455847287868176,-0.021593336205046883,0.9808219178082191,iho_interior,2017-2019
ar_harmonic_trend,1,2017,365,0.140180629698326,0.1965724783366937,0.013900806385942118,0.9726027397260274,iho_interior,2017-2019
ar_harmonic_trend,1,2018,365,0.14160712430679454,0.1892519787763149,0.04032238510744534,0.9808219178082191,iho_interior,2017-2019
ar_harmonic_trend,1,2019,365,0.12986169195655664,0.1781284921396198,0.04304246103176981,0.9808219178082191,iho_interior,2017-2019
ridge_harmonic_trend,1,2017,365,0.13854193477204538,0.19408706157124217,0.012633494863773501,0.9726027397260274,iho_interior,2017-2019
ridge_harmonic_trend,1,2018,365,0.14100095112332564,0.18919442387798588,0.035158105031597,0.9780821917808219,iho_interior,2017-2019
ridge_harmonic_trend,1,2019,365,0.12989997268525555,0.17724803247538073,0.037598881245357985,0.9808219178082191,iho_interior,2017-2019
climatology,7,2017,365,1.0186469966418124,1.2500185488985247,-0.9214128037021585,0.7506849315068493,iho_interior,2017-2019
climatology,7,2018,365,0.8186746251093198,1.078064962111698,-0.547422592607263,0.8986301369863013,iho_interior,2017-2019
climatology,7,2019,365,0.793985804466352,0.875137165277708,-0.6987519342605382,0.9643835616438357,iho_interior,2017-2019
persistence,7,2017,365,0.527542547983666,0.6858705009506727,0.005016653505090164,0.9671232876712329,iho_interior,2017-2019
persistence,7,2018,365,0.5388802789661983,0.6966509073871475,-0.009066166289865155,0.9534246575342465,iho_interior,2017-2019
persistence,7,2019,365,0.4420580223815082,0.5838553913883452,-0.011044235752053457,0.9753424657534246,iho_interior,2017-2019
raw_persistence,7,2017,365,0.8865346464392257,1.0584457496842468,0.005016651004552841,0.9698630136986301,iho_interior,2017-2019
raw_persistence,7,2018,365,0.9642638729043203,1.1438187343737198,-0.009066144935786724,0.9506849315068493,iho_interior,2017-2019
raw_persistence,7,2019,365,0.8526763341198229,1.0067006111456112,-0.011044269427657127,0.9753424657534246,iho_interior,2017-2019
trend_seasonal,7,2017,365,0.690848845416621,0.8513566703292432,0.296827874791403,0.989041095890411,iho_interior,2017-2019
trend_seasonal,7,2018,365,1.1298014740656122,1.329066386263564,0.9142576203753793,0.7835616438356164,iho_interior,2017-2019
trend_seasonal,7,2019,365,1.0277172844782034,1.1386277806567342,1.006367813211185,0.8986301369863013,iho_interior,2017-2019
ar_day,7,2017,365,0.5300303034818886,0.678890753228538,-0.25750662143546443,0.9808219178082191,iho_interior,2017-2019
ar_day,7,2018,365,0.5246566308539242,0.6644645079285529,-0.15968235105544223,0.9726027397260274,iho_interior,2017-2019
ar_day,7,2019,365,0.4456193710760031,0.5557844194518501,-0.20490000161280914,0.9972602739726028,iho_interior,2017-2019
ar_harmonic,7,2017,365,0.44057067771266434,0.5770801447492727,-0.21625563524778987,0.9808219178082191,iho_interior,2017-2019
ar_harmonic,7,2018,365,0.508159034794567,0.6797588593345227,-0.13993232779860953,0.9561643835616438,iho_interior,2017-2019
ar_harmonic,7,2019,365,0.4180926598398762,0.5281141414343046,-0.17441168437565152,0.9917808219178083,iho_interior,2017-2019
ar_harmonic_trend,7,2017,365,0.4570934024700377,0.5795364751608677,0.11352899563185397,0.9753424657534246,iho_interior,2017-2019
ar_harmonic_trend,7,2018,365,0.5766077922063289,0.7311057479701214,0.3291760413821923,0.9534246575342465,iho_interior,2017-2019
ar_harmonic_trend,7,2019,365,0.4803999635571723,0.6131501713891684,0.36093190778151657,0.9643835616438357,iho_interior,2017-2019
ridge_harmonic_trend,7,2017,365,0.43457674296142124,0.5517777237360081,0.09856020320716362,0.9726027397260274,iho_interior,2017-2019
ridge_harmonic_trend,7,2018,365,0.5553101083474478,0.7175635576543627,0.2717692499726485,0.9452054794520548,iho_interior,2017-2019
ridge_harmonic_trend,7,2019,365,0.4442095412611877,0.5775970185143325,0.30149509239827016,0.9808219178082191,iho_interior,2017-2019
climatology,30,2017,365,1.0186469966418124,1.2500185488985247,-0.9214128037021585,0.7506849315068493,iho_interior,2017-2019
climatology,30,2018,365,0.8186746251093198,1.078064962111698,-0.547422592607263,0.8986301369863013,iho_interior,2017-2019
climatology,30,2019,365,0.793985804466352,0.875137165277708,-0.6987519342605382,0.9643835616438357,iho_interior,2017-2019
persistence,30,2017,365,0.6824716280584466,0.8631777602947711,0.03716266057262682,0.9945205479452055,iho_interior,2017-2019
persistence,30,2018,365,0.9142131504947192,1.139264668808781,-0.08922184722064293,0.9452054794520548,iho_interior,2017-2019
persistence,30,2019,365,0.5465670468056039,0.7677156211068757,0.016634760817436322,0.9726027397260274,iho_interior,2017-2019
raw_persistence,30,2017,365,3.416244065271665,3.7596633956455907,0.03716259449720383,0.9808219178082191,iho_interior,2017-2019
raw_persistence,30,2018,365,3.6907982538824213,4.002319743470935,-0.08922190219163895,0.9232876712328767,iho_interior,2017-2019
raw_persistence,30,2019,365,3.3268538958405793,3.662236364560633,0.016634881496429443,1.0,iho_interior,2017-2019
trend_seasonal,30,2017,365,0.690848845416621,0.8513566703292432,0.296827874791403,0.989041095890411,iho_interior,2017-2019
trend_seasonal,30,2018,365,1.1298014740656122,1.329066386263564,0.9142576203753793,0.7835616438356164,iho_interior,2017-2019
trend_seasonal,30,2019,365,1.0277172844782034,1.1386277806567342,1.006367813211185,0.8986301369863013,iho_interior,2017-2019
ar_day,30,2017,365,0.8176686187569016,1.0456130605626044,-0.6967947907115762,0.8602739726027397,iho_interior,2017-2019
ar_day,30,2018,365,0.7369014435869867,0.9973292950936371,-0.4353761830296599,0.9260273972602739,iho_interior,2017-2019
ar_day,30,2019,365,0.6622015478048169,0.7610884745429619,-0.5291479949902219,0.9780821917808219,iho_interior,2017-2019
ar_harmonic,30,2017,365,0.7050474746456523,0.8902628588656845,-0.5677672546247048,0.958904109589041,iho_interior,2017-2019
ar_harmonic,30,2018,365,0.7129132363968734,1.0282088603763222,-0.3715383518046019,0.9424657534246575,iho_interior,2017-2019
ar_harmonic,30,2019,365,0.5824393637624464,0.7171559065988637,-0.4299395807835872,0.9835616438356164,iho_interior,2017-2019
ar_harmonic_trend,30,2017,365,0.6515158261103484,0.7915988625872433,0.26389294024571547,0.9945205479452055,iho_interior,2017-2019
ar_harmonic_trend,30,2018,365,1.030000482874093,1.2295270059515382,0.779648800503164,0.8575342465753425,iho_interior,2017-2019
ar_harmonic_trend,30,2019,365,0.9110344094107516,1.0288442061680667,0.8733826312943105,0.9315068493150684,iho_interior,2017-2019
ridge_harmonic_trend,30,2017,365,0.6223045453520597,0.750228218539845,0.23534861714030214,0.9945205479452055,iho_interior,2017-2019
ridge_harmonic_trend,30,2018,365,0.9542186708172908,1.158751515116364,0.6605327264497586,0.8931506849315068,iho_interior,2017-2019
ridge_harmonic_trend,30,2019,365,0.8102933949922261,0.9405724474560945,0.7572615053016797,0.958904109589041,iho_interior,2017-2019
climatology,1,2020,366,0.8787014145668739,1.0271135112826346,-0.44681513765470576,0.8114754098360656,iho_interior,2020-2022
climatology,1,2021,365,0.952716178110201,1.1440216375691712,-0.8709718638903474,0.6904109589041096,iho_interior,2020-2022
climatology,1,2022,365,0.8954460274683286,1.0295633384770477,-0.6903096682404819,0.7397260273972602,iho_interior,2020-2022
persistence,1,2020,366,0.14489507675170898,0.2006106139906778,0.0009677371040719455,0.9453551912568307,iho_interior,2020-2022
persistence,1,2021,365,0.14482996431115555,0.1906311371583794,-0.002777146639889234,0.9616438356164384,iho_interior,2020-2022
persistence,1,2022,365,0.13238751137093321,0.17450769420232728,0.003098273603883508,0.958904109589041,iho_interior,2020-2022
raw_persistence,1,2020,366,0.16213896756615143,0.21214761378912844,0.000967737112659961,0.9726775956284153,iho_interior,2020-2022
raw_persistence,1,2021,365,0.1596388150567878,0.21181473778234552,-0.002777146641165018,0.958904109589041,iho_interior,2020-2022
raw_persistence,1,2022,365,0.14995157424717734,0.19330954959242982,0.0030982736498117447,0.9753424657534246,iho_interior,2020-2022
trend_seasonal,1,2020,366,0.8528222496715769,1.1818526867049017,0.7516924823208326,0.8442622950819673,iho_interior,2020-2022
trend_seasonal,1,2021,365,0.7188895131439178,0.8780188143634242,0.5121045070481938,0.947945205479452,iho_interior,2020-2022
trend_seasonal,1,2022,365,0.9150589727495674,1.1656149171614467,0.877040850088953,0.8547945205479452,iho_interior,2020-2022
ar_day,1,2020,366,0.1351130892957784,0.18430848337259734,-0.013078053728845731,0.9644808743169399,iho_interior,2020-2022
ar_day,1,2021,365,0.13224540235235657,0.1707312694218936,-0.029179700461619426,0.9671232876712329,iho_interior,2020-2022
ar_day,1,2022,365,0.11649754722895568,0.15215629368472947,-0.01931291822672358,0.9780821917808219,iho_interior,2020-2022
ar_harmonic,1,2020,366,0.11941227801154307,0.16472946551725917,-0.015273033161362404,0.953551912568306,iho_interior,2020-2022
ar_harmonic,1,2021,365,0.12047258847132739,0.15608891398457597,-0.0331209734790722,0.9643835616438357,iho_interior,2020-2022
ar_harmonic,1,2022,365,0.1020068708401461,0.13363066167819945,-0.022684138089799733,0.9753424657534246,iho_interior,2020-2022
ar_harmonic_trend,1,2020,366,0.1286108061526264,0.1829840171322359,0.030785827420486977,0.9699453551912568,iho_interior,2020-2022
ar_harmonic_trend,1,2021,365,0.13142736059880833,0.17419101495767247,0.017792138471538786,0.9616438356164384,iho_interior,2020-2022
ar_harmonic_trend,1,2022,365,0.1155955804965994,0.1560910933114772,0.03774846526274121,0.9780821917808219,iho_interior,2020-2022
ridge_harmonic_trend,1,2020,366,0.11875771549709409,0.1690890399730722,0.03294502848694082,0.9644808743169399,iho_interior,2020-2022
ridge_harmonic_trend,1,2021,365,0.11279266487032506,0.15356812265138867,0.01997315839469803,0.9643835616438357,iho_interior,2020-2022
ridge_harmonic_trend,1,2022,365,0.10170908933602782,0.13872909513498546,0.03993223310088592,0.9698630136986301,iho_interior,2020-2022
climatology,7,2020,366,0.8787014145668739,1.0271135112826346,-0.44681513765470576,0.8114754098360656,iho_interior,2020-2022
climatology,7,2021,365,0.952716178110201,1.1440216375691712,-0.8709718638903474,0.6904109589041096,iho_interior,2020-2022
climatology,7,2022,365,0.8954460274683286,1.0295633384770477,-0.6903096682404819,0.7397260273972602,iho_interior,2020-2022
persistence,7,2020,366,0.4562231282718846,0.6115535607479003,0.004532227750684395,0.9453551912568307,iho_interior,2020-2022
persistence,7,2021,365,0.5249361900434102,0.6413773617352684,-0.010722204757063356,0.9616438356164384,iho_interior,2020-2022
persistence,7,2022,365,0.4517080019598138,0.5771428247226706,0.015244170410992347,0.9671232876712329,iho_interior,2020-2022
raw_persistence,7,2020,366,0.8146366499812225,0.9640711923979974,0.004532214719802141,0.9617486338797814,iho_interior,2020-2022
raw_persistence,7,2021,365,0.8384797710261933,1.042237689409567,-0.010722225531935692,0.9287671232876712,iho_interior,2020-2022
raw_persistence,7,2022,365,0.856122293864211,0.9902250033199993,0.015244157053530216,0.9671232876712329,iho_interior,2020-2022
trend_seasonal,7,2020,366,0.8528222496715769,1.1818526867049017,0.7516924823208326,0.8442622950819673,iho_interior,2020-2022
trend_seasonal,7,2021,365,0.7188895131439178,0.8780188143634242,0.5121045070481938,0.947945205479452,iho_interior,2020-2022
trend_seasonal,7,2022,365,0.9150589727495674,1.1656149171614467,0.877040850088953,0.8547945205479452,iho_interior,2020-2022
ar_day,7,2020,366,0.4555444505276099,0.5883061033184713,-0.10950223073014406,0.9289617486338798,iho_interior,2020-2022
ar_day,7,2021,365,0.5000976526580337,0.6239207985652849,-0.23137143199532476,0.9205479452054794,iho_interior,2020-2022
ar_day,7,2022,365,0.4338716329157728,0.5515798273998034,-0.1643990131185696,0.9424657534246575,iho_interior,2020-2022
ar_harmonic,7,2020,366,0.43860923510631133,0.5595632808003861,-0.12997829192928959,0.9426229508196722,iho_interior,2020-2022
ar_harmonic,7,2021,365,0.47893677596750767,0.6095973854050785,-0.2684180187922841,0.9397260273972603,iho_interior,2020-2022
ar_harmonic,7,2022,365,0.4248103028226535,0.5354249911883106,-0.1964137419102436,0.958904109589041,iho_interior,2020-2022
ar_harmonic_trend,7,2020,366,0.4132461207852238,0.5731734227874338,0.18902531174647294,0.9426229508196722,iho_interior,2020-2022
ar_harmonic_trend,7,2021,365,0.4561114486751979,0.5673000074383563,0.11897835356763688,0.9698630136986301,iho_interior,2020-2022
ar_harmonic_trend,7,2022,365,0.41709821855340673,0.5500503603843067,0.22773671979276874,0.9561643835616438,iho_interior,2020-2022
ridge_harmonic_trend,7,2020,366,0.4448574130237075,0.6169401708956805,0.2544852932015309,0.9262295081967213,iho_interior,2020-2022
ridge_harmonic_trend,7,2021,365,0.4542633041735912,0.568618384725253,0.16360187265753728,0.9534246575342465,iho_interior,2020-2022
ridge_harmonic_trend,7,2022,365,0.44765354700474863,0.586132801619709,0.30541512559990286,0.9506849315068493,iho_interior,2020-2022
climatology,30,2020,366,0.8787014145668739,1.0271135112826346,-0.44681513765470576,0.8114754098360656,iho_interior,2020-2022
climatology,30,2021,365,0.952716178110201,1.1440216375691712,-0.8709718638903474,0.6904109589041096,iho_interior,2020-2022
climatology,30,2022,365,0.8954460274683286,1.0295633384770477,-0.6903096682404819,0.7397260273972602,iho_interior,2020-2022
persistence,30,2020,366,0.8353047944157501,1.0776752889419163,-0.017639308679299276,0.8469945355191257,iho_interior,2020-2022
persistence,30,2021,365,0.7786998017193519,0.9369486641273607,-0.06415642254973111,0.9041095890410958,iho_interior,2020-2022
persistence,30,2022,365,0.6798849445499786,0.8937177140931678,0.048770128537530766,0.8931506849315068,iho_interior,2020-2022
raw_persistence,30,2020,366,3.077137371229995,3.4281554572984656,-0.017639284953475,0.9371584699453552,iho_interior,2020-2022
raw_persistence,30,2021,365,3.2820159154395534,3.6872594897365842,-0.06415639072656631,0.9424657534246575,iho_interior,2020-2022
raw_persistence,30,2022,365,3.2895617759391054,3.624518002154511,0.048770349472761154,0.9397260273972603,iho_interior,2020-2022
trend_seasonal,30,2020,366,0.8528222496715769,1.1818526867049017,0.7516924823208326,0.8442622950819673,iho_interior,2020-2022
trend_seasonal,30,2021,365,0.7188895131439178,0.8780188143634242,0.5121045070481938,0.947945205479452,iho_interior,2020-2022
trend_seasonal,30,2022,365,0.9150589727495674,1.1656149171614467,0.877040850088953,0.8547945205479452,iho_interior,2020-2022
ar_day,30,2020,366,0.7809865844852946,0.9316213344708042,-0.3133232345206223,0.8415300546448088,iho_interior,2020-2022
ar_day,30,2021,365,0.7955448113744975,0.9683383853381089,-0.6287752159305843,0.7972602739726027,iho_interior,2020-2022
ar_day,30,2022,365,0.6971412355850453,0.8551129365162959,-0.46753000092397845,0.8438356164383561,iho_interior,2020-2022
ar_harmonic,30,2020,366,0.8026018479119059,0.9367126842243964,-0.35226654959874404,0.8224043715846995,iho_interior,2020-2022
ar_harmonic,30,2021,365,0.811443484352097,0.9934816870321991,-0.6992120675375848,0.7424657534246575,iho_interior,2020-2022
ar_harmonic,30,2022,365,0.7730666843740859,0.897800247835955,-0.5324061226240316,0.8383561643835616,iho_interior,2020-2022
ar_harmonic_trend,30,2020,366,0.7194613492962205,1.006063947453393,0.5226612465862416,0.8387978142076503,iho_interior,2020-2022
ar_harmonic_trend,30,2021,365,0.6465710036450617,0.7853509967651335,0.34121535641675815,0.9452054794520548,iho_interior,2020-2022
ar_harmonic_trend,30,2022,365,0.7322032133170936,0.9563692025465513,0.630260523211793,0.8767123287671232,iho_interior,2020-2022
ridge_harmonic_trend,30,2020,366,0.7416804256993891,1.0433372245959633,0.5821352866448367,0.8442622950819673,iho_interior,2020-2022
ridge_harmonic_trend,30,2021,365,0.6613427590374069,0.8016861586477153,0.38621315306856735,0.958904109589041,iho_interior,2020-2022
ridge_harmonic_trend,30,2022,365,0.7726154006542502,1.0064897863874387,0.6950429056540645,0.8712328767123287,iho_interior,2020-2022
climatology,1,2023,365,1.0041191767339837,1.1484359601859544,-0.9972928334588874,0.9013698630136986,iho_interior,2023-2025
climatology,1,2024,366,1.4482794250946878,1.6640817546308873,-1.4357465968105962,0.7103825136612022,iho_interior,2023-2025
climatology,1,2025,365,1.2195906652163153,1.4886055578365454,-1.0681091151825368,0.7342465753424657,iho_interior,2023-2025
persistence,1,2023,365,0.12885776676543773,0.1695583393760529,-0.0003323907721532534,0.947945205479452,iho_interior,2023-2025
persistence,1,2024,366,0.14102203598439367,0.18414311521478569,-0.0028674563423531953,0.9398907103825137,iho_interior,2023-2025
persistence,1,2025,365,0.11967911132394451,0.16325527577322307,-0.00034026315767471106,0.9616438356164384,iho_interior,2023-2025
raw_persistence,1,2023,365,0.15715192507391107,0.20720623184914874,-0.0003323907731100917,0.9260273972602739,iho_interior,2023-2025
raw_persistence,1,2024,366,0.16067584355672201,0.20377253370402934,-0.0028674588538706303,0.9453551912568307,iho_interior,2023-2025
raw_persistence,1,2025,365,0.15129398973020788,0.19822791662577977,-0.00034026315552182496,0.9397260273972603,iho_interior,2023-2025
trend_seasonal,1,2023,365,0.5143744391955989,0.6492071320789649,0.1156642495030671,1.0,iho_interior,2023-2025
trend_seasonal,1,2024,366,0.7116329109257401,0.8950589281054283,-0.19198376873028924,0.9754098360655737,iho_interior,2023-2025
trend_seasonal,1,2025,365,0.8416490957104563,1.0453021103707922,0.3068996289776252,0.9616438356164384,iho_interior,2023-2025
ar_day,1,2023,365,0.13073176093712166,0.17033724160132574,-0.029014527009252937,0.9534246575342465,iho_interior,2023-2025
ar_day,1,2024,366,0.1458989006748829,0.188096458453038,-0.044286382176106774,0.9371584699453552,iho_interior,2023-2025
ar_day,1,2025,365,0.12537624120208618,0.16662839230042528,-0.03109129851748537,0.9643835616438357,iho_interior,2023-2025
ar_harmonic,1,2023,365,0.1258730291232725,0.16522372124474546,-0.02984986398982942,0.9424657534246575,iho_interior,2023-2025
ar_harmonic,1,2024,366,0.12708467033675555,0.16640236270982514,-0.045514483988003875,0.9371584699453552,iho_interior,2023-2025
ar_harmonic,1,2025,365,0.11547582031718871,0.1516381620630754,-0.03198861461634109,0.9671232876712329,iho_interior,2023-2025
ar_harmonic_trend,1,2023,365,0.12231575528787907,0.16263857619256672,0.004429081322863253,0.9232876712328767,iho_interior,2023-2025
ar_harmonic_trend,1,2024,366,0.11923669690786252,0.16081141196067095,-0.009380702267388298,0.9344262295081968,iho_interior,2023-2025
ar_harmonic_trend,1,2025,365,0.11058432388035339,0.14965393031302543,0.011488145031466085,0.947945205479452,iho_interior,2023-2025
ridge_harmonic_trend,1,2023,365,0.10118578824724819,0.13595873786528628,0.005044401956509328,0.9616438356164384,iho_interior,2023-2025
ridge_harmonic_trend,1,2024,366,0.10278997859690989,0.13747520955053627,-0.00965587567078886,0.9699453551912568,iho_interior,2023-2025
ridge_harmonic_trend,1,2025,365,0.09667478823749551,0.13224443627312055,0.012853780311541765,0.9616438356164384,iho_interior,2023-2025
climatology,7,2023,365,1.0041191767339837,1.1484359601859544,-0.9972928334588874,0.9013698630136986,iho_interior,2023-2025
climatology,7,2024,366,1.4482794250946878,1.6640817546308873,-1.4357465968105962,0.7103825136612022,iho_interior,2023-2025
climatology,7,2025,365,1.2195906652163153,1.4886055578365454,-1.0681091151825368,0.7342465753424657,iho_interior,2023-2025
persistence,7,2023,365,0.4811349659749906,0.6008076702394247,0.0035480473139514663,0.9424657534246575,iho_interior,2023-2025
persistence,7,2024,366,0.5141073393691433,0.6587010432416102,-0.023207104271226894,0.907103825136612,iho_interior,2023-2025
persistence,7,2025,365,0.4504026517476121,0.6435226709819639,0.001936447457091449,0.9205479452054794,iho_interior,2023-2025
raw_persistence,7,2023,365,0.9199454372876311,1.0839277807289243,0.0035480447113513947,0.9232876712328767,iho_interior,2023-2025
raw_persistence,7,2024,366,0.9081255594889323,1.0798437695142993,-0.02320713736116886,0.912568306010929,iho_interior,2023-2025
raw_persistence,7,2025,365,0.8975707720403802,1.1045674879251932,0.001936423941515386,0.9068493150684932,iho_interior,2023-2025
trend_seasonal,7,2023,365,0.5143744391955989,0.6492071320789649,0.1156642495030671,1.0,iho_interior,2023-2025
trend_seasonal,7,2024,366,0.7116329109257401,0.8950589281054283,-0.19198376873028924,0.9754098360655737,iho_interior,2023-2025
trend_seasonal,7,2025,365,0.8416490957104563,1.0453021103707922,0.3068996289776252,0.9616438356164384,iho_interior,2023-2025
ar_day,7,2023,365,0.4462243430912146,0.5816785703859966,-0.18118780649094976,0.9232876712328767,iho_interior,2023-2025
ar_day,7,2024,366,0.5357812643450406,0.673403856627512,-0.28511503841435015,0.8989071038251366,iho_interior,2023-2025
ar_day,7,2025,365,0.4660071958653206,0.6422715984468209,-0.19577168537952433,0.9232876712328767,iho_interior,2023-2025
ar_harmonic,7,2023,365,0.45708352471179076,0.5965244041670204,-0.18607543717308644,0.9287671232876712,iho_interior,2023-2025
ar_harmonic,7,2024,366,0.5100225293507186,0.6582713930089434,-0.2921800314832221,0.9043715846994536,iho_interior,2023-2025
ar_harmonic,7,2025,365,0.45123219718460267,0.6013799230736394,-0.20101327189260831,0.9315068493150684,iho_interior,2023-2025
ar_harmonic_trend,7,2023,365,0.443019292657215,0.561522827640102,0.03226700404825529,0.9287671232876712,iho_interior,2023-2025
ar_harmonic_trend,7,2024,366,0.4408885645325374,0.5897611216495202,-0.059569634958179504,0.9426229508196722,iho_interior,2023-2025
ar_harmonic_trend,7,2025,365,0.4050340647703365,0.5737722679968399,0.07533709514834289,0.9424657534246575,iho_interior,2023-2025
ridge_harmonic_trend,7,2023,365,0.4288740969807907,0.5443678906867386,0.0436374449037919,0.936986301369863,iho_interior,2023-2025
ridge_harmonic_trend,7,2024,366,0.44779514165883133,0.5997282654523216,-0.075890428736325,0.9398907103825137,iho_interior,2023-2025
ridge_harmonic_trend,7,2025,365,0.4324090272102306,0.5912221179901529,0.10399496138033668,0.9315068493150684,iho_interior,2023-2025
climatology,30,2023,365,1.0041191767339837,1.1484359601859544,-0.9972928334588874,0.9013698630136986,iho_interior,2023-2025
climatology,30,2024,366,1.4482794250946878,1.6640817546308873,-1.4357465968105962,0.7103825136612022,iho_interior,2023-2025
climatology,30,2025,365,1.2195906652163153,1.4886055578365454,-1.0681091151825368,0.7342465753424657,iho_interior,2023-2025
persistence,30,2023,365,0.5721533527112987,0.6963188299166339,0.022599826446951254,0.9972602739726028,iho_interior,2023-2025
persistence,30,2024,366,0.8543657422717151,1.0877195310021486,-0.06622076034545898,0.9180327868852459,iho_interior,2023-2025
persistence,30,2025,365,0.8281587417811563,1.067970838745298,0.019027354619274402,0.9178082191780822,iho_interior,2023-2025
raw_persistence,30,2023,365,3.5414404594734923,3.8881538620485214,0.02259993925690651,0.9095890410958904,iho_interior,2023-2025
raw_persistence,30,2024,366,3.476810551731964,3.923585945715654,-0.06622076779603958,0.907103825136612,iho_interior,2023-2025
raw_persistence,30,2025,365,3.57936489680042,4.066502285607724,0.019027501344680786,0.7917808219178082,iho_interior,2023-2025
trend_seasonal,30,2023,365,0.5143744391955989,0.6492071320789649,0.1156642495030671,1.0,iho_interior,2023-2025
trend_seasonal,30,2024,366,0.7116329109257401,0.8950589281054283,-0.19198376873028924,0.9754098360655737,iho_interior,2023-2025
trend_seasonal,30,2025,365,0.8416490957104563,1.0453021103707922,0.3068996289776252,0.9616438356164384,iho_interior,2023-2025
ar_day,30,2023,365,0.6488452523747422,0.7993159445068092,-0.5692839285587245,0.9424657534246575,iho_interior,2023-2025
ar_day,30,2024,366,0.9782524219233207,1.2089514291975008,-0.8641026234318524,0.8169398907103825,iho_interior,2023-2025
ar_day,30,2025,365,0.8661440676251755,1.1018431504662114,-0.6124753454619996,0.8410958904109589,iho_interior,2023-2025
ar_harmonic,30,2023,365,0.6836225096694533,0.8917840611960715,-0.579825717425423,0.9123287671232877,iho_interior,2023-2025
ar_harmonic,30,2024,366,1.0348930686995084,1.2653331383730146,-0.8787027069370364,0.8469945355191257,iho_interior,2023-2025
ar_harmonic,30,2025,365,0.8592115189821848,1.0529232587799071,-0.6237546871120989,0.8684931506849315,iho_interior,2023-2025
ar_harmonic_trend,30,2023,365,0.5185226558677982,0.6716478940368813,0.09144272079300723,0.9835616438356164,iho_interior,2023-2025
ar_harmonic_trend,30,2024,366,0.6800045793496052,0.9037020205218262,-0.14548703109704397,0.9453551912568307,iho_interior,2023-2025
ar_harmonic_trend,30,2025,365,0.698230427452043,0.8907452232380135,0.21972222026914642,0.9726027397260274,iho_interior,2023-2025
ridge_harmonic_trend,30,2023,365,0.5073802356900418,0.6552221912581441,0.10113088090626582,0.989041095890411,iho_interior,2023-2025
ridge_harmonic_trend,30,2024,366,0.6765150457804523,0.8895617743497046,-0.1587349499658914,0.9453551912568307,iho_interior,2023-2025
ridge_harmonic_trend,30,2025,365,0.7358065706962793,0.930362633375241,0.24907260873298095,0.958904109589041,iho_interior,2023-2025
