pass,horizon_days,model,skill_ci_lower,skill_ci_upper,bootstrap_replicates_valid,bootstrap_block_days
ascending,1,raw_grid_persistence,-0.05027593565453064,-0.022655853554577235,1000,30
ascending,1,raw_grid_persistence,-0.05054232980583307,-0.017814927944638546,1000,60
ascending,1,ridge_harmonic_trend,-0.002631038125963042,0.009547407085063344,1000,30
ascending,1,ridge_harmonic_trend,-0.003286781181923709,0.008826385953224386,1000,60
ascending,7,ar_harmonic_trend,-0.03218327223570737,0.041474249006205006,1000,30
ascending,7,ar_harmonic_trend,-0.033446271140059006,0.03550361486178644,1000,60
ascending,7,raw_grid_persistence,-0.3379220647742613,-0.16622265910829842,1000,30
ascending,7,raw_grid_persistence,-0.34119893054692046,-0.14088202242324355,1000,60
ascending,30,ar_harmonic_trend,-0.030368815310115763,0.04761421202087484,1000,30
ascending,30,ar_harmonic_trend,-0.03438021659493252,0.04936228885177807,1000,60
ascending,30,raw_grid_persistence,-1.595913455072091,-0.8828835415655912,1000,30
ascending,30,raw_grid_persistence,-1.6179701460760076,-0.7871099645931108,1000,60
descending,1,raw_grid_persistence,-0.033468420792635886,-0.005183514764940936,1000,30
descending,1,raw_grid_persistence,-0.036989725675144455,-0.0013871705261751673,1000,60
descending,1,ridge_harmonic_trend,-0.0001544524941099412,0.007353552032095922,1000,30
descending,1,ridge_harmonic_trend,0.00028541073870346216,0.007211725436259991,1000,60
descending,7,ar_harmonic_trend,-0.010854044775334332,0.03012396934207289,1000,30
descending,7,ar_harmonic_trend,-0.006602842830748135,0.023883064755365967,1000,60
descending,7,raw_grid_persistence,-0.26010857398173376,-0.04496788346576963,1000,30
descending,7,raw_grid_persistence,-0.27607196020979874,-0.025918750528863502,1000,60
descending,30,ar_harmonic_trend,-0.02419447117602262,0.033237192815292194,1000,30
descending,30,ar_harmonic_trend,-0.021660713720308127,0.03393862514679752,1000,60
descending,30,raw_grid_persistence,-1.3786703243078873,-0.533850608842301,1000,30
descending,30,raw_grid_persistence,-1.4440992584678727,-0.4074018897116572,1000,60
