date,pass,valid_cells,fixed_ocean_cells,valid_weight_fraction
2026-01-01,ascending,188,651,0.29287835464051565
2026-01-01,descending,257,651,0.39821662307574895
2026-01-02,ascending,297,651,0.46087949626638275
2026-01-02,descending,298,651,0.46267243226754373
2026-01-03,ascending,313,651,0.4866031364230303
2026-01-03,descending,291,651,0.4533104527814565
2026-01-04,ascending,221,651,0.3427664139274853
2026-01-04,descending,287,651,0.4451523663087499
2026-01-05,ascending,303,651,0.4712135824195011
2026-01-05,descending,100,651,0.15649035340705336
2026-01-06,ascending,13,651,0.019966320707104104
2026-01-06,descending,272,651,0.4233201563422114
2026-01-07,ascending,300,651,0.4664269649669385
2026-01-07,descending,18,651,0.02687377199228263
2026-01-08,ascending,85,651,0.13240235315740337
2026-01-08,descending,300,651,0.4662619579166477
2026-01-09,ascending,313,651,0.4865413634424221
2026-01-09,descending,138,651,0.2140559034511846
2026-01-10,ascending,170,651,0.2626314504296934
2026-01-10,descending,281,651,0.43639045910617524
2026-01-11,ascending,230,651,0.3543770224038289
2026-01-11,descending,312,651,0.4850454561733492
2026-01-12,ascending,304,651,0.47288565101027535
2026-01-12,descending,234,651,0.3642040107287369
2026-01-13,ascending,141,651,0.21722018815652738
2026-01-13,descending,315,651,0.48982539474205605
2026-01-14,ascending,306,651,0.4759649434793798
2026-01-14,descending,24,651,0.036459209438751236
2026-01-15,ascending,12,651,0.018248462157497956
2026-01-15,descending,309,651,0.48018522622781584
2026-01-16,ascending,297,651,0.46259748377188575
2026-01-16,descending,54,651,0.08359753929133619
2026-01-17,ascending,181,651,0.282149244658865
2026-01-17,descending,297,651,0.4627297715779298
2026-01-18,ascending,302,651,0.46993571193897465
2026-01-18,descending,102,651,0.15765363800220109
2026-01-19,ascending,225,651,0.34672120026340214
2026-01-19,descending,222,651,0.3453852008710914
2026-01-20,ascending,208,651,0.3219729996995272
2026-01-20,descending,242,651,0.37445170064395406
2026-01-21,ascending,292,651,0.45357737998368086
2026-01-21,descending,85,651,0.13246210559330085
2026-01-22,ascending,13,651,0.02001108958392214
2026-01-22,descending,294,651,0.4575315844584448
2026-01-23,ascending,312,651,0.4849659180639912
2026-01-23,descending,17,651,0.025386899506236422
2026-01-24,ascending,84,651,0.13082043692189702
2026-01-24,descending,306,651,0.4756627862628535
2026-01-25,ascending,314,651,0.48810045807514374
2026-01-25,descending,161,651,0.24729589256651552
2026-01-26,ascending,236,651,0.3643778507960506
2026-01-26,descending,208,651,0.3206724413774952
2026-01-27,ascending,310,651,0.48152195673913917
2026-01-27,descending,313,651,0.48661702428378073
2026-01-28,ascending,315,651,0.4895729369854805
2026-01-28,descending,210,651,0.32720142606733843
2026-01-29,ascending,140,651,0.2155708186578476
2026-01-29,descending,294,651,0.4581207928275958
2026-01-30,ascending,308,651,0.47865230781059875
2026-01-30,descending,26,651,0.039655716388738174
2026-01-31,ascending,12,651,0.018248462157497956
2026-01-31,descending,296,651,0.4599854150128796
2026-02-01,ascending,300,651,0.46633134950709315
2026-02-01,descending,73,651,0.11202924415119452
2026-02-02,ascending,181,651,0.28216989674544307
2026-02-02,descending,311,651,0.48349376665147614
2026-02-03,ascending,304,651,0.4726648838750118
2026-02-03,descending,296,651,0.45939809253935676
2026-02-04,ascending,311,651,0.48350374482902386
2026-02-04,descending,293,651,0.45647323424481884
2026-02-05,ascending,225,651,0.34909422645032284
2026-02-05,descending,43,651,0.06757166178665776
2026-02-06,ascending,283,651,0.43897220096689726
2026-02-06,descending,99,651,0.15491735039845791
2026-02-07,ascending,8,651,0.012260572762167238
2026-02-07,descending,135,651,0.20967313101621546
2026-02-08,ascending,259,651,0.4008625500505794
2026-02-08,descending,17,651,0.025386899506236422
2026-02-09,ascending,86,651,0.1339742413375101
2026-02-09,descending,294,651,0.4566976743981391
2026-02-10,ascending,214,651,0.3317855181648906
2026-02-10,descending,193,651,0.29860701646623367
2026-02-11,ascending,305,651,0.47413664477121903
2026-02-11,descending,307,651,0.4775238078917163
2026-02-12,ascending,310,651,0.481298360305813
2026-02-12,descending,318,651,0.49444240574497983
2026-02-13,ascending,313,651,0.48652288487846623
2026-02-13,descending,227,651,0.3533818499267969
2026-02-14,ascending,134,651,0.20612474657089738
2026-02-14,descending,309,651,0.48046465137442596
2026-02-15,ascending,302,651,0.4696881204787746
2026-02-15,descending,24,651,0.03651034597314501
2026-02-16,ascending,15,651,0.022811197359755793
2026-02-16,descending,279,651,0.4325098055177408
2026-02-17,ascending,311,651,0.4834380897784921
2026-02-17,descending,76,651,0.11682855004026482
2026-02-18,ascending,191,651,0.29772967023039004
2026-02-18,descending,309,651,0.4803313112652424
2026-02-19,ascending,313,651,0.48654418346543243
2026-02-19,descending,297,651,0.46104949170446347
2026-02-20,ascending,314,651,0.4880824540590788
2026-02-20,descending,291,651,0.4533350354917987
2026-02-21,ascending,222,651,0.34426378389797146
2026-02-21,descending,316,651,0.4910977631824213
2026-02-22,ascending,310,651,0.48194071129377825
2026-02-22,descending,94,651,0.14678939874819044
2026-02-23,ascending,11,651,0.016865083757814626
2026-02-23,descending,218,651,0.3361566681247458
2026-02-24,ascending,240,651,0.370959660189636
2026-02-24,descending,18,651,0.026857983253659908
2026-02-25,ascending,84,651,0.13091548067135717
2026-02-25,descending,310,651,0.48203639331160014
2026-02-26,ascending,212,651,0.32806834640546817
2026-02-26,descending,197,651,0.30437451720496084
2026-02-27,ascending,295,651,0.4585057479941121
2026-02-27,descending,306,651,0.47593237038117375
2026-02-28,ascending,308,651,0.4784189073858785
2026-02-28,descending,302,651,0.46937780460210987
2026-03-01,ascending,236,651,0.36435924584232515
2026-03-01,descending,94,651,0.1435044123464751
2026-03-02,ascending,5,651,0.007579870456138816
2026-03-02,descending,178,651,0.27533981418316106
2026-03-03,ascending,239,651,0.3700997105209059
2026-03-03,descending,26,651,0.03973203836365429
2026-03-04,ascending,9,651,0.013536021104858329
2026-03-04,descending,297,651,0.462245464293874
2026-03-05,ascending,160,651,0.24698107641957445
2026-03-05,descending,64,651,0.09808289129904743
2026-03-06,ascending,175,651,0.27314294280043433
2026-03-06,descending,298,651,0.46386351960091887
2026-03-07,ascending,310,651,0.48196559156501007
2026-03-07,descending,287,651,0.44554929511353963
2026-03-08,ascending,312,651,0.4849302252108123
2026-03-08,descending,269,651,0.41962748025967817
2026-03-09,ascending,224,651,0.34753240666233154
2026-03-09,descending,311,651,0.48349900118964223
2026-03-10,ascending,300,651,0.4664531443602037
2026-03-10,descending,114,651,0.17833308243217866
2026-03-11,ascending,16,651,0.02463069924828408
2026-03-11,descending,311,651,0.48347823447948934
2026-03-12,ascending,313,651,0.4865475982738969
2026-03-12,descending,17,651,0.025386899506236422
2026-03-13,ascending,79,651,0.12307317257460144
2026-03-13,descending,286,651,0.4460145586883358
2026-03-14,ascending,308,651,0.47903202625503105
2026-03-14,descending,191,651,0.2950693780766836
2026-03-15,ascending,279,651,0.43346325707223526
2026-03-15,descending,309,651,0.4804938777947504
2026-03-16,ascending,309,651,0.48007898018312706
2026-03-16,descending,314,651,0.4881737468783641
2026-03-17,ascending,316,651,0.4911923989571678
2026-03-17,descending,68,651,0.10320622409609512
2026-03-18,ascending,144,651,0.22186639527011556
2026-03-18,descending,308,651,0.478885022976859
2026-03-19,ascending,312,651,0.48502054935497946
2026-03-19,descending,26,651,0.03996827308972508
2026-03-20,ascending,9,651,0.013621561224661754
2026-03-20,descending,309,651,0.4803028879417574
2026-03-21,ascending,310,651,0.4819363651446856
2026-03-21,descending,68,651,0.10427918631146192
2026-03-22,ascending,176,651,0.27457176434926134
2026-03-22,descending,311,651,0.4834187240161127
2026-03-23,ascending,300,651,0.46638800062886054
2026-03-23,descending,287,651,0.44552381646350914
2026-03-24,ascending,273,651,0.4229484859035024
2026-03-24,descending,258,651,0.400605597211979
2026-03-25,ascending,225,651,0.3491636224329837
2026-03-25,descending,310,651,0.48184593075165316
2026-03-26,ascending,312,651,0.4850120896448079
2026-03-26,descending,113,651,0.1768007599805484
2026-03-27,ascending,22,651,0.033583455025989084
2026-03-27,descending,308,651,0.4790027934957854
2026-03-28,ascending,305,651,0.4741311651364433
2026-03-28,descending,17,651,0.025386899506236422
2026-03-29,ascending,62,651,0.09656927414671299
2026-03-29,descending,269,651,0.41867620580174686
2026-03-30,ascending,138,651,0.21057098047035933
2026-03-30,descending,195,651,0.3012216017871264
2026-03-31,ascending,279,651,0.4340467132368247
2026-03-31,descending,299,651,0.4652893045101371
2026-04-01,ascending,261,651,0.40595020232406276
2026-04-01,descending,312,651,0.4851587896567335
2026-04-02,ascending,297,651,0.4619245279973856
2026-04-02,descending,235,651,0.36586595011276085
2026-04-03,ascending,142,651,0.21874005961476894
2026-04-03,descending,113,651,0.1750497022401353
2026-04-04,ascending,313,651,0.486487696047421
2026-04-04,descending,26,651,0.03973203836365429
2026-04-05,ascending,11,651,0.016761589671451745
2026-04-05,descending,285,651,0.44330895065521625
2026-04-06,ascending,312,651,0.48509147162560523
2026-04-06,descending,72,651,0.11055649271942078
2026-04-07,ascending,179,651,0.27920855258423305
2026-04-07,descending,308,651,0.4787181376239454
2026-04-08,ascending,306,651,0.4757802501448592
2026-04-08,descending,75,651,0.11397869661713653
2026-04-09,ascending,75,651,0.11701850069970425
2026-04-09,descending,249,651,0.3888068498132396
2026-04-10,ascending,221,651,0.34308329582566927
2026-04-10,descending,314,651,0.4881747357075052
2026-04-11,ascending,311,651,0.48360226507457726
2026-04-11,descending,105,651,0.16425378407748922
2026-04-12,ascending,15,651,0.02308751306275894
2026-04-12,descending,301,651,0.4675547715492788
2026-04-13,ascending,306,651,0.47542160169754855
2026-04-13,descending,17,651,0.025386899506236422
2026-04-14,ascending,84,651,0.13090603718632826
2026-04-14,descending,311,651,0.4834071673328797
2026-04-15,ascending,306,651,0.47578858110694466
2026-04-15,descending,189,651,0.2920127603624627
2026-04-16,ascending,289,651,0.4492406738399057
2026-04-16,descending,182,651,0.28176700573892277
2026-04-17,ascending,260,651,0.40313872039695936
2026-04-17,descending,314,651,0.4879904441370716
2026-04-18,ascending,288,651,0.4467785119426654
2026-04-18,descending,173,651,0.2674067914843685
2026-04-19,ascending,127,651,0.19493247691450677
2026-04-19,descending,283,651,0.44099145829472686
2026-04-20,ascending,272,651,0.4222790341035172
2026-04-20,descending,25,651,0.03804760407799243
2026-04-21,ascending,13,651,0.01975103815838444
2026-04-21,descending,156,651,0.23875501938019858
2026-04-22,ascending,221,651,0.340655590606631
2026-04-22,descending,73,651,0.11204494766603479
2026-04-23,ascending,187,651,0.29155827161816716
2026-04-23,descending,313,651,0.48651004145322924
2026-04-24,ascending,306,651,0.4756647498920171
2026-04-24,descending,296,651,0.4594529842649528
2026-04-25,ascending,310,651,0.48195542138959896
2026-04-25,descending,295,651,0.45948888723670345
2026-04-26,ascending,221,651,0.34275603047356584
2026-04-26,descending,309,651,0.48037176991348224
2026-04-27,ascending,245,651,0.3834174335893646
2026-04-27,descending,104,651,0.16271053885000342
2026-04-28,ascending,9,651,0.013783685832871085
2026-04-28,descending,302,651,0.4695871258544209
2026-04-29,ascending,313,651,0.4865937687013585
2026-04-29,descending,17,651,0.025386899506236422
2026-04-30,ascending,85,651,0.1324926601056466
2026-04-30,descending,307,651,0.4771440720616607
2026-05-01,ascending,312,651,0.48503625691554847
2026-05-01,descending,201,651,0.3106415058205389
2026-05-02,ascending,237,651,0.3676377419151299
2026-05-02,descending,74,651,0.11420182195036477
2026-05-03,ascending,207,651,0.32406057717955805
2026-05-03,descending,313,651,0.48655804742359315
2026-05-04,ascending,313,651,0.4865026488107265
2026-05-04,descending,229,651,0.3564139056460874
2026-05-05,ascending,137,651,0.21087374404410372
2026-05-05,descending,299,651,0.46487449309872775
2026-05-06,ascending,313,651,0.48651966538801605
2026-05-06,descending,25,651,0.03804760407799243
2026-05-07,ascending,13,651,0.01966637214805652
2026-05-07,descending,307,651,0.47700753952641833
2026-05-08,ascending,299,651,0.46531520816228017
2026-05-08,descending,75,651,0.11515929163829222
2026-05-09,ascending,185,651,0.2885528542790822
2026-05-09,descending,299,651,0.4647520183731135
2026-05-10,ascending,312,651,0.4850061477210214
2026-05-10,descending,278,651,0.4324733848753918
2026-05-11,ascending,277,651,0.4313504487790157
2026-05-11,descending,230,651,0.358286687013773
2026-05-12,ascending,221,651,0.3428694444885457
2026-05-12,descending,310,651,0.48189024200867747
2026-05-13,ascending,292,651,0.45504496329985294
2026-05-13,descending,106,651,0.16580081872600502
2026-05-14,ascending,15,651,0.02308751306275894
2026-05-14,descending,304,651,0.47250002800027646
2026-05-15,ascending,303,651,0.4713775207419241
2026-05-15,descending,18,651,0.0268684807380999
2026-05-16,ascending,84,651,0.13081023007583553
2026-05-16,descending,297,651,0.46162900201813706
2026-05-17,ascending,315,651,0.4895955310500769
2026-05-17,descending,191,651,0.2953631497707577
2026-05-18,ascending,275,651,0.4286865675201678
2026-05-18,descending,216,651,0.3373127524752233
2026-05-19,ascending,140,651,0.21791755939401153
2026-05-19,descending,21,651,0.0313291266043463
2026-05-20,ascending,43,651,0.06756769794487417
2026-05-20,descending,172,651,0.26938750957111285
2026-05-21,ascending,137,651,0.2110591839967429
2026-05-21,descending,295,651,0.4582576294649096
2026-05-22,ascending,296,651,0.46060669952030103
2026-05-22,descending,26,651,0.03973203836365429
2026-05-23,ascending,11,651,0.016761589671451745
2026-05-23,descending,309,651,0.48045093114503196
2026-05-24,ascending,283,651,0.43891532349206025
2026-05-24,descending,51,651,0.07775838068238969
2026-05-25,ascending,100,651,0.15719538847153483
2026-05-25,descending,113,651,0.176035971380337
2026-05-26,ascending,18,651,0.028362089445599713
2026-05-26,descending,25,651,0.03911245517598437
2026-05-27,ascending,147,651,0.22982638936061964
2026-05-27,descending,114,651,0.17750442333879207
2026-05-28,ascending,220,651,0.34123186643362297
2026-05-28,descending,312,651,0.4851026605507786
2026-05-29,ascending,309,651,0.4805214784345577
2026-05-29,descending,110,651,0.17206988253455247
2026-05-30,ascending,16,651,0.02463069924828408
2026-05-30,descending,306,651,0.4759866317973609
2026-05-31,ascending,310,651,0.48185962938339105
2026-05-31,descending,16,651,0.023910609528555667
2026-06-01,ascending,79,651,0.12314382637316651
2026-06-01,descending,224,651,0.34622833191946795
2026-06-02,ascending,203,651,0.31279954355517714
2026-06-02,descending,162,651,0.2505040686226141
2026-06-03,ascending,278,651,0.4324500106609453
2026-06-03,descending,229,651,0.35530419675322084
2026-06-04,ascending,259,651,0.40451350217094045
2026-06-04,descending,309,651,0.4805086017176172
2026-06-05,ascending,307,651,0.47760688504070525
2026-06-05,descending,239,651,0.37206309574101454
2026-06-06,ascending,107,651,0.16591585779214604
2026-06-06,descending,226,651,0.3536243933202827
2026-06-07,ascending,232,651,0.36150049097535897
2026-06-07,descending,18,651,0.027285416481744273
2026-06-08,ascending,8,651,0.012209702965871207
2026-06-08,descending,284,651,0.44273151576358677
2026-06-09,ascending,290,651,0.4518377819834986
2026-06-09,descending,59,651,0.09080854693619118
2026-06-10,ascending,167,651,0.2607834104834275
2026-06-10,descending,301,651,0.46826500602182736
2026-06-11,ascending,293,651,0.45453273018083123
2026-06-11,descending,284,651,0.44102348417437726
2026-06-12,ascending,311,651,0.483615707530384
2026-06-12,descending,284,651,0.4424869184779772
2026-06-13,ascending,224,651,0.3475817061974773
2026-06-13,descending,259,651,0.40247088155269145
2026-06-14,ascending,195,651,0.30099533480951424
2026-06-14,descending,97,651,0.1513421087760156
2026-06-15,ascending,22,651,0.033583455025989084
2026-06-15,descending,294,651,0.4571084124185612
2026-06-16,ascending,279,651,0.4329252173351177
2026-06-16,descending,12,651,0.01795785663809695
2026-06-17,ascending,80,651,0.1246359618054866
2026-06-17,descending,278,651,0.43161432786044457
2026-06-18,ascending,311,651,0.48342677904296677
2026-06-18,descending,166,651,0.25521566373289034
2026-06-19,ascending,68,651,0.10274873979208834
2026-06-19,descending,78,651,0.12198169162166742
2026-06-20,ascending,244,651,0.3816029104515012
2026-06-20,descending,309,651,0.480334664449614
2026-06-21,ascending,291,651,0.4521291695004592
2026-06-21,descending,126,651,0.19347134491119358
2026-06-22,ascending,115,651,0.17602794418793175
2026-06-22,descending,259,651,0.4003262328834265
2026-06-23,ascending,282,651,0.43707765847478164
2026-06-23,descending,23,651,0.034783345570722775
2026-06-24,ascending,7,651,0.010782578865839164
2026-06-24,descending,297,651,0.46205443289989695
2026-06-25,ascending,281,651,0.43839200437193343
2026-06-25,descending,69,651,0.10578995826213893
2026-06-26,ascending,179,651,0.27914002664212917
2026-06-26,descending,314,651,0.4881596154523689
2026-06-27,ascending,311,651,0.4834733188876106
2026-06-27,descending,289,651,0.44853122908318127
2026-06-28,ascending,313,651,0.48643397251913667
2026-06-28,descending,289,651,0.45017477142399376
2026-06-29,ascending,221,651,0.3428848041348439
2026-06-29,descending,296,651,0.46054609772146476
2026-06-30,ascending,252,651,0.39105780554818037
2026-06-30,descending,51,651,0.07870862575615012
2026-07-01,ascending,15,651,0.02308751306275894
2026-07-01,descending,244,651,0.381813318826046
2026-07-02,ascending,306,651,0.47585442910604253
2026-07-02,descending,16,651,0.023900027020190208
2026-07-03,ascending,28,651,0.04242326083619041
2026-07-03,descending,143,651,0.21921348646167366
2026-07-04,ascending,245,651,0.37927400837929526
2026-07-04,descending,157,651,0.24334671165203406
2026-07-05,ascending,260,651,0.4037605463305297
2026-07-05,descending,196,651,0.30412291946709963
2026-07-06,ascending,299,651,0.46475807392775326
2026-07-06,descending,136,651,0.21356718723683857
2026-07-07,ascending,166,651,0.2602868005424059
2026-07-07,descending,88,651,0.13737310607518133
2026-07-08,ascending,113,651,0.1732528852094623
2026-07-08,descending,177,651,0.2719780614046546
2026-07-09,ascending,198,651,0.3086505428176477
2026-07-09,descending,6,651,0.0095895208499608
2026-07-10,ascending,12,651,0.018324378902336888
2026-07-10,descending,277,651,0.4305643056994796
2026-07-11,ascending,309,651,0.48049724367541685
2026-07-11,descending,61,651,0.09327938133930892
2026-07-12,ascending,171,651,0.26700594491260254
2026-07-12,descending,161,651,0.25067039464549246
2026-07-13,ascending,288,651,0.44873616488059587
2026-07-13,descending,117,651,0.18454167743040892
2026-07-14,ascending,96,651,0.15096929512009896
2026-07-14,descending,235,651,0.3666963667817817
2026-07-15,ascending,213,651,0.33036036208447095
2026-07-15,descending,159,651,0.24620480816998525
2026-07-16,ascending,121,651,0.18674503098175405
2026-07-16,descending,50,651,0.07866794793985792
2026-07-17,ascending,7,651,0.010722361022748837
2026-07-17,descending,102,651,0.15773350370432151
2026-07-18,ascending,263,651,0.4076146865698082
2026-07-18,descending,9,651,0.01348147874924445
2026-07-19,ascending,53,651,0.08174232459409822
2026-07-19,descending,92,651,0.1416943877279825
2026-07-20,ascending,76,651,0.11736915823139883
2026-07-20,descending,35,651,0.052757013225003375
2026-07-21,ascending,244,651,0.37777073272746364
2026-07-21,descending,205,651,0.31722982653525933
2026-07-22,ascending,188,651,0.2918345651616365
2026-07-22,descending,176,651,0.2747205558575436
2026-07-23,ascending,230,651,0.35815706845743284
2026-07-23,descending,185,651,0.2897116152638024
2026-07-24,ascending,115,651,0.17809327748343143
2026-07-24,descending,253,651,0.39445755630439994
2026-07-25,ascending,309,651,0.4804594168362598
2026-07-25,descending,12,651,0.01896502926007112
2026-07-26,ascending,10,651,0.015193973830511383
2026-07-26,descending,247,651,0.38503195375786103
2026-07-27,ascending,284,651,0.44232271946528867
2026-07-27,descending,66,651,0.10105425401492397
2026-07-28,ascending,167,651,0.260531343263129
2026-07-28,descending,307,651,0.4774732616537818
2026-07-29,ascending,304,651,0.4726698355041538
2026-07-29,descending,276,651,0.4284366442757996
2026-07-30,ascending,316,651,0.4911235891868469
2026-07-30,descending,284,651,0.44233336766222253
2026-07-31,ascending,227,651,0.35229304294805436
2026-07-31,descending,310,651,0.48176108101833837
2026-08-01,ascending,314,651,0.48825643097114824
2026-08-01,descending,113,651,0.1767274826414956
2026-08-02,ascending,24,651,0.036724192518144544
2026-08-02,descending,283,651,0.44009059126228517
2026-08-03,ascending,313,651,0.4865591407478318
2026-08-03,descending,18,651,0.026879034938556506
2026-08-04,ascending,79,651,0.12307317257460144
2026-08-04,descending,295,651,0.4585279145332289
2026-08-05,ascending,305,651,0.4741999419558809
2026-08-05,descending,176,651,0.27183552779861425
2026-08-06,ascending,287,651,0.44585662333586223
2026-08-06,descending,297,651,0.46229874923157177
2026-08-07,ascending,312,651,0.48464687981987703
2026-08-07,descending,310,651,0.4820852029507783
2026-08-08,ascending,295,651,0.45815239265150337
2026-08-08,descending,194,651,0.3011119372698512
2026-08-09,ascending,138,651,0.21201527484871047
2026-08-09,descending,195,651,0.3003516796511081
2026-08-10,ascending,216,651,0.3333885379430686
2026-08-10,descending,28,651,0.043018573747073775
2026-08-11,ascending,9,651,0.013621561224661754
2026-08-11,descending,298,651,0.4629629627966252
2026-08-12,ascending,305,651,0.47414111683117366
2026-08-12,descending,20,651,0.030548072578183382
2026-08-13,ascending,150,651,0.23457661831673984
2026-08-13,descending,259,651,0.40152586045576516
2026-08-14,ascending,206,651,0.31858026686608704
2026-08-14,descending,82,651,0.12515077852533762
2026-08-15,ascending,149,651,0.23010438386862317
2026-08-15,descending,159,651,0.24905370679056052
2026-08-16,ascending,169,651,0.26234187597817615
2026-08-16,descending,194,651,0.3032078408951761
2026-08-17,ascending,254,651,0.3946257283446982
2026-08-17,descending,110,651,0.17220572198701506
2026-08-18,ascending,28,651,0.04283686376975793
2026-08-18,descending,234,651,0.364324982719656
2026-08-19,ascending,257,651,0.39921165269729547
2026-08-19,descending,17,651,0.025386899506236422
2026-08-20,ascending,52,651,0.08063625092990732
2026-08-20,descending,103,651,0.15930561420422884
2026-08-21,ascending,81,651,0.12481242659776468
2026-08-21,descending,60,651,0.09350139714744747
2026-08-22,ascending,183,651,0.28387414007983014
2026-08-22,descending,240,651,0.37558324626226536
2026-08-23,ascending,299,651,0.4650831263216002
2026-08-23,descending,286,651,0.4453709294848078
2026-08-24,ascending,276,651,0.4312035104456273
2026-08-24,descending,220,651,0.34350558339499193
2026-08-25,ascending,144,651,0.22197102082564546
2026-08-25,descending,266,651,0.4148922493087037
2026-08-26,ascending,264,651,0.4124942054891009
2026-08-26,descending,27,651,0.04156445102404709
2026-08-27,ascending,9,651,0.013621561224661754
2026-08-27,descending,220,651,0.341093975121597
2026-08-28,ascending,199,651,0.31175262691274114
2026-08-28,descending,20,651,0.03130729812385998
2026-08-29,ascending,71,651,0.11037443592566462
2026-08-29,descending,108,651,0.1670759394286782
2026-08-30,ascending,84,651,0.12784393265654653
2026-08-30,descending,66,651,0.10021354668460987
2026-08-31,ascending,98,651,0.1505871376493428
2026-08-31,descending,138,651,0.21339380311057227
