pass,horizon_days,model,n_days,n_cell_day_pairs,rmse,mae,bias_celsius,rmse_skill_vs_persistence
ascending,1,persistence,215,49079,1.8543220167123402,1.2227377157102113,-0.880743531254204,0.0
ascending,1,raw_grid_persistence,215,49079,1.9237094544238238,1.2946213671888303,-0.9491486912726709,-0.03741930316639697
ascending,1,ridge_harmonic_trend,215,49079,1.8456748807639363,1.214307403872777,-0.8664851323755545,0.004663233176584458
ascending,7,ar_harmonic_trend,215,49079,2.0174103628894966,1.3373344601949941,-0.8523761938809441,0.009539623384406504
ascending,7,persistence,215,49079,2.0368410594909356,1.352019063747616,-0.9228901273919822,0.0
ascending,7,raw_grid_persistence,215,49079,2.571099255391688,1.8766524489158847,-1.3993780645798775,-0.26229744015189804
ascending,30,ar_harmonic_trend,215,49079,2.1395780463212764,1.5008695859967838,-0.6484583783873101,0.013394781942132505
ascending,30,persistence,215,49079,2.168626323032262,1.4982818325199454,-0.9047612059400464,0.0
ascending,30,raw_grid_persistence,215,49079,4.94985001533376,4.19143155048622,-2.839528012581545,-1.2824817548154988
descending,1,persistence,225,46393,2.118857289983598,1.2329246258123026,-0.7185929303210898,0.0
descending,1,raw_grid_persistence,225,46393,2.163466916039647,1.2847897433089255,-0.7853378749944662,-0.021053624643306845
descending,1,ridge_harmonic_trend,225,46393,2.1107575163082974,1.2221840149867031,-0.7049158015271931,0.003822708454028545
descending,7,ar_harmonic_trend,225,46393,2.2264123832890728,1.3745233771388312,-0.6617011066471034,0.011395059099882698
descending,7,persistence,225,46393,2.252074909985723,1.3990369795589566,-0.7334377706691017,0.0
descending,7,raw_grid_persistence,225,46393,2.6271802567719225,1.7916698033944929,-1.2009871208569258,-0.16655988889311746
descending,30,ar_harmonic_trend,225,46393,2.3532912466792655,1.5675139041131756,-0.48127488757865333,0.006689603594121407
descending,30,persistence,225,46393,2.3691398531559136,1.5535995917030192,-0.7407676001536057,0.0
descending,30,raw_grid_persistence,225,46393,4.75765713453689,3.921046621266108,-2.628661458901859,-1.0081790985024588
