model,order,alpha,eligible,selection_rmse,leaf,max_features,selection_days
eof_var_ridge,1.0,0.0001,True,0.8553151377976462,,,731
eof_var_ridge,1.0,0.001,True,0.8556955591937112,,,731
eof_var_ridge,1.0,0.01,True,0.86050850926496,,,731
eof_var_ridge,1.0,0.1,True,0.9477764947203748,,,731
eof_var_ridge,3.0,0.0001,True,0.8674658399043552,,,731
eof_var_ridge,3.0,0.001,True,0.8679291400483548,,,731
eof_var_ridge,3.0,0.01,True,0.870911814921761,,,731
eof_var_ridge,3.0,0.1,True,0.8839980404457198,,,731
eof_var_ridge,7.0,0.0001,True,0.8601443824741553,,,731
eof_var_ridge,7.0,0.001,True,0.8603087300248107,,,731
eof_var_ridge,7.0,0.01,True,0.8618566286806817,,,731
eof_var_ridge,7.0,0.1,True,0.8708674586580263,,,731
eof_extra_trees,,,True,0.8331415267450445,5.0,0.5,731
eof_extra_trees,,,True,0.8344513801886031,5.0,1.0,731
eof_extra_trees,,,True,0.836320475003199,20.0,0.5,731
eof_extra_trees,,,True,0.8365301502123776,20.0,1.0,731
eof_extra_trees,,,True,0.8414905065188641,50.0,0.5,731
eof_extra_trees,,,True,0.842082775337344,50.0,1.0,731
